8
50 -909.66 -2724.91 -0.10 0.84
39 2593.00 -581.21 2606.82 -588.89 2585.85 -584.53 2582.60 -582.20 2587.47 -587.25 2585.77 -588.63 2585.50 -588.79 2588.51 -609.01 2584.39 -594.58 2581.00 -581.00 2576.98 -593.36 2573.00 -594.86 2573.50 -589.04 2564.65 -595.72 2563.13 -595.47 2570.62 -588.82 2555.63 -590.23 2558.09 -583.00 2565.00 -580.72 2565.41 -572.00 2574.45 -576.41 2571.42 -573.78 2571.82 -567.89 2568.39 -558.26 2578.08 -571.44 2580.17 -578.12 2579.75 -573.10 2580.98 -580.00 2581.24 -567.00 2583.70 -569.31 2583.66 -570.33 2595.16 -559.19 2586.25 -574.96 2585.77 -575.88 2589.90 -574.53 2602.38 -570.10 2591.34 -577.24 2607.74 -577.24 2591.98 -580.42 
11 1608.92 2950.80 1576.47 2930.03 1568.47 2945.80 1564.06 2946.23 1571.34 2963.78 1565.61 2954.34 1573.02 2972.31 1565.29 2977.16 1548.79 2990.35 1555.12 3007.86 1580.74 2973.75 
11 1920.77 4701.71 1917.47 4697.95 1914.03 4705.18 1909.61 4701.88 1910.43 4706.45 1913.00 4708.00 1903.73 4704.25 1907.06 4708.84 1907.23 4709.65 1913.76 4711.93 1919.99 4708.37 
6 2299.98 -3112.98 2285.42 -3131.90 2275.29 -3118.18 2266.61 -3114.63 2279.01 -3097.62 2274.83 -3109.17 
27 898.00 3741.00 919.03 3725.72 904.36 3734.64 898.67 3740.26 911.12 3725.91 907.12 3714.53 897.69 3732.01 891.94 3719.85 892.19 3725.03 891.75 3726.27 891.90 3727.30 886.00 3741.00 888.05 3742.05 891.13 3742.34 878.77 3746.51 886.86 3747.70 887.18 3776.38 897.69 3746.99 897.48 3771.00 898.03 3743.00 902.31 3771.70 900.78 3756.76 901.58 3753.50 911.28 3772.30 919.41 3764.78 912.89 3742.83 908.99 3741.38 
41 5010.93 -3747.36 5013.71 -3749.05 5011.16 -3750.79 5006.16 -3749.80 5020.07 -3757.74 5004.78 -3750.24 4998.72 -3746.69 5004.50 -3757.26 5005.18 -3761.41 5000.85 -3752.39 5002.10 -3757.28 5000.85 -3756.63 4996.66 -3756.92 4995.40 -3760.77 4991.38 -3769.07 4993.93 -3755.14 4992.26 -3754.19 4995.67 -3747.89 4984.42 -3756.23 4997.18 -3746.57 4981.22 -3754.92 4990.53 -3748.87 4998.00 -3746.00 4978.11 -3743.91 4990.21 -3744.20 4975.72 -3734.65 4993.41 -3739.45 4997.12 -3744.20 4996.78 -3743.26 4991.81 -3728.04 4996.19 -3739.24 4995.81 -3732.17 4998.00 -3725.00 4998.96 -3735.04 4999.17 -3742.17 5004.25 -3731.27 5000.85 -3739.61 5002.24 -3741.76 5009.98 -3736.97 5000.70 -3744.68 5006.00 -3746.00 
17 -1090.38 2067.55 -1081.83 2053.63 -1097.08 2030.21 -1094.81 2056.13 -1106.26 2034.46 -1100.18 2053.59 -1119.60 2040.48 -1106.99 2057.67 -1099.47 2064.30 -1114.88 2066.70 -1098.98 2068.48 -1093.00 2069.00 -1097.75 2107.71 -1087.99 2100.61 -1087.93 2079.88 -1057.27 2073.39 -1074.05 2070.33 
20 -3398.22 2885.80 -3386.02 2874.15 -3404.68 2875.78 -3412.76 2875.29 -3411.28 2868.15 -3416.03 2872.74 -3412.18 2858.24 -3419.47 2878.11 -3420.83 2884.00 -3424.36 2876.44 -3435.37 2858.19 -3428.63 2884.23 -3444.07 2882.38 -3449.56 2894.04 -3425.89 2890.04 -3452.49 2906.45 -3442.55 2908.40 -3435.98 2918.40 -3416.53 2899.05 -3390.14 2907.54 
12 -4634.26 -2356.75 -4640.84 -2362.96 -4642.25 -2360.56 -4641.77 -2355.94 -4642.00 -2355.03 -4641.84 -2354.22 -4648.83 -2350.31 -4646.25 -2348.53 -4638.35 -2349.23 -4636.63 -2346.66 -4638.44 -2351.32 -4636.85 -2352.54 
15 -3680.00 -109.00 -3678.97 -110.71 -3679.81 -109.98 -3680.52 -114.98 -3682.03 -113.57 -3686.22 -114.03 -3688.29 -114.59 -3683.53 -110.88 -3692.29 -113.23 -3695.59 -112.60 -3692.36 -104.98 -3692.36 -102.43 -3680.00 -109.00 -3679.53 -108.12 -3680.00 -109.00 
42 -3958.94 -3261.50 -3960.34 -3261.78 -3959.34 -3263.66 -3960.23 -3263.12 -3965.00 -3258.00 -3964.22 -3262.94 -3964.58 -3263.99 -3965.05 -3261.00 -3965.28 -3266.00 -3965.76 -3261.93 -3965.81 -3259.83 -3966.45 -3260.62 -3969.31 -3263.52 -3966.26 -3259.55 -3971.39 -3262.81 -3968.96 -3258.56 -3973.00 -3257.72 -3965.95 -3257.67 -3967.82 -3256.97 -3970.56 -3255.75 -3966.80 -3257.12 -3972.06 -3254.24 -3966.70 -3256.94 -3971.39 -3253.19 -3968.89 -3254.85 -3965.00 -3258.00 -3967.35 -3254.76 -3966.68 -3255.51 -3966.63 -3255.48 -3967.63 -3252.61 -3965.88 -3255.13 -3965.63 -3254.05 -3965.00 -3258.00 -3965.00 -3258.00 -3962.61 -3251.42 -3963.55 -3255.38 -3959.13 -3254.19 -3964.05 -3257.69 -3965.00 -3258.00 -3957.15 -3256.47 -3964.01 -3257.84 -3963.01 -3257.76 
12 3499.96 1365.72 3505.70 1354.86 3499.00 1366.00 3499.00 1366.00 3496.99 1363.77 3498.23 1365.36 3499.00 1366.00 3497.38 1367.18 3495.85 1379.64 3499.42 1371.99 3500.21 1370.85 3518.13 1371.85 
23 -3036.05 -448.45 -3032.33 -449.95 -3028.94 -452.23 -3038.00 -448.00 -3030.23 -454.29 -3036.55 -450.62 -3034.58 -457.40 -3036.89 -455.92 -3038.00 -457.00 -3038.70 -455.97 -3038.14 -448.99 -3041.51 -459.48 -3038.67 -448.74 -3040.26 -449.97 -3041.76 -449.37 -3041.71 -446.50 -3042.54 -439.09 -3043.49 -436.22 -3038.00 -448.00 -3041.36 -435.44 -3039.11 -440.08 -3033.50 -440.21 -3025.71 -443.77 
43 220.98 -1919.70 229.93 -1920.66 233.22 -1924.95 223.05 -1923.87 230.33 -1927.21 224.48 -1925.58 224.93 -1928.75 220.58 -1926.22 219.18 -1929.10 222.44 -1936.61 221.08 -1939.67 219.99 -1940.17 215.23 -1931.29 214.09 -1928.51 211.35 -1920.97 210.51 -1932.99 210.02 -1921.84 208.95 -1924.64 209.44 -1922.68 209.78 -1921.74 199.50 -1938.92 197.23 -1938.66 211.00 -1919.00 198.74 -1929.28 198.88 -1926.00 193.01 -1918.37 195.06 -1917.61 200.43 -1915.97 202.91 -1913.12 204.96 -1913.75 204.05 -1911.81 200.10 -1903.44 204.30 -1907.86 203.48 -1898.33 209.20 -1911.21 211.37 -1912.01 219.21 -1896.45 215.88 -1908.04 211.00 -1919.00 220.21 -1915.09 212.85 -1918.25 219.40 -1915.77 220.85 -1917.26 
40 2450.97 -4212.77 2468.37 -4221.77 2455.74 -4220.73 2452.99 -4219.50 2453.40 -4222.47 2442.83 -4214.83 2453.07 -4232.13 2441.27 -4214.72 2440.34 -4212.94 2441.40 -4231.95 2439.06 -4220.95 2436.95 -4227.71 2433.76 -4241.34 2439.78 -4212.97 2434.21 -4218.89 2429.60 -4221.37 2424.15 -4225.78 2421.63 -4225.84 2414.56 -4227.90 2434.61 -4214.63 2439.05 -4212.33 2423.00 -4211.70 2411.02 -4210.99 2419.16 -4209.44 2427.33 -4209.08 2430.42 -4204.78 2419.32 -4194.64 2429.76 -4202.45 2438.07 -4209.70 2435.53 -4201.95 2435.43 -4190.48 2439.37 -4203.02 2440.52 -4206.02 2440.17 -4211.02 2445.07 -4201.12 2450.44 -4191.51 2445.66 -4206.34 2453.37 -4205.19 2441.95 -4211.55 2440.00 -4212.00 
6 -28.44 -4402.55 -41.29 -4402.77 -35.83 -4395.56 -43.75 -4390.15 -34.24 -4391.07 -32.61 -4388.42 
17 901.90 -295.18 893.57 -300.03 893.18 -304.76 879.05 -295.19 877.96 -303.96 874.92 -304.82 861.90 -311.65 871.56 -295.54 869.01 -292.58 842.96 -281.28 870.82 -289.71 876.27 -292.32 875.13 -288.36 877.89 -276.02 880.20 -270.22 886.06 -259.19 881.69 -281.95 
44 357.93 -3226.72 337.69 -3228.45 320.83 -3229.99 327.93 -3233.76 318.69 -3229.92 346.99 -3244.88 316.65 -3231.46 323.00 -3253.44 314.60 -3244.25 311.56 -3242.17 308.23 -3239.84 310.39 -3265.77 306.52 -3229.98 305.88 -3231.00 298.13 -3243.47 295.86 -3245.75 297.00 -3239.59 300.46 -3231.09 284.15 -3250.05 300.54 -3229.85 296.34 -3232.70 286.83 -3238.44 287.16 -3237.19 266.16 -3247.00 284.13 -3231.11 270.43 -3234.20 294.31 -3221.30 277.31 -3215.23 277.26 -3212.39 284.25 -3213.86 300.84 -3216.63 298.84 -3203.20 298.89 -3202.13 304.34 -3205.07 303.49 -3176.07 308.59 -3214.34 315.12 -3197.53 326.71 -3179.59 318.26 -3199.94 317.28 -3219.90 317.54 -3220.69 329.56 -3219.42 312.95 -3223.15 306.00 -3224.00 
43 1939.99 -1236.65 1923.92 -1237.83 1913.34 -1239.76 1932.68 -1254.55 1928.92 -1263.79 1910.07 -1244.43 1909.10 -1249.70 1911.21 -1255.33 1901.85 -1257.97 1902.65 -1237.97 1886.87 -1278.01 1885.51 -1275.28 1899.71 -1242.18 1878.09 -1275.86 1882.77 -1250.69 1898.09 -1239.44 1892.87 -1240.30 1867.20 -1239.76 1881.01 -1236.77 1873.45 -1213.73 1888.28 -1219.65 1895.58 -1218.51 1894.54 -1211.42 1902.58 -1230.01 1903.42 -1230.01 1912.77 -1190.03 1910.72 -1209.08 1906.09 -1226.49 1904.63 -1231.27 1920.75 -1197.94 1916.62 -1209.27 1926.00 -1192.74 1916.78 -1213.95 1909.62 -1227.22 1915.71 -1221.88 1909.47 -1229.75 1909.79 -1230.10 1935.67 -1218.63 1931.37 -1226.23 1939.34 -1224.89 1909.95 -1235.15 1929.90 -1233.65 1948.97 -1234.39 
40 -4059.00 4056.00 -4057.17 4055.19 -4056.28 4054.73 -4048.21 4050.74 -4058.78 4055.03 -4059.03 4055.00 -4059.21 4053.01 -4059.42 4052.02 -4059.87 4051.08 -4061.34 4048.35 -4061.19 4051.51 -4063.59 4050.72 -4066.36 4052.87 -4059.96 4055.72 -4062.91 4055.17 -4059.98 4055.81 -4062.00 4055.84 -4069.94 4057.15 -4063.94 4056.78 -4059.00 4056.00 -4064.59 4060.21 -4063.86 4061.04 -4063.68 4061.20 -4060.18 4057.62 -4060.12 4057.66 -4064.33 4065.62 -4060.95 4061.67 -4059.31 4056.95 -4058.04 4066.96 -4058.78 4056.97 -4055.74 4065.46 -4054.90 4067.28 -4059.00 4056.00 -4058.26 4056.67 -4057.40 4057.20 -4056.48 4057.63 -4048.73 4059.94 -4057.07 4056.52 -4059.00 4056.00 -4057.00 4056.10 
35 4336.95 2100.15 4338.73 2098.82 4330.95 2100.67 4339.84 2089.68 4337.22 2091.42 4333.09 2091.49 4332.92 2091.44 4330.00 2101.00 4331.36 2088.07 4330.00 2085.00 4328.61 2091.10 4328.86 2095.11 4328.54 2096.22 4329.19 2099.17 4324.93 2090.12 4326.61 2094.88 4323.88 2097.61 4318.05 2102.05 4327.06 2101.57 4316.36 2104.15 4319.43 2104.03 4320.36 2112.49 4326.24 2108.06 4323.19 2114.37 4330.85 2107.95 4332.78 2116.76 4331.66 2108.83 4332.74 2107.44 4332.72 2106.35 4336.79 2113.24 4335.50 2110.53 4338.43 2112.18 4332.57 2104.06 4333.06 2103.57 4340.80 2103.10 
17 1604.98 -926.89 1596.86 -927.56 1612.73 -934.03 1609.33 -934.62 1607.18 -934.54 1609.76 -943.62 1588.54 -926.84 1590.88 -958.87 1586.88 -941.96 1580.27 -943.36 1569.55 -953.36 1565.35 -922.01 1581.90 -912.30 1588.30 -909.00 1601.20 -912.33 1608.21 -909.64 1610.55 -917.79 
35 -2660.52 1504.43 -2677.73 1501.68 -2662.12 1492.40 -2667.21 1485.73 -2687.89 1491.58 -2697.00 1502.34 -2700.12 1475.05 -2701.58 1499.01 -2701.44 1479.00 -2702.84 1487.01 -2703.46 1504.15 -2711.06 1477.19 -2711.27 1495.57 -2717.79 1486.68 -2731.52 1477.04 -2728.35 1491.14 -2726.03 1504.11 -2746.45 1503.96 -2719.90 1509.12 -2710.99 1511.47 -2738.86 1514.22 -2728.80 1514.29 -2745.33 1518.64 -2723.87 1523.12 -2716.77 1522.96 -2737.67 1543.12 -2719.98 1528.37 -2707.54 1518.09 -2705.88 1525.49 -2701.72 1511.96 -2698.23 1514.28 -2695.14 1515.12 -2694.12 1512.39 -2656.45 1517.40 -2679.03 1512.20 
10 -1589.71 -3289.60 -1593.97 -3292.47 -1582.39 -3311.19 -1604.61 -3310.89 -1615.48 -3287.58 -1607.85 -3279.65 -1624.22 -3275.05 -1603.15 -3279.36 -1596.13 -3262.93 -1599.10 -3280.22 
14 -3894.26 3183.71 -3900.31 3166.77 -3902.74 3162.94 -3914.37 3169.01 -3915.28 3179.00 -3922.25 3159.95 -3931.04 3178.83 -3918.00 3186.84 -3929.26 3194.26 -3918.39 3193.12 -3903.43 3200.79 -3898.33 3204.26 -3900.62 3197.83 -3892.59 3192.17 
21 -3292.02 4785.63 -3272.31 4778.19 -3293.80 4784.40 -3291.67 4770.35 -3299.78 4763.50 -3301.34 4763.89 -3305.55 4761.15 -3297.94 4781.95 -3301.34 4783.04 -3315.46 4807.94 -3300.90 4792.79 -3299.69 4794.83 -3295.72 4787.87 -3295.87 4790.92 -3283.76 4813.82 -3289.58 4793.19 -3270.73 4797.84 -3269.97 4796.11 -3270.14 4793.60 -3279.29 4789.05 -3270.00 4786.00 
34 875.00 -892.05 877.52 -894.34 878.92 -900.55 873.18 -893.62 875.91 -897.80 874.06 -895.43 877.00 -900.66 872.94 -893.77 876.30 -902.13 873.29 -896.83 871.39 -898.97 868.74 -901.46 871.32 -893.88 870.13 -896.64 871.59 -892.91 871.43 -892.82 865.71 -899.77 865.53 -898.25 868.57 -889.94 864.45 -887.10 867.14 -886.96 868.78 -881.48 872.14 -888.00 872.78 -883.03 873.81 -885.24 873.63 -888.35 872.00 -892.00 876.59 -886.72 880.67 -885.23 872.00 -892.00 872.00 -892.00 877.64 -889.95 874.98 -891.69 875.00 -891.95 
5 2014.00 -1294.00 2014.00 -1294.00 2014.00 -1294.00 2013.01 -1293.84 2010.32 -1292.44 
16 -3240.35 665.01 -3240.34 631.28 -3253.50 652.55 -3271.60 656.71 -3302.00 669.00 -3275.98 674.24 -3275.69 674.92 -3283.38 686.71 -3289.40 696.33 -3267.02 674.73 -3266.07 712.89 -3244.36 691.22 -3248.88 681.71 -3263.00 669.00 -3251.18 678.23 -3247.20 671.50 
35 1333.00 -4501.00 1344.78 -4506.49 1346.99 -4508.76 1336.54 -4504.54 1340.07 -4509.43 1335.26 -4513.80 1333.00 -4501.00 1329.57 -4518.67 1331.65 -4506.85 1330.79 -4508.69 1326.49 -4515.62 1332.44 -4501.83 1320.04 -4514.90 1330.12 -4503.78 1324.22 -4509.18 1318.27 -4507.25 1331.08 -4501.55 1323.18 -4502.91 1315.18 -4503.51 1329.02 -4500.65 1317.63 -4489.83 1318.14 -4487.62 1321.30 -4490.09 1331.56 -4499.61 1323.14 -4482.46 1326.16 -4481.14 1335.92 -4480.20 1336.33 -4485.35 1335.93 -4492.49 1333.39 -4500.08 1340.01 -4486.62 1339.57 -4488.64 1338.04 -4496.14 1350.10 -4487.15 1345.47 -4494.64 
29 -1292.00 -1838.00 -1290.13 -1838.72 -1292.00 -1838.00 -1288.12 -1845.00 -1292.87 -1842.92 -1292.31 -1838.95 -1292.00 -1838.00 -1292.00 -1838.00 -1292.80 -1838.60 -1293.66 -1839.12 -1293.83 -1838.81 -1297.64 -1840.05 -1296.94 -1838.78 -1299.00 -1837.88 -1298.99 -1837.63 -1295.43 -1835.94 -1296.10 -1835.13 -1295.06 -1835.43 -1293.81 -1835.60 -1295.50 -1831.94 -1291.31 -1834.06 -1290.20 -1830.21 -1289.95 -1831.31 -1289.72 -1831.38 -1289.66 -1832.48 -1289.40 -1836.50 -1291.03 -1837.74 -1292.00 -1838.00 -1287.00 -1838.00 
18 -2531.04 4213.16 -2534.51 4211.81 -2532.76 4210.82 -2539.00 4214.00 -2539.00 4214.00 -2541.63 4205.39 -2546.89 4197.82 -2543.12 4207.14 -2541.62 4210.98 -2545.93 4210.00 -2557.07 4219.87 -2545.69 4221.43 -2546.46 4224.65 -2542.13 4221.36 -2540.57 4228.92 -2531.51 4232.54 -2536.76 4217.32 -2534.15 4215.21 
22 -1791.14 -350.12 -1768.15 -366.13 -1793.27 -349.69 -1796.51 -347.34 -1785.26 -377.52 -1794.64 -358.56 -1810.05 -383.09 -1833.08 -354.10 -1804.00 -346.21 -1822.76 -342.52 -1821.70 -342.25 -1808.20 -341.88 -1811.12 -330.91 -1797.97 -345.00 -1797.74 -343.01 -1790.24 -332.01 -1781.00 -317.71 -1776.06 -325.54 -1794.94 -343.43 -1761.35 -332.66 -1779.42 -342.05 -1780.02 -345.06 
37 -830.42 -1539.39 -819.19 -1548.13 -831.96 -1541.86 -827.14 -1555.54 -824.32 -1564.19 -834.08 -1560.82 -844.89 -1562.82 -849.04 -1550.38 -860.87 -1562.60 -855.70 -1555.06 -864.95 -1558.06 -871.98 -1556.39 -859.25 -1545.99 -841.87 -1538.12 -860.56 -1541.58 -852.00 -1536.74 -877.75 -1526.84 -845.28 -1533.48 -841.46 -1534.73 -866.70 -1507.30 -846.73 -1526.93 -837.00 -1537.00 -860.14 -1509.42 -837.91 -1535.22 -836.23 -1515.01 -835.12 -1519.10 -834.77 -1521.16 -827.08 -1509.75 -828.04 -1513.66 -824.50 -1515.35 -815.25 -1507.07 -812.25 -1512.25 -809.67 -1510.60 -828.57 -1529.93 -829.23 -1530.71 -819.88 -1531.44 -821.01 -1536.44 
32 -94.00 4321.83 -78.20 4314.84 -93.36 4319.95 -82.56 4314.68 -85.88 4306.91 -96.51 4310.26 -95.37 4303.35 -98.86 4314.00 -100.46 4310.09 -100.81 4315.24 -112.85 4304.90 -117.26 4316.76 -108.66 4319.41 -118.41 4317.16 -100.92 4322.55 -113.09 4331.51 -108.58 4329.22 -99.77 4322.64 -101.52 4325.11 -112.84 4340.37 -107.03 4333.47 -108.21 4338.62 -99.49 4325.97 -98.24 4325.93 -97.37 4326.73 -87.85 4342.12 -90.50 4336.72 -89.73 4337.43 -94.59 4327.44 -96.35 4323.41 -77.40 4326.20 -92.02 4322.49 
9 2739.66 3995.59 2736.97 3997.25 2736.00 3999.00 2732.72 3996.71 2734.61 4000.44 2734.82 4000.62 2735.65 4003.99 2738.72 4003.19 2738.00 3999.03 
35 -1530.04 3394.72 -1524.70 3390.07 -1528.99 3392.77 -1523.45 3385.67 -1525.92 3383.03 -1530.53 3392.04 -1531.10 3389.00 -1534.58 3382.50 -1533.05 3388.31 -1536.33 3385.38 -1533.08 3392.84 -1531.00 3395.00 -1535.05 3392.06 -1542.20 3390.70 -1543.93 3396.36 -1535.83 3396.29 -1532.90 3395.62 -1541.24 3403.00 -1534.11 3397.52 -1536.25 3401.04 -1532.93 3397.30 -1537.92 3403.55 -1531.56 3395.83 -1531.91 3396.78 -1530.65 3398.98 -1529.85 3405.94 -1529.90 3403.93 -1527.78 3405.52 -1523.78 3403.30 -1527.11 3398.15 -1527.50 3396.94 -1525.61 3397.63 -1531.00 3395.00 -1526.27 3396.63 -1525.20 3396.55 
44 3346.53 3173.71 3348.41 3171.34 3345.00 3175.00 3350.54 3167.91 3346.79 3170.33 3346.71 3170.30 3347.28 3168.38 3347.16 3168.34 3346.34 3168.13 3345.21 3169.00 3344.72 3167.00 3344.53 3172.04 3344.33 3172.08 3342.97 3170.43 3343.85 3173.36 3342.99 3172.77 3342.81 3172.95 3342.67 3173.11 3343.27 3174.00 3344.03 3174.74 3336.23 3172.98 3337.10 3176.25 3338.15 3176.46 3339.44 3177.25 3338.66 3177.96 3340.83 3179.32 3341.71 3181.18 3341.49 3182.19 3345.00 3175.00 3343.43 3181.82 3345.00 3181.00 3345.42 3180.99 3348.25 3182.31 3348.95 3183.09 3349.70 3181.47 3346.97 3177.26 3350.12 3179.77 3350.28 3179.59 3345.77 3175.64 3350.66 3179.11 3347.65 3176.41 3346.97 3175.35 3346.99 3175.17 3354.00 3175.16 
36 -3311.35 -2438.34 -3313.48 -2438.34 -3312.45 -2440.59 -3308.77 -2449.58 -3316.71 -2439.28 -3317.43 -2442.82 -3315.18 -2457.67 -3317.90 -2442.91 -3317.42 -2448.90 -3319.00 -2436.00 -3319.07 -2437.00 -3320.83 -2456.92 -3319.16 -2436.99 -3320.59 -2438.54 -3323.15 -2438.80 -3333.72 -2444.50 -3339.28 -2441.44 -3336.73 -2439.13 -3338.89 -2438.09 -3326.97 -2436.70 -3322.00 -2436.16 -3322.99 -2435.79 -3321.95 -2435.48 -3326.31 -2432.75 -3339.13 -2422.93 -3336.68 -2418.32 -3322.18 -2430.91 -3327.03 -2418.78 -3319.24 -2434.01 -3314.42 -2412.44 -3309.45 -2425.76 -3304.26 -2425.68 -3319.00 -2436.00 -3308.24 -2433.71 -3300.14 -2433.68 -3304.08 -2434.43 
26 3606.76 3008.06 3612.70 3003.90 3623.49 2996.43 3624.44 2994.10 3603.60 3006.14 3627.87 2976.79 3615.90 2978.21 3614.05 2970.79 3581.10 2969.80 3595.09 3004.20 3575.60 2980.06 3582.33 2992.74 3597.06 3009.52 3573.67 3004.15 3577.27 3006.56 3554.25 3005.30 3597.00 3009.93 3587.52 3016.10 3589.47 3015.50 3575.84 3027.45 3569.01 3037.96 3588.25 3038.01 3591.58 3042.15 3595.87 3029.75 3635.41 3036.45 3613.55 3013.63 
9 3809.66 1718.25 3810.45 1716.38 3809.00 1719.00 3805.72 1715.23 3807.10 1718.38 3805.24 1720.37 3806.38 1720.45 3807.97 1721.82 3810.29 1720.53 
25 -1369.23 3384.98 -1365.71 3382.77 -1352.79 3377.32 -1373.21 3383.39 -1380.93 3384.27 -1392.13 3379.49 -1378.89 3386.55 -1388.34 3383.24 -1385.61 3389.47 -1385.13 3390.63 -1402.49 3400.57 -1382.66 3390.78 -1386.39 3399.44 -1379.56 3390.68 -1384.53 3413.20 -1380.09 3401.85 -1375.44 3407.84 -1371.79 3410.18 -1370.02 3402.01 -1364.46 3404.34 -1357.19 3405.74 -1362.46 3399.59 -1373.95 3389.94 -1364.88 3394.27 -1349.11 3389.53 
9 705.08 -4690.25 704.14 -4689.89 706.22 -4671.18 694.81 -4657.21 696.63 -4649.16 701.23 -4643.34 703.85 -4642.88 722.22 -4653.42 720.93 -4662.06 
41 -4396.01 1658.53 -4405.00 1659.00 -4381.82 1652.79 -4401.40 1655.53 -4393.62 1646.37 -4400.55 1646.78 -4403.05 1653.33 -4405.00 1659.00 -4405.28 1651.00 -4409.99 1635.52 -4406.57 1652.18 -4405.00 1659.00 -4405.00 1659.00 -4426.17 1650.01 -4423.97 1658.01 -4424.56 1663.16 -4429.26 1665.05 -4416.28 1663.10 -4424.90 1672.42 -4416.70 1669.91 -4412.05 1668.71 -4417.61 1681.74 -4406.75 1662.60 -4406.03 1661.82 -4408.58 1671.50 -4407.78 1674.76 -4406.88 1670.85 -4405.31 1661.98 -4404.63 1665.99 -4405.00 1659.00 -4400.40 1677.44 -4398.11 1683.03 -4397.27 1682.78 -4394.58 1669.79 -4400.34 1662.78 -4386.88 1673.16 -4401.81 1661.41 -4391.30 1665.10 -4392.44 1662.36 -4405.00 1659.00 -4390.11 1660.83 
26 -4855.01 2000.50 -4857.53 1994.60 -4863.31 1999.17 -4865.07 1999.49 -4863.34 1990.61 -4868.00 1998.00 -4868.07 2004.00 -4870.82 1990.22 -4871.38 2000.75 -4871.36 2003.03 -4881.12 1992.91 -4875.64 2000.09 -4878.52 2004.78 -4886.82 2005.36 -4882.92 2006.43 -4880.36 2012.02 -4885.81 2019.13 -4870.30 2009.93 -4876.76 2022.57 -4873.08 2019.97 -4869.34 2014.87 -4867.69 2010.98 -4865.08 2017.56 -4863.22 2009.46 -4850.02 2008.94 -4853.00 2008.00 
12 -3550.91 4628.05 -3552.08 4623.45 -3556.71 4628.72 -3559.38 4621.01 -3561.29 4621.24 -3561.57 4628.94 -3565.89 4626.21 -3566.88 4630.61 -3560.30 4635.78 -3559.00 4632.00 -3556.71 4642.76 -3554.23 4637.12 
30 3381.00 2273.95 3383.80 2270.09 3398.23 2259.31 3388.07 2257.89 3379.36 2271.33 3377.60 2251.00 3377.39 2267.03 3372.14 2256.98 3371.84 2257.09 3370.02 2258.99 3369.47 2264.19 3367.58 2263.21 3353.85 2267.53 3359.10 2272.01 3356.00 2274.38 3372.26 2275.75 3368.81 2281.71 3378.00 2274.00 3365.96 2287.38 3378.00 2274.00 3369.08 2290.78 3375.66 2281.65 3378.00 2274.00 3377.23 2295.99 3379.05 2288.96 3380.40 2296.87 3379.29 2278.83 3379.76 2276.43 3378.00 2274.00 3391.90 2286.96 
25 2652.00 4555.97 2662.99 4555.55 2657.46 4550.97 2664.39 4542.11 2652.65 4551.76 2650.67 4553.08 2636.60 4545.53 2644.00 4552.39 2648.00 4555.93 2648.00 4556.07 2646.03 4556.49 2634.62 4560.41 2636.25 4565.99 2645.91 4560.39 2646.31 4560.73 2650.00 4556.00 2642.83 4574.67 2645.32 4571.30 2650.03 4558.00 2650.52 4570.99 2650.78 4558.90 2654.77 4563.63 2655.67 4557.95 2657.61 4558.47 2658.73 4558.18 
21 -1790.08 -4597.57 -1792.31 -4601.92 -1781.83 -4607.80 -1782.04 -4608.21 -1797.19 -4618.69 -1805.00 -4596.00 -1807.39 -4602.58 -1826.55 -4610.54 -1835.88 -4593.30 -1809.97 -4595.48 -1805.96 -4595.72 -1831.53 -4578.11 -1805.75 -4595.34 -1808.66 -4587.78 -1813.89 -4571.57 -1796.64 -4586.04 -1793.49 -4584.89 -1785.08 -4579.29 -1776.46 -4583.89 -1799.26 -4594.25 -1785.68 -4590.82 
12 4635.53 3169.05 4634.37 3184.01 4631.15 3180.37 4632.37 3188.48 4624.88 3184.85 4613.01 3179.36 4618.46 3203.59 4631.57 3204.79 4634.19 3191.98 4634.21 3191.98 4645.44 3208.61 4638.00 3191.07
50 -634.55 -2714.16 -0.27 -0.89
41 2339.95 -2252.46 2363.17 -2259.59 2325.18 -2254.29 2326.42 -2262.87 2319.17 -2261.00 2316.91 -2290.95 2313.99 -2286.65 2313.08 -2263.69 2316.58 -2255.37 2310.19 -2261.88 2304.82 -2255.88 2313.26 -2252.75 2276.13 -2260.90 2300.23 -2253.97 2319.00 -2251.00 2313.11 -2249.86 2289.89 -2243.74 2286.32 -2241.63 2288.44 -2236.10 2305.43 -2242.52 2306.56 -2242.61 2289.06 -2227.60 2318.27 -2250.32 2310.00 -2240.28 2312.23 -2242.33 2297.78 -2220.69 2299.39 -2219.62 2296.85 -2214.14 2316.85 -2245.40 2320.78 -2217.05 2319.42 -2247.02 2319.21 -2250.02 2322.76 -2243.94 2331.59 -2235.46 2346.17 -2227.38 2341.06 -2233.76 2351.36 -2227.49 2339.97 -2237.38 2334.53 -2244.09 2342.82 -2248.08 2362.94 -2248.70 
43 -3403.02 -2021.94 -3415.27 -2027.25 -3421.78 -2024.66 -3415.74 -2028.26 -3413.60 -2039.87 -3413.38 -2042.28 -3422.92 -2031.90 -3420.99 -2035.42 -3428.54 -2027.85 -3428.33 -2044.94 -3432.78 -2040.81 -3434.77 -2045.54 -3431.29 -2025.83 -3430.48 -2021.87 -3436.50 -2032.26 -3433.36 -2025.97 -3432.94 -2025.05 -3436.95 -2028.19 -3432.88 -2023.78 -3442.43 -2031.07 -3432.43 -2022.76 -3453.84 -2033.68 -3446.07 -2026.53 -3451.67 -2024.82 -3440.72 -2018.53 -3450.08 -2014.86 -3450.48 -2006.66 -3434.59 -2014.45 -3443.62 -2000.03 -3432.25 -2011.26 -3432.03 -2008.16 -3432.30 -1999.12 -3431.92 -1999.08 -3429.63 -2014.01 -3428.78 -2014.11 -3427.37 -2012.39 -3413.94 -2003.16 -3420.88 -2014.85 -3425.76 -2018.35 -3422.21 -2019.20 -3418.12 -2019.33 -3423.05 -2020.15 -3406.00 -2021.00 
37 4794.95 1383.95 4785.99 1384.84 4785.96 1384.71 4785.00 1385.00 4787.34 1377.35 4786.65 1379.23 4786.25 1377.10 4784.63 1378.01 4784.58 1379.01 4784.44 1381.04 4783.71 1380.17 4783.83 1381.17 4779.25 1379.44 4779.27 1380.98 4782.12 1384.17 4778.11 1383.78 4779.00 1385.21 4783.00 1385.14 4776.03 1385.78 4780.06 1385.78 4780.22 1386.46 4776.49 1387.93 4777.63 1390.16 4782.67 1386.89 4783.64 1386.46 4785.70 1389.95 4786.39 1392.88 4785.62 1386.90 4785.00 1385.00 4790.74 1393.19 4786.89 1387.33 4786.31 1386.51 4789.60 1388.86 4787.60 1386.50 4788.56 1386.82 4792.69 1387.21 4785.98 1385.17 
10 3035.00 436.00 3035.00 433.00 3034.35 434.11 3035.00 436.00 3033.40 434.80 3031.40 434.25 3034.01 435.90 3036.30 439.78 3037.52 439.11 3036.95 436.45 
12 -1066.63 -2133.18 -1070.66 -2135.47 -1085.00 -2123.00 -1099.96 -2121.95 -1085.00 -2123.00 -1088.85 -2121.90 -1089.00 -2116.07 -1085.00 -2105.00 -1084.84 -2114.00 -1075.37 -2110.22 -1080.54 -2118.99 -1072.64 -2116.43 
17 400.00 1892.91 399.00 1893.00 399.95 1892.69 399.00 1893.00 399.78 1891.16 399.00 1893.00 399.00 1893.00 399.00 1893.00 395.68 1890.76 398.02 1892.79 397.03 1893.35 398.03 1893.24 398.33 1893.74 399.56 1896.96 399.55 1894.92 400.55 1895.57 402.43 1895.06 
17 2669.21 3007.09 2666.29 3003.23 2662.87 3006.90 2660.85 3009.19 2657.92 2999.18 2659.67 3010.05 2658.68 3008.30 2659.01 3010.84 2657.03 3010.58 2659.01 3011.16 2652.44 3013.60 2647.95 3015.87 2659.32 3011.73 2656.09 3022.35 2660.00 3022.00 2660.97 3011.24 2660.98 3011.19 
7 -1819.13 -913.64 -1816.90 -920.28 -1819.70 -912.78 -1817.20 -921.43 -1826.74 -910.75 -1832.74 -901.38 -1815.01 -899.77 
25 4614.26 2827.74 4616.88 2811.00 4606.50 2819.15 4601.58 2824.10 4593.13 2801.66 4586.17 2805.94 4594.58 2829.81 4595.90 2834.13 4561.63 2819.92 4588.65 2833.09 4566.33 2841.73 4600.00 2837.00 4593.07 2841.00 4570.89 2861.43 4577.71 2857.07 4593.23 2845.67 4587.00 2859.52 4597.66 2844.65 4598.35 2842.77 4592.13 2871.10 4601.33 2874.98 4600.96 2847.96 4603.71 2848.41 4618.06 2855.70 4627.03 2855.93 
13 3251.88 1558.22 3249.00 1561.00 3252.18 1554.76 3251.28 1554.38 3249.00 1561.00 3245.40 1559.25 3244.30 1559.29 3243.02 1560.48 3247.38 1562.18 3245.11 1564.15 3247.88 1562.66 3247.73 1563.72 3249.42 1563.97 
32 2662.00 1208.83 2657.98 1208.83 2658.93 1208.48 2659.87 1208.12 2657.87 1208.52 2657.00 1209.00 2657.21 1205.01 2656.88 1202.00 2655.54 1202.15 2655.45 1204.24 2654.85 1203.40 2655.31 1205.37 2656.56 1208.10 2652.03 1205.64 2656.05 1208.67 2656.03 1208.74 2654.08 1209.67 2652.81 1211.72 2653.81 1211.41 2653.53 1212.60 2657.00 1209.00 2657.17 1214.00 2658.43 1212.73 2659.74 1215.44 2660.61 1215.00 2659.87 1213.10 2657.00 1209.00 2658.73 1210.00 2659.67 1210.36 2658.83 1209.81 2663.76 1210.81 2657.00 1209.00 
13 -3656.65 -904.47 -3659.65 -892.85 -3665.46 -891.01 -3661.00 -887.00 -3671.46 -890.40 -3669.00 -887.14 -3662.63 -884.48 -3664.82 -867.37 -3663.51 -863.13 -3645.02 -870.46 -3630.85 -873.58 -3629.62 -876.80 -3624.28 -882.49 
24 -160.11 4301.79 -177.36 4300.46 -162.74 4286.64 -183.33 4283.86 -170.54 4266.97 -176.48 4271.04 -206.17 4295.00 -206.39 4304.08 -211.80 4301.09 -251.97 4295.23 -206.00 4305.00 -210.41 4307.35 -219.99 4312.76 -239.07 4325.67 -213.39 4314.46 -213.02 4327.95 -209.87 4320.52 -203.65 4319.82 -188.03 4341.85 -188.38 4326.76 -195.29 4316.89 -177.46 4317.11 -202.24 4306.37 -163.16 4308.75 
38 -4687.15 350.07 -4714.03 352.76 -4703.62 340.37 -4693.18 313.64 -4715.00 353.00 -4712.85 312.06 -4715.28 337.00 -4717.51 329.13 -4721.25 317.55 -4733.30 311.89 -4737.07 311.50 -4746.90 310.67 -4732.05 334.72 -4757.40 326.50 -4743.98 354.01 -4742.96 354.47 -4750.93 365.37 -4757.94 369.48 -4750.90 368.24 -4739.63 384.52 -4741.14 393.26 -4716.56 356.68 -4720.02 366.07 -4715.00 393.00 -4713.48 381.96 -4709.96 381.56 -4702.90 401.51 -4690.00 396.30 -4710.64 359.71 -4689.73 387.79 -4685.42 389.53 -4690.45 379.33 -4692.33 374.14 -4684.27 377.01 -4695.83 367.44 -4675.36 381.80 -4697.39 364.44 -4688.22 361.19 
31 4414.59 4364.40 4404.09 4364.82 4425.05 4346.15 4409.55 4343.15 4402.37 4359.66 4405.07 4341.69 4400.87 4359.20 4399.95 4363.09 4403.38 4340.34 4398.72 4352.00 4397.54 4361.15 4388.74 4339.81 4394.01 4358.20 4385.91 4344.39 4374.68 4352.21 4379.49 4355.81 4390.17 4363.31 4373.83 4355.73 4365.53 4357.77 4376.00 4368.40 4367.18 4371.34 4371.43 4372.86 4384.82 4372.88 4375.98 4390.23 4397.95 4397.98 4399.44 4372.98 4402.52 4376.28 4410.40 4391.37 4401.88 4370.78 4426.03 4386.93 4417.00 4368.00 
27 -4038.03 808.30 -4042.05 808.37 -4044.34 807.88 -4046.00 809.00 -4045.13 804.08 -4046.21 805.01 -4047.46 804.22 -4046.68 807.12 -4048.72 804.81 -4048.43 807.24 -4051.48 806.56 -4046.99 808.90 -4050.00 809.14 -4052.98 809.49 -4051.25 811.91 -4048.97 811.68 -4048.88 811.78 -4049.78 813.66 -4048.41 812.19 -4046.62 811.93 -4046.07 811.00 -4040.25 814.56 -4042.27 810.43 -4036.60 812.42 -4045.05 809.33 -4044.01 809.24 -4043.00 809.00 
20 3470.69 2948.95 3468.70 2949.29 3483.33 2942.79 3485.28 2934.38 3489.65 2930.23 3481.40 2931.68 3487.28 2922.25 3484.13 2921.15 3463.66 2950.06 3432.59 2924.65 3448.83 2939.57 3428.66 2957.87 3451.14 2958.73 3462.03 2953.26 3460.56 2972.73 3478.94 2975.86 3464.00 2951.00 3495.30 2964.28 3486.32 2956.56 3505.00 2951.00 
29 4933.00 -1075.28 4946.98 -1076.05 4941.94 -1076.74 4933.60 -1089.43 4923.58 -1081.14 4927.04 -1086.15 4923.34 -1097.11 4918.94 -1082.76 4919.29 -1086.78 4917.24 -1076.99 4912.82 -1104.71 4909.51 -1093.54 4910.14 -1079.12 4915.27 -1076.00 4914.01 -1074.79 4909.69 -1071.75 4911.34 -1068.01 4892.91 -1040.60 4908.38 -1053.67 4913.47 -1046.22 4915.06 -1038.05 4930.17 -1049.16 4922.30 -1066.52 4941.09 -1040.60 4926.99 -1061.25 4927.23 -1061.42 4924.91 -1067.36 4920.77 -1071.72 4918.00 -1074.98 
6 -3682.93 3425.57 -3690.31 3428.01 -3699.00 3423.28 -3698.51 3431.07 -3697.72 3449.15 -3689.88 3434.99 
39 3814.00 -3264.03 3842.92 -3266.16 3820.78 -3270.62 3832.49 -3280.01 3815.83 -3267.21 3812.72 -3264.69 3830.06 -3282.70 3831.50 -3291.85 3814.93 -3272.51 3813.55 -3269.80 3813.66 -3271.83 3813.67 -3295.96 3809.09 -3277.69 3812.00 -3264.00 3803.35 -3290.63 3809.07 -3272.51 3794.06 -3296.36 3803.98 -3268.09 3782.69 -3274.09 3810.03 -3264.35 3811.01 -3264.12 3805.00 -3264.12 3798.00 -3263.76 3792.08 -3262.26 3799.20 -3261.74 3790.85 -3257.94 3811.12 -3263.53 3793.34 -3252.34 3802.54 -3256.61 3808.88 -3249.33 3815.90 -3232.24 3818.06 -3242.85 3829.45 -3232.51 3824.72 -3243.65 3822.47 -3250.60 3812.00 -3264.00 3818.62 -3261.72 3828.94 -3262.52 3826.00 -3263.76 
7 -3185.02 -282.84 -3198.08 -282.67 -3204.82 -301.63 -3222.15 -275.94 -3212.18 -273.57 -3212.03 -273.38 -3205.64 -274.29 
6 -2242.68 -4575.17 -2238.47 -4580.81 -2241.92 -4591.38 -2271.00 -4585.42 -2248.78 -4554.09 -2234.28 -4568.30 
21 4890.97 -422.31 4872.36 -431.18 4876.99 -444.56 4876.98 -445.67 4872.80 -441.92 4866.17 -431.00 4865.22 -422.84 4861.31 -429.83 4862.47 -425.85 4852.11 -435.39 4854.00 -428.21 4847.59 -428.81 4840.83 -408.73 4844.70 -406.09 4855.48 -413.36 4863.18 -403.22 4867.10 -400.03 4867.40 -401.05 4872.89 -396.97 4873.53 -401.39 4866.53 -420.15 
37 955.98 -2826.84 964.94 -2827.74 962.11 -2832.34 952.00 -2833.21 964.27 -2843.63 952.43 -2837.59 953.38 -2840.86 945.25 -2832.04 946.36 -2838.47 948.34 -2851.68 940.00 -2826.00 943.53 -2842.63 940.00 -2849.00 939.65 -2830.99 940.00 -2826.00 940.00 -2826.00 932.58 -2837.87 926.46 -2843.34 932.93 -2834.43 937.74 -2827.97 933.71 -2829.07 926.00 -2825.76 911.16 -2822.97 910.29 -2821.82 939.09 -2825.59 921.13 -2816.79 933.98 -2818.01 933.00 -2813.88 931.11 -2801.57 939.65 -2806.00 940.00 -2798.00 941.95 -2820.33 943.21 -2822.17 951.11 -2814.49 951.48 -2819.90 958.58 -2822.05 949.85 -2824.26 
42 910.88 -3103.39 911.73 -3104.18 908.80 -3103.55 908.77 -3103.65 906.56 -3103.82 906.50 -3103.94 908.14 -3105.09 909.04 -3107.25 908.12 -3106.77 904.39 -3103.44 905.91 -3107.25 903.94 -3103.77 905.72 -3107.35 903.76 -3105.93 903.31 -3107.99 903.17 -3107.00 902.31 -3105.94 901.05 -3107.67 897.88 -3106.77 895.81 -3107.42 896.22 -3106.24 896.88 -3105.39 893.34 -3104.59 898.13 -3103.12 897.13 -3103.25 899.02 -3102.42 898.00 -3102.00 900.02 -3101.63 894.49 -3099.07 896.11 -3096.21 896.31 -3094.57 899.79 -3098.17 902.45 -3100.08 901.75 -3096.13 902.24 -3098.07 903.12 -3095.00 903.69 -3101.28 907.24 -3097.76 903.00 -3102.00 903.90 -3101.56 908.52 -3099.66 911.91 -3100.75 
43 4324.99 -4226.52 4339.86 -4228.61 4327.67 -4228.92 4341.20 -4232.53 4340.38 -4237.83 4351.48 -4250.60 4322.09 -4231.54 4341.43 -4258.64 4337.87 -4256.35 4333.55 -4255.68 4319.99 -4235.80 4315.00 -4226.00 4321.09 -4241.87 4322.81 -4248.69 4328.16 -4269.03 4319.37 -4246.54 4315.68 -4238.98 4315.00 -4226.00 4314.69 -4234.99 4309.85 -4262.64 4310.93 -4251.68 4304.40 -4255.13 4299.79 -4258.63 4288.62 -4263.68 4297.55 -4249.16 4278.52 -4250.60 4299.41 -4235.00 4311.32 -4227.56 4315.00 -4226.00 4313.09 -4226.58 4276.00 -4226.00 4297.01 -4225.37 4299.85 -4218.28 4306.37 -4209.07 4313.66 -4219.13 4314.65 -4206.00 4316.05 -4196.02 4320.90 -4214.42 4340.22 -4206.30 4325.65 -4218.54 4343.32 -4213.39 4328.39 -4221.91 4315.99 -4225.86 
13 2485.61 1894.03 2496.45 1883.04 2460.04 1906.14 2454.63 1904.01 2435.50 1883.15 2429.41 1881.57 2415.64 1889.18 2424.19 1899.17 2410.11 1914.14 2409.57 1929.36 2463.03 1935.73 2473.84 1924.19 2467.90 1912.58 
28 -2241.18 3539.98 -2270.54 3549.92 -2267.89 3541.49 -2281.08 3541.18 -2283.96 3527.48 -2281.85 3546.61 -2290.74 3535.59 -2286.39 3543.54 -2311.64 3526.57 -2290.64 3555.90 -2314.48 3566.62 -2304.61 3566.61 -2316.72 3575.66 -2301.90 3567.31 -2304.01 3578.90 -2293.05 3568.61 -2279.00 3555.00 -2272.46 3599.54 -2274.05 3574.44 -2272.27 3578.11 -2271.98 3575.95 -2268.02 3577.67 -2271.55 3568.28 -2256.06 3585.77 -2250.31 3561.77 -2249.66 3559.24 -2277.01 3553.24 -2263.00 3553.28 
17 4586.75 -3918.97 4608.75 -3932.84 4597.59 -3933.54 4573.76 -3945.82 4564.14 -3938.15 4564.32 -3935.36 4584.19 -3918.59 4571.36 -3914.85 4568.93 -3898.85 4582.76 -3914.68 4575.68 -3893.73 4578.95 -3893.74 4582.56 -3890.11 4585.49 -3890.00 4591.24 -3888.66 4600.69 -3901.18 4609.00 -3917.58 
16 3810.28 -1378.10 3800.58 -1375.23 3806.91 -1381.64 3802.90 -1401.73 3798.02 -1387.97 3791.93 -1382.43 3790.47 -1383.81 3773.62 -1385.83 3784.45 -1377.63 3772.33 -1369.78 3795.77 -1365.60 3799.00 -1372.00 3809.16 -1350.07 3803.36 -1366.13 3809.60 -1357.04 3802.35 -1370.28 
34 -2417.26 1554.78 -2419.09 1555.58 -2415.99 1551.54 -2418.31 1552.37 -2418.21 1551.33 -2420.00 1556.00 -2419.74 1555.03 -2419.90 1554.00 -2419.79 1550.00 -2420.00 1555.00 -2420.42 1550.01 -2420.61 1551.04 -2420.97 1552.12 -2421.39 1554.56 -2422.67 1554.64 -2426.96 1555.27 -2422.98 1556.31 -2420.92 1556.39 -2423.65 1557.63 -2420.00 1556.00 -2424.60 1559.86 -2420.67 1556.74 -2420.39 1556.92 -2421.34 1562.87 -2420.12 1556.99 -2420.14 1558.00 -2419.95 1557.00 -2419.16 1561.94 -2418.97 1557.71 -2414.41 1560.21 -2414.13 1559.81 -2416.24 1557.37 -2414.11 1557.14 -2420.00 1556.00 
36 1055.84 -38.23 1047.83 -37.66 1042.92 -36.67 1043.24 -38.35 1042.58 -40.29 1040.39 -36.92 1044.12 -46.20 1040.63 -44.98 1040.10 -39.00 1039.02 -49.97 1039.37 -41.97 1039.74 -36.97 1033.28 -58.00 1039.25 -37.85 1032.39 -52.31 1027.79 -50.55 1027.31 -41.92 1025.51 -32.12 1030.44 -33.08 1018.39 -28.13 1030.05 -29.29 1026.84 -23.72 1029.70 -18.86 1037.71 -24.22 1037.05 -19.26 1039.37 -18.01 1040.14 -34.00 1044.97 -19.74 1044.21 -30.41 1044.73 -32.31 1050.38 -28.18 1060.67 -25.92 1060.46 -31.28 1058.65 -32.37 1040.00 -36.00 1054.94 -34.69 
37 -2821.79 1257.80 -2824.37 1233.90 -2844.98 1248.27 -2846.02 1248.63 -2832.63 1232.36 -2838.56 1225.29 -2860.14 1252.54 -2852.87 1221.37 -2868.27 1247.49 -2880.02 1228.26 -2866.49 1264.32 -2867.35 1263.82 -2887.38 1252.50 -2886.74 1253.39 -2883.94 1256.70 -2880.17 1260.75 -2895.41 1259.89 -2876.80 1268.26 -2883.60 1275.99 -2891.37 1280.55 -2875.47 1274.03 -2884.06 1284.07 -2865.91 1275.82 -2862.74 1283.96 -2859.56 1316.81 -2857.47 1292.20 -2859.87 1280.42 -2854.94 1295.65 -2847.40 1314.22 -2852.37 1297.95 -2859.34 1278.14 -2859.76 1270.24 -2849.28 1274.50 -2861.35 1267.41 -2862.16 1266.78 -2819.18 1276.35 -2849.11 1267.83 
24 -1350.09 1614.38 -1338.42 1608.61 -1351.42 1613.86 -1345.39 1606.48 -1333.81 1593.76 -1351.98 1607.98 -1352.02 1601.55 -1364.00 1592.00 -1367.99 1597.35 -1371.19 1623.51 -1376.24 1626.79 -1383.71 1631.85 -1374.47 1633.40 -1368.11 1625.66 -1365.67 1651.96 -1364.00 1644.00 -1362.54 1631.91 -1357.43 1661.48 -1362.75 1625.87 -1358.19 1643.29 -1351.92 1630.50 -1339.13 1636.78 -1364.00 1620.00 -1328.92 1628.10 
32 -1810.28 -3715.10 -1824.86 -3716.30 -1840.54 -3707.36 -1823.62 -3724.38 -1831.77 -3719.58 -1832.79 -3722.62 -1836.92 -3717.97 -1841.63 -3706.93 -1837.73 -3740.74 -1842.94 -3723.98 -1846.13 -3720.42 -1842.00 -3706.00 -1861.17 -3720.44 -1846.67 -3707.79 -1861.97 -3707.05 -1877.99 -3706.63 -1848.79 -3704.31 -1850.83 -3701.31 -1843.71 -3704.97 -1857.85 -3692.22 -1850.87 -3696.49 -1846.68 -3700.80 -1853.17 -3690.63 -1844.25 -3696.26 -1842.10 -3704.00 -1836.47 -3689.93 -1835.84 -3689.09 -1831.84 -3682.07 -1829.39 -3677.68 -1825.54 -3683.35 -1840.69 -3704.49 -1824.70 -3701.04 
42 -1926.00 -2391.45 -1933.29 -2400.53 -1926.30 -2408.33 -1946.27 -2395.02 -1926.11 -2409.81 -1926.72 -2412.21 -1948.28 -2394.35 -1934.63 -2408.98 -1934.60 -2410.32 -1947.04 -2408.30 -1951.27 -2393.91 -1951.31 -2394.94 -1949.68 -2409.86 -1951.20 -2413.99 -1954.61 -2415.86 -1966.61 -2427.16 -1967.64 -2424.53 -1980.28 -2419.28 -1980.37 -2413.16 -1980.58 -2407.50 -1963.37 -2397.30 -1974.41 -2399.60 -1962.34 -2394.76 -1965.86 -2392.95 -1978.85 -2393.82 -1963.78 -2385.51 -1978.57 -2375.03 -1965.26 -2382.05 -1958.47 -2384.75 -1959.07 -2382.57 -1958.54 -2380.94 -1953.72 -2380.14 -1952.35 -2381.01 -1951.37 -2379.02 -1951.09 -2378.03 -1946.31 -2369.75 -1939.29 -2364.93 -1948.39 -2386.21 -1948.06 -2386.47 -1933.33 -2383.83 -1952.00 -2391.00 -1917.01 -2390.39 
29 -1574.01 2505.55 -1568.14 2503.68 -1559.61 2500.18 -1583.01 2502.99 -1580.94 2484.85 -1587.00 2476.00 -1587.24 2492.00 -1588.57 2491.08 -1593.79 2493.76 -1593.62 2497.22 -1597.34 2502.24 -1594.96 2505.16 -1607.95 2504.54 -1607.99 2505.27 -1595.00 2506.14 -1587.95 2506.33 -1595.09 2509.95 -1606.51 2518.19 -1601.05 2521.61 -1598.44 2523.61 -1584.18 2523.78 -1585.26 2515.85 -1584.66 2513.65 -1582.53 2516.05 -1586.50 2506.87 -1574.42 2512.14 -1574.39 2509.14 -1564.35 2509.99 -1585.00 2506.07 
24 3245.97 -4611.99 3245.51 -4615.27 3248.20 -4624.25 3228.56 -4619.86 3214.72 -4624.16 3191.86 -4637.48 3222.19 -4612.38 3199.83 -4617.77 3227.00 -4611.00 3223.00 -4611.14 3180.01 -4610.18 3221.11 -4609.86 3191.78 -4586.34 3218.55 -4592.87 3221.84 -4578.41 3231.63 -4573.28 3244.19 -4570.50 3242.44 -4580.71 3250.18 -4572.43 3257.56 -4579.35 3258.38 -4591.39 3258.72 -4596.21 3240.91 -4605.38 3242.59 -4607.40 
42 -1103.21 -1167.66 -1108.26 -1167.49 -1108.82 -1173.43 -1114.96 -1169.86 -1091.79 -1197.45 -1113.46 -1175.06 -1107.28 -1185.35 -1111.86 -1188.64 -1112.72 -1199.24 -1116.24 -1200.80 -1119.97 -1167.00 -1120.00 -1215.00 -1120.59 -1198.99 -1120.16 -1165.99 -1143.00 -1208.26 -1134.50 -1190.11 -1144.60 -1201.48 -1158.96 -1191.28 -1141.87 -1177.12 -1153.86 -1182.25 -1122.00 -1165.07 -1158.99 -1164.32 -1141.88 -1162.70 -1168.51 -1152.90 -1120.00 -1165.00 -1160.14 -1149.59 -1153.38 -1151.51 -1123.50 -1163.06 -1133.85 -1147.90 -1132.68 -1141.16 -1130.09 -1135.69 -1128.65 -1138.37 -1119.34 -1127.01 -1100.99 -1136.81 -1089.79 -1127.70 -1117.67 -1163.11 -1099.51 -1148.99 -1077.40 -1135.17 -1084.86 -1143.88 -1088.81 -1149.11 -1107.57 -1161.20 -1082.70 -1157.75 
43 -1156.35 -4791.33 -1154.46 -4792.05 -1143.16 -4796.27 -1154.26 -4794.81 -1155.15 -4802.14 -1159.14 -4803.32 -1156.50 -4814.85 -1167.43 -4809.52 -1173.64 -4834.97 -1174.09 -4802.85 -1184.68 -4832.22 -1179.89 -4813.82 -1186.36 -4827.47 -1191.43 -4803.73 -1174.74 -4789.22 -1213.85 -4801.60 -1191.13 -4793.85 -1178.91 -4789.10 -1213.77 -4792.39 -1193.00 -4788.00 -1189.90 -4786.12 -1175.83 -4786.83 -1203.01 -4776.71 -1172.91 -4787.58 -1172.00 -4788.00 -1200.48 -4758.51 -1197.59 -4758.57 -1180.60 -4765.59 -1177.56 -4756.49 -1173.81 -4775.13 -1172.10 -4787.01 -1172.52 -4758.00 -1171.90 -4785.00 -1169.85 -4782.40 -1170.50 -4784.29 -1154.37 -4763.73 -1165.29 -4783.64 -1152.40 -4778.01 -1130.89 -4769.70 -1168.27 -4786.57 -1135.12 -4775.30 -1134.83 -4780.10 -1148.00 -4788.00 
13 4315.97 -1429.78 4316.74 -1431.25 4305.85 -1439.94 4302.12 -1439.96 4305.00 -1429.14 4305.04 -1428.62 4299.37 -1424.23 4304.92 -1417.18 4306.06 -1420.05 4307.84 -1417.03 4307.37 -1426.02 4309.39 -1422.42 4309.80 -1427.92 
5 -349.58 629.03 -369.92 620.50 -373.00 671.84 -364.46 666.06 -337.11 662.38 
17 -2558.72 1556.14 -2580.50 1557.18 -2564.65 1543.14 -2575.56 1532.71 -2584.25 1533.77 -2587.24 1536.26 -2591.00 1542.00 -2592.45 1560.38 -2594.50 1556.94 -2597.56 1555.45 -2593.96 1562.53 -2608.74 1569.81 -2591.00 1563.00 -2590.39 1569.97 -2583.52 1598.21 -2583.45 1572.33 -2578.57 1574.59 
32 4045.00 -92.21 4069.96 -93.62 4045.66 -94.16 4040.81 -92.85 4058.90 -105.42 4046.37 -97.16 4061.08 -116.52 4046.16 -112.80 4042.11 -103.59 4039.78 -100.97 4040.73 -124.95 4033.41 -96.21 4032.07 -96.00 4016.31 -99.81 4017.13 -84.89 4035.32 -90.44 4023.91 -78.88 4026.98 -79.98 4024.84 -73.88 4030.57 -80.82 4033.96 -63.44 4036.81 -78.17 4037.74 -68.03 4038.16 -68.01 4039.68 -79.02 4040.72 -81.14 4039.57 -89.06 4046.49 -73.46 4053.85 -77.15 4040.58 -90.77 4054.56 -81.10 4064.00 -91.56 
36 -93.24 -3968.81 -97.40 -3968.50 -99.26 -3967.67 -98.03 -3969.26 -95.89 -3972.66 -96.63 -3975.34 -98.59 -3975.89 -100.42 -3968.96 -102.54 -3972.44 -102.50 -3971.33 -105.99 -3976.23 -105.44 -3971.41 -108.19 -3972.74 -106.24 -3970.18 -100.92 -3967.39 -109.93 -3968.22 -102.00 -3967.03 -108.00 -3966.86 -103.97 -3966.51 -100.00 -3967.00 -111.41 -3963.29 -103.35 -3964.82 -106.79 -3961.10 -103.91 -3961.20 -103.91 -3955.65 -100.00 -3967.00 -100.00 -3967.00 -96.91 -3957.49 -99.59 -3966.09 -94.70 -3958.52 -99.44 -3966.17 -92.93 -3958.57 -99.20 -3966.40 -100.00 -3967.00 -91.43 -3961.85 -97.40 -3965.50 
18 3530.48 494.90 3521.49 499.32 3520.44 499.61 3519.59 500.19 3523.90 493.45 3519.52 500.14 3520.25 489.07 3513.17 491.67 3510.83 508.36 3512.38 509.78 3516.34 511.67 3518.39 507.97 3518.88 508.00 3519.00 501.00 3519.00 501.00 3524.25 503.91 3529.57 504.03 3528.88 502.56 
18 1392.00 1270.72 1402.27 1262.87 1385.80 1263.21 1383.28 1269.13 1376.39 1254.69 1384.00 1271.00 1380.14 1266.40 1366.86 1260.70 1364.95 1260.00 1381.09 1270.27 1365.07 1269.34 1364.67 1279.21 1383.24 1274.93 1382.26 1280.85 1389.70 1282.68 1389.88 1279.09 1395.02 1277.89 1402.93 1272.66 
42 3121.98 -1782.84 3123.90 -1783.88 3138.45 -1795.11 3140.98 -1796.85 3136.67 -1802.69 3112.04 -1787.25 3107.31 -1783.51 3122.06 -1804.94 3123.37 -1814.67 3119.52 -1811.00 3122.13 -1824.01 3106.35 -1783.97 3083.08 -1813.55 3086.32 -1804.64 3072.46 -1807.28 3086.93 -1794.86 3099.00 -1785.88 3100.65 -1784.72 3091.58 -1786.13 3098.10 -1783.25 3094.07 -1783.25 3103.00 -1782.10 3084.40 -1777.80 3074.70 -1775.35 3068.91 -1769.95 3092.29 -1773.76 3097.81 -1776.26 3081.24 -1763.34 3072.79 -1753.13 3096.82 -1768.89 3093.00 -1759.48 3101.93 -1772.86 3101.34 -1764.61 3106.35 -1772.01 3106.05 -1781.00 3109.91 -1757.31 3115.56 -1737.01 3114.95 -1746.10 3131.81 -1745.14 3111.14 -1775.87 3130.09 -1762.49 3141.32 -1763.22 
5 -4724.27 -2829.90 -4734.36 -2834.60 -4753.69 -2799.55 -4722.91 -2802.22 -4711.13 -2763.43 
37 -1148.05 -903.40 -1145.13 -904.40 -1166.07 -902.52 -1165.24 -903.17 -1144.62 -915.50 -1155.28 -909.95 -1166.54 -903.36 -1161.82 -912.29 -1163.00 -910.66 -1167.55 -902.89 -1161.57 -923.04 -1164.67 -917.65 -1167.58 -907.99 -1167.39 -936.99 -1168.00 -911.00 -1169.45 -907.82 -1179.74 -919.41 -1168.00 -902.00 -1200.08 -918.34 -1175.36 -905.13 -1196.84 -905.03 -1183.00 -901.74 -1181.86 -900.05 -1191.64 -893.86 -1170.92 -878.18 -1171.22 -865.14 -1154.91 -878.39 -1156.87 -884.19 -1152.25 -883.89 -1168.00 -902.00 -1164.06 -898.92 -1145.95 -888.22 -1137.24 -893.18 -1161.24 -900.19 -1132.10 -893.05 -1142.10 -899.73 -1146.03 -900.85 
50 -469.39 3691.74 -0.85 -0.61
34 2759.38 -1402.01 2756.48 -1401.10 2759.14 -1411.85 2745.94 -1396.77 2745.76 -1398.93 2738.30 -1406.14 2723.94 -1422.95 2736.13 -1404.51 2723.70 -1409.91 2723.80 -1408.25 2729.85 -1402.72 2745.00 -1395.00 2723.67 -1403.62 2738.11 -1396.22 2714.00 -1395.00 2744.02 -1394.79 2717.63 -1380.45 2718.23 -1365.27 2739.53 -1382.11 2737.13 -1375.53 2735.35 -1363.44 2738.01 -1368.92 2739.79 -1365.46 2742.91 -1375.11 2750.41 -1369.57 2754.32 -1360.23 2754.64 -1383.51 2758.90 -1382.04 2753.55 -1388.08 2776.52 -1370.37 2776.20 -1384.26 2783.71 -1390.25 2753.95 -1394.06 2753.00 -1394.72 
39 1411.98 -2143.17 1413.83 -2145.83 1411.28 -2143.96 1411.42 -2145.97 1409.83 -2145.76 1410.43 -2143.82 1410.37 -2143.78 1410.15 -2143.53 1409.29 -2144.03 1410.12 -2143.47 1409.22 -2143.91 1409.11 -2143.65 1410.03 -2143.26 1408.01 -2143.21 1409.00 -2142.93 1411.00 -2143.00 1407.15 -2141.90 1410.04 -2142.71 1408.30 -2141.68 1410.21 -2142.38 1408.59 -2139.81 1409.31 -2139.37 1410.97 -2142.00 1411.00 -2140.00 1411.49 -2139.03 1411.33 -2142.05 1411.34 -2142.06 1411.00 -2143.00 1413.18 -2139.65 1411.00 -2143.00 1411.00 -2143.00 1411.74 -2142.33 1412.53 -2141.71 1411.79 -2142.38 1414.43 -2140.94 1414.60 -2141.25 1413.93 -2142.38 1414.96 -2142.44 1412.00 -2143.00 
41 765.85 2069.47 768.06 2067.43 767.26 2068.03 765.67 2069.26 766.00 2068.27 766.27 2067.28 766.37 2066.24 765.26 2069.03 765.52 2067.05 765.07 2069.00 764.58 2068.04 763.50 2067.40 764.48 2069.14 763.66 2068.51 764.31 2069.28 764.29 2069.29 761.94 2067.43 764.14 2069.48 765.00 2070.00 765.00 2070.00 761.02 2070.42 764.11 2070.45 762.81 2072.05 764.17 2072.88 764.74 2070.97 764.17 2073.91 764.90 2070.99 765.00 2070.00 765.31 2071.98 765.52 2072.95 765.83 2073.91 765.73 2072.91 766.82 2073.56 765.52 2070.86 767.24 2073.32 765.57 2070.82 765.00 2070.00 765.00 2070.00 768.76 2071.37 768.86 2071.04 767.00 2070.03 
20 1460.84 3189.44 1451.48 3188.49 1452.36 3187.98 1440.72 3191.31 1453.89 3177.61 1447.87 3182.94 1443.03 3181.43 1444.31 3161.30 1439.64 3191.07 1436.47 3187.15 1437.27 3189.07 1419.69 3181.20 1430.22 3189.92 1438.04 3192.38 1437.58 3201.70 1445.95 3214.22 1455.50 3218.85 1443.69 3196.73 1451.54 3195.31 1471.18 3199.20 
9 3190.53 -3608.35 3191.18 -3564.43 3172.63 -3556.77 3179.59 -3558.19 3198.94 -3557.05 3211.42 -3546.10 3220.51 -3541.87 3227.12 -3544.84 3226.10 -3552.90 
18 3663.71 -851.85 3660.27 -854.46 3659.87 -854.64 3659.85 -855.71 3657.56 -854.98 3657.47 -850.85 3656.03 -852.26 3657.02 -849.83 3655.10 -849.22 3652.29 -848.15 3656.30 -848.94 3655.77 -847.99 3656.73 -847.28 3657.13 -845.08 3661.21 -846.17 3658.00 -850.00 3661.77 -846.72 3658.81 -849.41 
37 -2551.42 1967.54 -2562.29 1967.76 -2545.81 1949.76 -2551.69 1950.82 -2572.59 1972.34 -2551.57 1946.89 -2572.12 1969.00 -2561.21 1944.28 -2575.11 1959.02 -2581.20 1951.55 -2578.35 1971.59 -2596.36 1939.27 -2598.66 1938.28 -2579.28 1972.23 -2608.91 1945.31 -2584.17 1968.64 -2591.85 1962.22 -2614.99 1963.33 -2578.94 1975.43 -2609.48 1970.10 -2613.63 1970.71 -2616.78 1971.71 -2589.98 1976.73 -2604.89 1978.53 -2581.52 1980.31 -2594.66 2000.76 -2596.15 2007.03 -2585.27 2004.53 -2564.61 2009.09 -2571.07 1982.30 -2551.73 1993.63 -2569.22 1980.24 -2566.20 1980.99 -2542.47 1991.64 -2536.05 1985.22 -2537.72 1983.44 -2573.03 1976.42 
35 4282.99 3019.37 4290.95 3012.56 4272.52 3017.26 4277.00 3012.79 4268.39 3017.88 4265.00 3020.00 4270.59 3011.71 4265.95 3015.09 4270.79 2983.46 4267.93 2992.15 4265.73 2999.01 4264.93 3016.00 4264.38 3017.07 4254.97 2993.86 4247.06 2987.64 4262.03 3017.32 4255.54 3012.61 4231.86 3005.93 4229.43 3009.80 4227.70 3012.75 4226.29 3015.25 4238.15 3017.18 4238.15 3022.82 4265.00 3020.00 4251.84 3024.79 4236.00 3033.52 4264.11 3020.45 4235.86 3037.51 4239.72 3053.54 4261.47 3024.85 4270.01 3055.65 4267.90 3031.64 4278.38 3032.04 4267.36 3021.85 4296.74 3032.18 
30 1567.90 4397.12 1554.85 4397.79 1559.66 4396.41 1558.30 4391.78 1557.71 4389.81 1550.42 4396.03 1550.00 4378.00 1545.01 4375.52 1548.45 4393.20 1545.87 4384.58 1548.38 4397.82 1537.64 4392.43 1550.00 4399.00 1539.66 4395.24 1538.07 4397.75 1543.00 4399.24 1550.00 4399.00 1550.00 4399.00 1534.41 4408.00 1543.44 4406.55 1540.14 4417.54 1546.93 4405.29 1548.43 4413.92 1549.72 4415.00 1550.17 4399.98 1559.19 4408.19 1556.89 4404.79 1553.28 4401.29 1557.47 4401.87 1566.00 4399.28 
38 4831.99 -2273.24 4831.93 -2273.52 4851.01 -2282.35 4842.43 -2284.59 4844.53 -2301.51 4844.46 -2307.06 4837.53 -2292.61 4829.30 -2292.99 4826.43 -2313.84 4824.58 -2280.19 4809.86 -2297.87 4804.93 -2302.88 4823.53 -2279.25 4794.06 -2300.08 4811.98 -2285.62 4791.72 -2287.69 4786.81 -2281.40 4814.09 -2274.67 4830.00 -2273.00 4801.22 -2269.47 4790.12 -2254.40 4826.50 -2271.06 4818.68 -2263.16 4818.43 -2259.21 4812.00 -2241.82 4816.14 -2238.69 4828.29 -2259.10 4828.50 -2230.03 4829.62 -2251.00 4839.84 -2236.29 4839.37 -2249.82 4843.68 -2240.78 4836.58 -2259.52 4835.99 -2263.77 4853.46 -2255.95 4835.44 -2270.46 4872.47 -2266.27 4869.99 -2272.30 
10 1209.40 -2547.82 1211.44 -2566.71 1202.13 -2568.01 1186.00 -2526.00 1180.48 -2530.31 1150.49 -2505.50 1168.86 -2515.70 1188.88 -2493.13 1214.34 -2502.22 1195.51 -2522.91 
27 -4448.00 -2899.03 -4440.20 -2900.87 -4443.75 -2901.91 -4442.22 -2903.24 -4448.23 -2899.64 -4443.44 -2904.75 -4445.64 -2903.97 -4446.52 -2907.65 -4451.92 -2911.67 -4451.76 -2908.61 -4452.37 -2907.34 -4451.54 -2904.44 -4450.55 -2901.57 -4458.40 -2902.42 -4461.50 -2902.58 -4453.99 -2899.35 -4456.92 -2897.89 -4451.62 -2897.55 -4449.83 -2898.44 -4453.66 -2895.22 -4453.24 -2894.76 -4450.87 -2890.20 -4447.83 -2895.17 -4447.83 -2896.24 -4444.62 -2890.01 -4447.66 -2897.51 -4440.22 -2890.82 
24 2504.48 3937.10 2489.26 3937.76 2497.40 3915.67 2474.25 3935.69 2472.05 3933.05 2469.44 3934.14 2463.13 3908.90 2467.71 3936.82 2448.73 3913.45 2456.68 3927.64 2462.45 3936.08 2464.01 3943.37 2466.06 3943.78 2429.77 3951.01 2452.42 3946.95 2471.00 3943.00 2453.06 3975.36 2469.90 3946.85 2469.65 3948.85 2471.05 3944.00 2471.49 3946.97 2471.91 3943.42 2509.97 3952.00 2485.82 3945.35 
8 -123.22 -1398.29 -114.33 -1406.08 -126.55 -1414.13 -142.22 -1404.30 -151.09 -1411.00 -144.12 -1402.15 -138.97 -1396.49 -132.95 -1393.81 
28 -196.37 4164.31 -191.33 4159.23 -195.34 4162.22 -196.06 4161.47 -196.79 4162.17 -195.07 4159.70 -195.31 4157.17 -198.18 4162.44 -199.03 4162.12 -199.72 4164.02 -200.38 4155.01 -203.71 4154.59 -205.07 4155.12 -207.19 4159.05 -200.98 4166.21 -206.06 4169.50 -201.71 4167.03 -201.82 4169.56 -202.85 4172.39 -201.10 4169.85 -201.53 4173.85 -200.21 4169.99 -198.25 4171.74 -197.56 4171.48 -196.00 4172.93 -199.41 4166.81 -196.98 4168.62 -189.54 4169.40 
33 3081.54 3903.15 3041.00 3911.12 3050.45 3905.50 3066.36 3891.49 3042.78 3906.82 3064.21 3877.70 3062.80 3875.36 3057.18 3876.43 3037.23 3906.60 3034.63 3903.02 3032.61 3905.10 3022.37 3883.05 3030.34 3906.78 3011.60 3866.97 3010.72 3886.25 3018.96 3909.53 3015.29 3918.30 3017.74 3919.97 3007.31 3926.33 3018.07 3925.35 3019.37 3928.64 3031.50 3919.33 3018.61 3957.29 3025.46 3944.80 3030.88 3929.67 3032.59 3941.96 3034.58 3925.98 3043.21 3931.62 3034.00 3915.00 3062.21 3953.83 3052.74 3935.81 3068.77 3924.32 3077.57 3921.12 
5 -712.95 813.75 -712.02 798.34 -738.15 818.64 -749.86 802.46 -754.34 825.39 
12 1765.17 -450.64 1758.51 -438.74 1760.78 -427.97 1740.43 -455.32 1746.56 -446.17 1735.16 -440.17 1757.06 -427.69 1741.72 -404.02 1760.83 -426.02 1759.67 -408.05 1762.22 -417.07 1773.08 -416.50 
32 -2534.33 1178.18 -2533.31 1174.19 -2555.03 1180.25 -2552.76 1151.17 -2555.74 1167.00 -2558.18 1157.10 -2556.00 1182.00 -2563.87 1147.90 -2567.70 1167.03 -2566.42 1171.21 -2567.14 1175.30 -2588.08 1165.66 -2586.08 1174.50 -2569.74 1179.33 -2571.98 1181.16 -2563.99 1182.42 -2574.44 1186.60 -2576.10 1190.95 -2564.16 1185.80 -2578.07 1193.74 -2578.74 1194.61 -2564.30 1189.22 -2561.04 1186.86 -2561.24 1194.98 -2555.69 1190.99 -2555.88 1182.99 -2552.52 1206.76 -2552.87 1199.73 -2553.58 1186.37 -2548.05 1194.72 -2556.00 1182.00 -2552.23 1185.28 
41 3494.94 -65.39 3485.91 -65.10 3513.24 -75.12 3493.10 -69.13 3510.52 -76.74 3491.26 -74.28 3480.51 -65.31 3483.95 -68.95 3479.65 -65.89 3479.87 -73.96 3479.00 -87.00 3479.00 -64.00 3473.70 -72.48 3477.77 -65.58 3459.97 -85.89 3474.23 -69.12 3453.82 -88.31 3461.45 -80.37 3469.57 -69.67 3471.24 -65.94 3455.36 -68.17 3469.00 -64.17 3443.79 -56.52 3444.39 -54.08 3473.29 -62.15 3470.83 -51.42 3474.59 -48.62 3478.43 -61.06 3474.66 -39.38 3474.15 -33.38 3479.98 -50.03 3483.69 -37.41 3486.60 -39.14 3492.83 -32.94 3485.58 -50.52 3499.08 -35.33 3488.63 -51.22 3495.73 -45.42 3508.40 -49.02 3489.83 -62.09 3503.97 -62.69 
33 2834.89 1898.85 2858.50 1877.24 2850.75 1883.59 2843.73 1889.27 2836.56 1896.25 2834.05 1886.29 2827.95 1886.29 2822.46 1870.12 2819.19 1888.42 2804.84 1875.84 2810.52 1887.66 2812.34 1890.34 2829.08 1901.45 2829.06 1901.52 2814.44 1898.18 2790.62 1894.88 2830.01 1901.84 2799.18 1898.66 2796.00 1902.00 2827.40 1903.75 2824.76 1905.18 2830.16 1902.54 2822.97 1910.92 2829.69 1903.51 2821.92 1919.82 2816.54 1936.06 2827.69 1913.54 2830.79 1902.98 2833.44 1936.91 2837.24 1931.34 2855.91 1923.65 2844.75 1911.99 2869.04 1914.36 
39 1214.00 1575.00 1224.07 1565.27 1222.62 1563.97 1215.45 1572.38 1217.00 1567.58 1217.58 1564.60 1214.90 1571.10 1214.24 1573.01 1212.05 1569.33 1207.42 1561.52 1206.54 1569.97 1202.26 1567.38 1214.00 1575.00 1211.26 1573.78 1214.00 1575.00 1202.02 1575.63 1200.14 1576.95 1201.78 1579.45 1208.86 1581.13 1208.31 1587.79 1212.83 1577.76 1210.09 1586.35 1213.15 1581.95 1213.79 1576.99 1213.83 1580.00 1214.00 1575.00 1218.82 1584.89 1221.27 1588.12 1217.09 1580.14 1215.09 1576.68 1217.91 1580.80 1217.53 1579.85 1214.00 1575.00 1216.93 1577.73 1218.60 1578.86 1220.93 1579.00 1216.91 1575.73 1227.83 1577.19 1223.96 1575.87 
42 3345.00 -3581.02 3350.97 -3581.61 3349.91 -3582.04 3352.80 -3582.87 3348.78 -3582.46 3344.00 -3581.00 3347.18 -3587.24 3347.37 -3589.34 3344.14 -3589.00 3344.00 -3581.00 3340.92 -3589.46 3341.28 -3586.35 3340.91 -3586.14 3344.00 -3581.00 3341.84 -3583.08 3338.80 -3585.68 3341.54 -3582.72 3336.45 -3585.90 3338.00 -3584.61 3336.87 -3584.63 3334.60 -3584.42 3341.02 -3580.69 3335.72 -3577.48 3338.65 -3578.28 3337.82 -3577.71 3339.85 -3578.20 3343.38 -3580.21 3340.39 -3576.21 3343.48 -3578.05 3343.58 -3577.02 3344.26 -3578.01 3344.65 -3579.11 3347.75 -3571.73 3344.88 -3579.20 3348.12 -3574.14 3349.03 -3573.54 3347.19 -3578.59 3349.44 -3578.46 3347.83 -3579.83 3353.93 -3579.78 3346.99 -3580.74 3353.99 -3580.48 
32 4506.99 1809.55 4500.82 1808.43 4508.13 1802.49 4516.94 1793.94 4510.62 1788.72 4501.00 1797.88 4503.36 1779.40 4488.19 1786.71 4488.71 1798.12 4492.25 1806.40 4484.14 1791.46 4483.00 1790.95 4480.56 1796.56 4492.56 1808.61 4468.84 1793.66 4473.15 1800.28 4477.44 1806.18 4474.00 1810.35 4486.64 1813.13 4486.36 1817.91 4479.97 1838.76 4490.62 1817.25 4490.18 1831.67 4492.95 1819.95 4497.53 1838.78 4496.19 1823.83 4508.71 1832.64 4511.40 1829.32 4509.11 1824.59 4517.75 1820.58 4519.03 1820.11 4511.00 1810.30 
40 -2180.15 1345.50 -2164.47 1336.36 -2162.14 1332.12 -2165.43 1332.43 -2198.00 1352.00 -2193.59 1346.56 -2184.39 1326.39 -2187.60 1303.09 -2191.89 1320.59 -2202.08 1313.21 -2202.66 1339.86 -2209.33 1338.01 -2210.50 1339.05 -2206.63 1343.66 -2232.37 1319.95 -2240.01 1335.87 -2223.43 1346.59 -2236.90 1349.28 -2208.00 1352.00 -2198.00 1352.00 -2211.90 1353.71 -2200.74 1353.22 -2232.75 1369.71 -2199.73 1353.00 -2215.09 1367.39 -2227.44 1384.70 -2207.85 1364.61 -2206.24 1372.40 -2198.19 1352.98 -2198.12 1359.00 -2197.98 1353.00 -2195.00 1394.90 -2197.58 1354.97 -2191.12 1395.46 -2197.45 1353.92 -2197.25 1353.85 -2193.88 1358.86 -2184.78 1368.32 -2171.40 1380.52 -2170.42 1360.96 
43 -4379.39 -1152.14 -4380.95 -1153.69 -4359.11 -1163.64 -4370.80 -1162.25 -4371.51 -1165.01 -4376.25 -1167.11 -4379.69 -1164.76 -4384.13 -1168.47 -4388.97 -1159.57 -4390.78 -1162.95 -4389.00 -1191.90 -4390.95 -1178.98 -4397.43 -1187.62 -4393.04 -1154.91 -4400.94 -1191.06 -4408.06 -1166.84 -4417.18 -1173.31 -4430.08 -1179.84 -4394.36 -1150.85 -4428.53 -1167.61 -4404.79 -1154.69 -4435.26 -1161.40 -4412.88 -1151.20 -4421.93 -1151.09 -4403.98 -1148.37 -4398.97 -1148.39 -4423.41 -1142.89 -4415.29 -1143.19 -4398.39 -1146.15 -4417.11 -1134.50 -4409.20 -1136.95 -4414.23 -1125.98 -4400.81 -1138.12 -4396.02 -1136.64 -4395.24 -1132.31 -4391.17 -1146.12 -4388.78 -1138.48 -4370.66 -1107.12 -4372.50 -1115.23 -4374.02 -1131.63 -4376.07 -1138.65 -4390.29 -1147.97 -4390.00 -1149.00 
34 1657.90 -4539.71 1645.96 -4538.38 1661.47 -4542.35 1644.72 -4538.69 1660.26 -4554.26 1651.83 -4549.61 1647.00 -4543.20 1645.75 -4541.60 1642.47 -4545.85 1641.71 -4548.76 1639.32 -4553.30 1637.36 -4553.65 1637.38 -4546.78 1644.00 -4538.00 1637.31 -4544.02 1639.34 -4541.78 1640.76 -4540.35 1641.24 -4539.17 1634.15 -4536.26 1630.42 -4534.61 1630.09 -4532.38 1643.09 -4537.59 1642.37 -4534.35 1643.27 -4531.04 1642.08 -4516.08 1644.73 -4531.04 1645.29 -4533.17 1644.00 -4538.00 1653.63 -4525.22 1647.39 -4535.88 1649.67 -4536.05 1649.80 -4536.45 1647.91 -4537.17 1651.99 -4537.58 
43 -1219.01 -2097.21 -1202.93 -2102.87 -1190.26 -2119.34 -1207.98 -2107.93 -1197.60 -2126.94 -1221.00 -2097.00 -1215.31 -2118.25 -1220.63 -2103.99 -1221.47 -2105.99 -1223.33 -2105.69 -1223.63 -2105.61 -1226.73 -2111.94 -1235.90 -2127.56 -1237.67 -2114.26 -1223.93 -2099.73 -1254.16 -2119.37 -1259.53 -2111.02 -1242.79 -2100.06 -1261.84 -2100.57 -1222.98 -2096.72 -1230.78 -2094.92 -1253.15 -2089.58 -1243.11 -2090.66 -1242.47 -2088.76 -1241.67 -2086.92 -1227.43 -2089.34 -1246.28 -2063.46 -1234.25 -2075.80 -1231.75 -2068.99 -1227.49 -2077.03 -1223.09 -2057.05 -1219.06 -2089.24 -1219.25 -2091.26 -1216.36 -2082.73 -1208.32 -2073.16 -1212.18 -2084.86 -1218.59 -2093.81 -1216.50 -2091.64 -1212.71 -2091.41 -1193.01 -2079.51 -1196.94 -2084.74 -1196.42 -2088.54 -1193.27 -2088.52 
16 3362.34 -4336.63 3365.47 -4344.38 3338.61 -4347.70 3353.03 -4328.22 3333.39 -4323.99 3343.54 -4324.60 3334.14 -4321.16 3353.40 -4327.20 3346.58 -4310.51 3352.19 -4315.13 3354.00 -4325.00 3361.73 -4310.64 3355.88 -4324.47 3369.65 -4321.36 3360.91 -4326.90 3365.98 -4327.37 
22 2817.85 -3162.21 2815.82 -3162.03 2813.00 -3161.00 2815.62 -3167.49 2813.31 -3162.98 2812.91 -3162.00 2813.00 -3161.00 2809.92 -3164.94 2808.61 -3165.09 2808.59 -3158.65 2810.43 -3159.45 2810.70 -3159.07 2812.59 -3160.09 2811.45 -3156.24 2812.43 -3158.06 2812.84 -3160.01 2813.56 -3157.04 2814.03 -3159.29 2815.05 -3158.81 2817.32 -3156.83 2813.91 -3160.58 2819.89 -3159.78 
5 -898.00 -2258.00 -892.34 -2264.99 -885.35 -2292.77 -937.27 -2250.37 -890.49 -2243.87 
17 4063.28 -1327.29 4061.32 -1343.35 4055.77 -1335.00 4053.98 -1330.77 4050.10 -1333.58 4049.64 -1332.18 4043.14 -1341.07 4043.10 -1323.58 4048.01 -1321.58 4053.51 -1320.32 4053.70 -1320.07 4053.94 -1318.57 4055.84 -1321.01 4055.79 -1319.01 4055.53 -1313.01 4056.07 -1320.00 4056.21 -1319.01 
41 243.99 447.65 240.95 447.15 234.98 447.79 240.54 445.49 238.57 445.97 242.48 442.70 235.44 446.61 238.38 439.01 237.75 438.73 233.86 446.00 233.22 439.03 233.63 445.02 232.26 438.15 233.79 447.02 234.00 448.00 234.00 448.00 234.00 448.00 228.52 445.56 230.27 446.57 234.00 448.00 230.02 447.58 224.00 447.83 227.00 448.24 227.15 449.46 233.05 448.31 225.91 451.95 230.54 450.00 232.38 449.18 231.00 453.20 230.49 455.19 232.09 457.82 233.03 454.93 234.94 453.93 235.29 452.83 234.63 448.78 237.28 451.77 235.44 449.39 234.79 448.62 241.79 452.50 234.88 448.47 243.78 450.08 
12 -38.11 2220.18 -22.77 2197.94 -61.25 2203.80 -58.78 2217.73 -66.79 2218.16 -79.92 2227.23 -76.86 2241.00 -57.53 2230.50 -58.80 2245.31 -63.44 2255.29 -48.00 2252.00 -36.12 2230.29 
23 3819.94 -1440.67 3798.96 -1439.47 3816.49 -1449.44 3815.62 -1456.06 3820.46 -1462.62 3814.64 -1461.22 3804.39 -1451.44 3811.37 -1463.59 3796.14 -1439.99 3795.62 -1461.00 3790.85 -1465.50 3787.05 -1439.94 3777.12 -1415.69 3793.35 -1434.76 3782.38 -1412.27 3794.37 -1435.35 3795.30 -1429.02 3796.19 -1428.00 3797.35 -1433.15 3800.66 -1421.61 3811.38 -1434.59 3820.86 -1436.39 3821.00 -1439.00 
18 -3971.05 -161.94 -3972.39 -163.47 -3971.17 -165.69 -3971.83 -168.36 -3979.17 -163.88 -3979.33 -163.92 -3980.31 -163.98 -3980.83 -161.56 -3983.83 -159.83 -3980.69 -160.28 -3980.98 -158.16 -3982.18 -152.27 -3980.70 -156.05 -3979.86 -153.00 -3979.86 -159.00 -3977.24 -151.39 -3974.56 -156.59 -3974.01 -160.58 
8 -2800.39 993.54 -2806.26 994.05 -2822.23 996.25 -2818.58 1014.39 -2793.00 1003.00 -2789.57 1020.67 -2782.10 1018.56 -2790.01 1003.21 
14 3016.72 4369.96 2992.89 4372.96 2988.90 4373.56 2988.00 4374.00 2992.87 4361.95 2986.74 4350.03 2959.71 4357.00 2976.43 4387.79 2978.64 4404.60 2980.56 4399.95 2981.35 4405.30 2982.28 4403.45 2988.96 4384.96 3002.54 4395.55 
30 -2015.00 1654.86 -2002.45 1651.37 -1998.73 1646.87 -1998.09 1640.22 -2003.33 1641.80 -2013.71 1648.82 -2007.79 1636.13 -2013.20 1646.84 -2011.53 1642.11 -2017.00 1650.00 -2017.23 1642.00 -2018.33 1636.05 -2025.03 1630.27 -2017.00 1655.00 -2022.60 1652.85 -2023.95 1654.15 -2021.97 1654.48 -2021.00 1654.93 -2029.56 1658.36 -2027.46 1658.40 -2032.76 1661.37 -2019.26 1656.97 -2017.00 1655.00 -2021.09 1663.02 -2019.19 1668.83 -2009.58 1677.83 -2008.08 1671.78 -2001.68 1667.86 -2007.29 1660.16 -2005.15 1656.88 
18 1484.68 -101.65 1489.82 -105.89 1453.89 -123.03 1444.39 -105.53 1435.63 -107.77 1461.09 -98.73 1429.34 -102.87 1453.03 -97.23 1427.46 -81.73 1441.21 -61.53 1449.63 -67.19 1462.63 -94.24 1460.34 -68.22 1469.00 -57.31 1469.85 -78.87 1465.79 -93.33 1472.17 -85.42 1485.20 -84.75 
42 830.00 4294.72 853.98 4293.60 840.50 4289.85 830.42 4290.60 846.17 4268.00 841.79 4266.23 824.11 4269.97 812.60 4255.02 812.01 4257.05 811.63 4261.08 806.37 4255.73 808.80 4270.55 802.89 4266.06 801.50 4265.54 794.12 4259.14 795.55 4267.64 813.41 4294.19 812.71 4293.47 776.84 4277.67 781.72 4288.14 790.01 4295.84 785.31 4303.77 777.59 4308.98 780.14 4312.25 809.89 4300.66 810.13 4310.52 808.21 4331.54 811.39 4324.89 814.00 4333.00 815.57 4324.96 817.03 4305.57 823.89 4325.43 817.23 4303.40 829.96 4325.02 831.62 4316.76 831.26 4311.67 831.84 4311.06 815.60 4296.20 848.82 4318.49 844.60 4307.36 831.21 4300.26 834.00 4295.00 
33 -257.44 687.22 -264.20 689.12 -262.50 688.06 -256.67 682.45 -266.00 690.00 -254.62 677.37 -262.18 673.44 -265.74 685.01 -267.57 675.08 -270.13 675.58 -272.14 677.42 -274.24 676.29 -270.68 684.80 -266.00 690.00 -281.65 683.36 -267.00 689.98 -273.90 691.25 -279.52 693.62 -273.19 693.51 -268.12 692.12 -268.58 694.29 -269.08 698.46 -267.39 699.90 -268.19 707.87 -265.84 699.00 -260.30 701.68 -256.36 701.49 -258.78 698.30 -261.32 695.20 -261.40 693.86 -253.53 696.36 -264.04 690.42 -262.06 690.69 
35 1746.87 3928.12 1735.52 3926.43 1714.96 3930.72 1755.85 3917.40 1748.04 3919.28 1747.92 3909.80 1719.59 3926.79 1718.01 3926.54 1735.24 3898.29 1715.88 3927.47 1714.26 3930.03 1725.61 3884.43 1714.00 3917.00 1707.24 3916.50 1707.64 3918.53 1704.61 3913.34 1705.24 3916.43 1691.95 3917.22 1691.26 3918.39 1672.28 3914.14 1692.03 3929.85 1672.06 3933.20 1674.22 3940.92 1714.00 3931.00 1697.89 3941.07 1686.64 3949.45 1707.12 3940.83 1709.61 3953.58 1706.49 3978.41 1718.86 3958.57 1718.66 3948.39 1724.47 3967.53 1715.17 3933.76 1733.66 3944.77 1722.48 3936.30 
29 4750.69 -4796.05 4745.81 -4794.85 4769.36 -4808.06 4747.94 -4798.53 4751.05 -4803.71 4745.09 -4795.68 4751.81 -4812.41 4751.02 -4816.95 4744.84 -4799.94 4746.07 -4810.87 4739.04 -4811.30 4738.38 -4807.91 4731.29 -4808.12 4743.28 -4794.69 4720.96 -4814.74 4730.01 -4801.76 4740.47 -4795.88 4732.32 -4799.70 4742.09 -4794.58 4734.18 -4795.91 4744.00 -4794.00 4737.82 -4790.71 4738.72 -4789.41 4743.31 -4790.06 4744.03 -4792.00 4749.79 -4773.81 4754.57 -4771.34 4760.34 -4768.84 4756.86 -4774.93 
25 1198.96 723.27 1193.99 723.76 1198.82 716.69 1193.50 721.40 1191.09 711.03 1189.41 714.34 1192.00 724.00 1192.00 724.00 1190.64 722.54 1185.38 721.72 1183.39 721.37 1180.22 726.29 1182.03 728.65 1185.82 727.29 1188.85 726.46 1185.64 730.36 1188.31 728.73 1187.35 733.97 1189.61 730.58 1189.53 734.72 1192.78 728.94 1196.88 734.96 1192.72 724.69 1193.60 725.20 1202.13 728.30 
25 -3661.47 150.89 -3661.90 150.13 -3660.34 148.89 -3665.29 152.29 -3663.66 147.48 -3665.90 152.01 -3666.00 145.00 -3666.00 153.00 -3667.58 151.77 -3671.14 149.91 -3667.87 152.28 -3668.84 152.02 -3670.99 152.74 -3669.98 153.42 -3673.94 153.97 -3670.94 153.78 -3672.62 155.28 -3672.30 157.93 -3669.86 157.60 -3665.74 153.97 -3663.51 154.68 -3659.13 154.34 -3663.03 153.42 -3661.04 153.61 -3663.01 153.21 
30 742.16 1890.92 740.52 1891.07 739.51 1889.03 738.71 1888.17 739.17 1890.12 738.63 1889.24 740.00 1893.00 738.45 1890.43 740.00 1893.00 737.65 1889.76 740.00 1893.00 734.56 1890.46 738.16 1892.22 737.02 1892.69 740.00 1893.00 736.05 1893.63 734.36 1895.05 739.08 1893.39 739.19 1893.59 740.14 1897.00 741.38 1897.81 741.24 1896.80 742.24 1896.32 741.36 1894.46 744.73 1896.69 742.43 1894.76 744.97 1896.36 745.03 1896.27 741.99 1893.24 740.00 1893.00 
20 2411.98 -1.31 2420.74 -3.49 2428.68 -23.64 2409.00 -1.00 2429.88 -41.99 2412.44 -22.73 2409.37 -3.98 2404.78 -27.67 2404.31 -27.59 2404.61 -23.58 2396.32 -45.22 2404.06 -16.22 2402.29 -10.95 2376.13 1.88 2401.12 0.39 2414.56 21.32 2423.12 11.71 2409.79 -0.38 2453.70 13.52 2430.00 -0.63 
42 4054.95 1487.67 4042.93 1488.03 4052.57 1481.97 4046.29 1482.82 4045.95 1482.29 4044.45 1473.11 4040.40 1472.58 4036.00 1473.00 4035.70 1472.00 4035.03 1485.12 4032.14 1475.54 4031.62 1480.01 4027.52 1475.43 4036.00 1489.00 4028.45 1484.10 4030.06 1485.29 4023.88 1482.00 4020.59 1481.82 4022.19 1483.14 4033.22 1487.88 4019.09 1482.84 4035.00 1488.97 4035.00 1488.98 4034.04 1489.42 4021.66 1493.39 4035.13 1489.48 4033.70 1490.93 4033.32 1491.97 4035.37 1489.78 4032.48 1497.28 4033.72 1495.62 4032.29 1500.41 4033.49 1506.82 4036.42 1494.99 4036.48 1490.94 4037.46 1493.78 4044.03 1506.22 4040.59 1495.55 4038.33 1490.89 4036.00 1489.00 4043.00 1492.88 4053.61 1492.74 
41 -4008.01 -512.80 -4042.12 -517.29 -4034.29 -523.85 -4021.67 -533.81 -4039.82 -523.08 -4044.81 -519.71 -4028.73 -534.75 -4045.29 -525.42 -4053.22 -513.84 -4050.49 -523.48 -4053.30 -531.99 -4054.52 -526.99 -4055.67 -543.96 -4056.68 -533.84 -4056.50 -527.80 -4061.20 -543.18 -4054.73 -514.91 -4056.25 -517.56 -4067.39 -534.29 -4070.78 -536.87 -4068.39 -525.89 -4085.38 -522.20 -4083.11 -519.26 -4073.99 -511.30 -4067.86 -504.00 -4071.14 -501.70 -4057.15 -508.11 -4062.23 -479.01 -4054.00 -473.00 -4050.34 -482.22 -4053.74 -511.03 -4053.12 -509.13 -4041.46 -479.32 -4049.88 -501.80 -4039.03 -500.30 -4054.00 -512.00 -4034.58 -501.67 -4011.35 -494.77 -4034.98 -505.82 -4045.05 -511.06 -4027.07 -510.12 
50 -2230.23 -5.86 -0.14 -0.19
25 -1984.00 4870.86 -1950.14 4867.86 -1953.11 4859.03 -1982.27 4869.57 -1981.54 4866.99 -1959.84 4844.84 -1982.50 4864.94 -1970.00 4842.14 -1983.26 4864.56 -1984.88 4855.04 -1996.58 4847.25 -2006.15 4839.97 -1989.54 4867.46 -2013.95 4849.94 -2015.48 4861.42 -2017.00 4871.00 -2010.49 4884.57 -1993.28 4876.29 -2005.43 4886.73 -1986.00 4871.00 -2008.92 4894.74 -1986.12 4878.00 -1985.91 4872.00 -1984.63 4874.76 -1960.14 4873.72 
12 4439.87 -480.25 4434.00 -479.00 4434.00 -479.00 4446.36 -485.57 4430.78 -489.52 4431.30 -480.32 4431.54 -477.28 4430.50 -472.94 4430.75 -471.69 4433.35 -477.11 4436.94 -474.95 4440.85 -477.54 
5 -2473.40 1002.05 -2475.12 1001.22 -2481.86 990.54 -2484.24 1000.82 -2470.45 1013.33 
35 417.00 -385.00 419.96 -385.47 423.73 -386.93 417.90 -385.44 418.68 -386.09 418.55 -386.26 417.00 -385.00 419.34 -390.52 417.73 -390.96 416.97 -387.00 415.29 -389.70 414.85 -390.60 415.78 -387.74 412.27 -388.69 417.00 -385.00 416.08 -385.39 410.05 -384.15 416.16 -384.46 413.68 -382.76 415.38 -383.82 415.45 -383.74 414.12 -382.22 415.25 -381.40 415.15 -379.29 417.10 -384.01 417.42 -383.04 417.78 -382.10 418.63 -382.48 421.02 -379.27 418.20 -383.40 418.93 -382.70 419.46 -383.28 417.00 -385.00 419.52 -383.37 423.85 -383.54 
14 -3786.38 -2394.74 -3793.72 -2386.99 -3794.00 -2383.00 -3804.57 -2392.18 -3796.30 -2384.93 -3807.46 -2379.14 -3795.67 -2367.09 -3792.34 -2364.07 -3793.03 -2375.06 -3788.98 -2369.93 -3787.43 -2370.64 -3785.45 -2376.08 -3790.06 -2382.31 -3783.14 -2381.28 
15 -1571.01 2762.74 -1562.26 2755.38 -1569.09 2759.56 -1569.88 2756.14 -1575.46 2758.22 -1583.33 2757.17 -1579.14 2759.91 -1585.99 2762.58 -1581.73 2765.07 -1577.88 2777.49 -1577.87 2778.52 -1574.47 2765.96 -1573.58 2763.91 -1570.61 2769.12 -1572.19 2763.85 
44 -609.02 -1873.42 -610.05 -1873.52 -611.09 -1873.58 -613.00 -1873.00 -609.11 -1876.15 -610.28 -1878.35 -612.90 -1879.00 -613.05 -1874.00 -614.57 -1879.82 -616.94 -1883.27 -617.31 -1878.52 -613.00 -1873.00 -613.00 -1873.00 -621.65 -1875.48 -615.98 -1873.31 -613.00 -1873.00 -618.80 -1871.45 -620.19 -1869.49 -622.62 -1867.67 -614.66 -1871.88 -619.13 -1867.86 -616.72 -1869.65 -620.78 -1865.22 -614.39 -1871.56 -617.09 -1868.61 -614.93 -1870.70 -615.87 -1868.90 -613.33 -1872.05 -613.31 -1872.05 -613.00 -1873.00 -613.21 -1871.01 -613.10 -1871.00 -612.13 -1863.04 -611.47 -1865.15 -610.82 -1864.27 -611.63 -1869.24 -609.63 -1864.66 -609.73 -1867.97 -610.03 -1870.32 -604.22 -1866.38 -603.77 -1867.01 -604.66 -1869.63 -605.24 -1871.06 -607.00 -1872.79 
11 3571.76 3919.83 3568.48 3916.03 3565.01 3921.28 3560.09 3922.25 3560.60 3924.23 3560.82 3929.78 3567.07 3923.30 3570.04 3925.89 3571.63 3926.39 3569.00 3921.00 3577.69 3923.33 
28 1623.00 -1004.00 1637.10 -1009.13 1625.26 -1005.97 1633.23 -1014.97 1630.42 -1015.87 1626.37 -1018.62 1622.52 -1005.94 1620.26 -1011.52 1617.86 -1010.13 1620.84 -1006.08 1615.15 -1005.53 1621.02 -1004.28 1607.06 -1002.61 1609.21 -1001.57 1622.10 -1003.56 1610.22 -994.37 1622.27 -1003.32 1615.92 -993.10 1617.55 -993.31 1621.31 -1000.37 1618.12 -993.04 1622.69 -998.01 1623.05 -1003.00 1628.38 -990.00 1633.29 -997.82 1637.89 -1002.17 1629.97 -1003.39 1625.99 -1003.79 
26 -4712.44 -4682.04 -4730.48 -4684.64 -4717.67 -4700.33 -4731.63 -4687.40 -4739.41 -4679.54 -4737.12 -4684.00 -4731.62 -4699.09 -4737.58 -4725.88 -4739.64 -4702.96 -4748.25 -4714.30 -4743.35 -4680.24 -4745.24 -4681.24 -4746.80 -4680.91 -4752.58 -4682.90 -4779.90 -4679.72 -4743.00 -4677.10 -4782.90 -4674.07 -4766.37 -4667.77 -4747.34 -4674.04 -4752.03 -4638.55 -4741.61 -4670.03 -4737.25 -4653.30 -4732.67 -4659.92 -4716.91 -4650.25 -4706.60 -4652.91 -4724.82 -4669.11 
21 -3583.04 -3546.61 -3566.96 -3552.43 -3563.27 -3554.03 -3573.50 -3552.76 -3563.41 -3561.37 -3582.34 -3551.66 -3574.22 -3568.05 -3585.97 -3550.57 -3583.66 -3570.62 -3587.93 -3548.00 -3590.82 -3551.30 -3591.09 -3551.14 -3604.34 -3571.16 -3606.24 -3558.30 -3600.00 -3553.21 -3589.70 -3544.94 -3592.85 -3542.47 -3592.35 -3528.53 -3588.00 -3546.00 -3582.33 -3536.57 -3566.00 -3546.00 
25 1414.91 -3155.78 1408.86 -3155.72 1401.63 -3155.69 1404.39 -3158.81 1406.54 -3173.18 1403.61 -3180.41 1395.35 -3191.91 1382.37 -3190.82 1392.97 -3157.27 1374.00 -3168.42 1360.66 -3168.33 1397.01 -3154.14 1370.21 -3157.41 1397.00 -3154.00 1363.19 -3150.34 1363.43 -3148.52 1397.09 -3153.59 1372.57 -3125.76 1400.78 -3138.24 1409.74 -3136.59 1404.14 -3147.42 1417.17 -3139.56 1412.13 -3146.49 1402.73 -3152.37 1407.99 -3153.48 
35 -3113.00 -1119.09 -3114.00 -1119.00 -3114.00 -1119.00 -3112.50 -1121.60 -3113.86 -1121.00 -3113.90 -1122.00 -3114.03 -1120.00 -3114.33 -1119.95 -3114.75 -1119.66 -3115.53 -1120.29 -3114.00 -1119.00 -3114.00 -1119.00 -3114.00 -1119.00 -3114.90 -1118.56 -3116.54 -1117.41 -3115.49 -1117.66 -3116.52 -1115.89 -3114.00 -1119.00 -3114.00 -1119.00 -3114.00 -1119.00 -3114.34 -1118.06 -3114.33 -1118.05 -3114.14 -1117.00 -3114.00 -1118.00 -3114.00 -1119.00 -3113.02 -1116.16 -3113.52 -1118.13 -3114.00 -1119.00 -3113.31 -1118.28 -3111.84 -1116.92 -3111.60 -1117.19 -3111.46 -1117.41 -3110.35 -1117.37 -3110.17 -1117.83 -3112.00 -1118.86 
19 -3349.59 3404.83 -3341.47 3390.92 -3367.54 3405.99 -3344.37 3371.98 -3383.64 3389.01 -3382.52 3413.22 -3391.97 3416.49 -3402.38 3422.89 -3391.24 3420.67 -3387.51 3437.99 -3382.55 3434.85 -3377.02 3423.07 -3379.73 3433.78 -3379.29 3451.36 -3374.97 3428.77 -3366.02 3452.58 -3339.03 3426.80 -3331.22 3429.02 -3356.70 3414.68 
11 -2820.01 4403.55 -2825.72 4398.71 -2810.46 4385.75 -2807.08 4376.21 -2834.89 4401.67 -2842.12 4430.47 -2835.10 4414.80 -2826.42 4417.48 -2831.00 4407.46 -2819.62 4418.86 -2806.02 4404.94 
18 -4844.10 825.22 -4836.43 822.97 -4844.15 825.07 -4833.41 819.66 -4844.77 823.99 -4853.77 817.33 -4851.09 821.61 -4853.54 823.49 -4863.34 821.31 -4849.91 825.27 -4849.00 825.97 -4851.53 828.11 -4846.27 846.99 -4847.00 826.00 -4846.83 826.98 -4836.28 828.47 -4831.06 827.39 -4842.01 826.26 
23 2765.00 -4487.17 2764.99 -4487.35 2771.63 -4490.53 2767.43 -4490.80 2756.58 -4488.23 2756.36 -4488.46 2756.10 -4507.97 2755.09 -4492.00 2750.28 -4507.46 2749.92 -4498.97 2749.21 -4493.89 2750.90 -4489.87 2737.39 -4490.74 2732.28 -4490.60 2740.01 -4486.48 2747.12 -4485.61 2751.29 -4485.50 2743.89 -4475.49 2756.39 -4479.12 2760.02 -4473.93 2761.74 -4470.31 2763.04 -4479.50 2760.52 -4482.69 
44 1201.86 4878.28 1206.30 4875.32 1201.46 4876.60 1197.49 4877.38 1197.78 4875.76 1201.78 4872.73 1195.53 4876.06 1194.60 4876.53 1197.15 4870.88 1192.59 4877.46 1193.74 4873.56 1191.67 4877.08 1191.83 4876.09 1192.13 4867.05 1191.14 4876.00 1191.07 4876.00 1190.95 4879.00 1187.14 4866.54 1186.01 4870.20 1181.01 4866.25 1177.15 4862.90 1185.75 4873.96 1178.04 4866.10 1175.59 4872.82 1173.00 4880.00 1173.02 4880.94 1171.27 4887.18 1175.24 4886.37 1173.64 4887.73 1172.76 4892.30 1186.09 4883.44 1175.15 4893.78 1183.36 4890.52 1181.01 4899.60 1188.37 4885.39 1196.08 4900.38 1192.71 4884.70 1193.82 4885.30 1194.08 4883.94 1202.81 4893.58 1195.17 4884.32 1203.63 4891.38 1205.50 4886.76 1191.00 4880.00 
39 -2768.00 4942.86 -2758.33 4939.57 -2762.88 4935.73 -2760.25 4932.38 -2772.76 4940.65 -2776.00 4943.00 -2769.85 4933.88 -2770.67 4933.38 -2776.26 4928.00 -2777.87 4938.36 -2785.08 4925.18 -2784.24 4928.13 -2786.62 4927.25 -2786.93 4929.98 -2785.55 4932.76 -2778.23 4940.99 -2780.73 4939.31 -2779.39 4940.88 -2779.46 4941.00 -2788.97 4943.91 -2786.86 4944.72 -2778.91 4943.73 -2789.44 4956.44 -2780.11 4948.66 -2778.06 4946.43 -2776.97 4944.75 -2779.25 4950.31 -2778.48 4951.65 -2777.31 4957.94 -2775.72 4959.00 -2772.13 4958.52 -2768.28 4958.15 -2772.85 4946.89 -2765.03 4953.23 -2769.53 4947.70 -2773.54 4944.72 -2763.14 4950.73 -2766.29 4948.16 -2772.01 4943.28 
9 190.82 -803.57 213.64 -821.47 176.80 -816.67 178.19 -790.77 188.33 -791.12 189.35 -766.01 194.73 -769.33 202.67 -800.08 203.98 -802.27 
35 4898.52 -3278.87 4905.22 -3280.95 4904.58 -3295.84 4884.22 -3277.74 4889.97 -3305.21 4885.82 -3292.78 4883.00 -3275.00 4879.20 -3283.16 4875.05 -3287.72 4877.05 -3280.35 4878.15 -3278.53 4863.71 -3287.53 4875.21 -3279.50 4876.24 -3276.81 4882.02 -3275.21 4865.01 -3275.63 4867.01 -3274.44 4862.03 -3273.90 4882.00 -3274.93 4883.00 -3275.00 4875.45 -3268.44 4871.30 -3260.03 4872.17 -3260.62 4872.06 -3249.23 4876.20 -3254.08 4881.83 -3271.17 4880.05 -3258.26 4881.48 -3246.04 4883.00 -3256.00 4888.03 -3267.54 4896.44 -3261.56 4889.39 -3272.15 4890.83 -3273.34 4898.91 -3273.33 4894.00 -3274.81 
22 -1919.38 -3231.34 -1933.95 -3231.47 -1921.10 -3241.31 -1937.31 -3234.43 -1936.58 -3238.87 -1943.06 -3253.98 -1944.00 -3241.00 -1955.41 -3251.47 -1950.69 -3233.02 -1955.33 -3235.23 -1954.65 -3234.46 -1965.97 -3225.85 -1965.01 -3217.65 -1963.02 -3209.27 -1958.16 -3205.19 -1945.55 -3224.43 -1952.33 -3209.92 -1947.71 -3215.59 -1938.31 -3214.21 -1937.82 -3216.71 -1930.00 -3221.62 -1920.71 -3221.19 
22 4051.91 4166.86 4043.92 4177.31 4041.05 4165.19 4035.98 4181.23 4034.60 4179.54 4023.90 4184.87 4021.31 4186.76 4023.08 4188.43 4013.00 4190.44 4024.00 4195.38 4036.29 4191.03 4020.39 4201.44 4023.91 4199.51 4029.82 4198.78 4035.43 4193.06 4025.28 4210.35 4036.50 4192.60 4033.16 4209.41 4033.78 4216.67 4037.83 4195.00 4041.62 4203.52 4041.53 4191.88 
18 908.00 -207.00 908.00 -207.00 906.64 -208.46 905.28 -208.27 901.27 -208.93 901.18 -208.57 900.00 -207.14 907.01 -206.88 905.10 -206.22 906.09 -206.42 905.26 -205.78 904.76 -204.65 913.52 -202.69 908.00 -207.00 913.52 -204.66 909.99 -206.76 916.00 -206.86 915.00 -207.00 
29 -277.00 976.98 -269.23 974.98 -276.15 976.25 -256.13 964.88 -264.43 968.52 -258.93 964.14 -259.42 960.27 -263.56 957.83 -277.10 973.10 -277.51 963.01 -285.44 951.05 -284.00 966.61 -280.72 972.81 -296.58 960.27 -278.00 977.00 -297.00 977.00 -298.84 979.56 -302.27 988.84 -293.74 985.73 -292.11 996.42 -278.31 978.98 -278.73 983.96 -260.43 990.24 -257.90 985.95 -258.53 984.87 -276.09 977.58 -277.04 977.28 -261.37 980.53 -266.00 977.21 
20 -3579.18 -2864.45 -3581.06 -2866.08 -3580.68 -2867.17 -3582.32 -2865.97 -3583.07 -2865.30 -3583.74 -2864.55 -3584.17 -2865.88 -3584.93 -2865.00 -3585.42 -2864.96 -3587.11 -2867.53 -3585.00 -2863.00 -3590.44 -2867.41 -3588.98 -2862.58 -3587.98 -2862.63 -3586.75 -2862.03 -3587.29 -2859.72 -3582.09 -2857.75 -3582.46 -2861.41 -3579.23 -2861.35 -3579.00 -2862.79 
39 -4170.08 -1410.92 -4168.36 -1417.14 -4156.52 -1422.62 -4182.29 -1414.16 -4166.00 -1425.88 -4187.62 -1417.99 -4180.71 -1440.01 -4188.18 -1430.67 -4192.00 -1409.00 -4200.02 -1438.94 -4196.64 -1423.27 -4211.26 -1434.56 -4213.40 -1435.42 -4198.55 -1413.59 -4210.86 -1420.33 -4211.92 -1420.50 -4206.34 -1413.39 -4228.95 -1410.94 -4198.97 -1408.39 -4206.49 -1405.12 -4204.43 -1405.20 -4203.88 -1403.71 -4219.11 -1393.97 -4193.20 -1407.40 -4195.27 -1403.97 -4205.39 -1386.71 -4204.26 -1382.72 -4199.49 -1390.46 -4193.22 -1395.05 -4190.40 -1386.06 -4186.92 -1388.62 -4191.32 -1407.12 -4188.37 -1401.87 -4191.44 -1408.17 -4170.79 -1389.22 -4166.73 -1386.25 -4178.60 -1398.53 -4180.87 -1404.50 -4166.57 -1403.59 
38 -2157.01 -1025.14 -2144.48 -1028.62 -2148.67 -1030.83 -2158.00 -1025.00 -2152.10 -1036.58 -2157.17 -1028.91 -2157.03 -1031.93 -2158.00 -1025.00 -2158.00 -1032.00 -2158.91 -1037.97 -2158.12 -1025.99 -2162.69 -1036.05 -2161.29 -1031.18 -2159.94 -1028.50 -2160.72 -1029.19 -2165.27 -1035.78 -2161.99 -1028.01 -2170.00 -1024.79 -2169.98 -1024.37 -2171.97 -1024.02 -2162.33 -1022.50 -2167.58 -1017.78 -2165.55 -1015.67 -2161.81 -1019.13 -2158.50 -1024.13 -2160.29 -1014.24 -2159.67 -1013.12 -2158.19 -1014.00 -2157.98 -1024.00 -2156.06 -1017.24 -2153.98 -1012.64 -2154.42 -1014.60 -2153.31 -1013.95 -2155.99 -1022.77 -2156.30 -1023.94 -2146.00 -1017.79 -2153.27 -1023.37 -2154.03 -1024.51 
40 4495.95 3847.55 4494.00 3848.00 4494.88 3847.53 4496.46 3844.85 4494.34 3847.06 4494.31 3847.05 4494.00 3844.00 4493.74 3847.03 4492.31 3844.37 4492.59 3845.35 4492.28 3845.54 4492.71 3846.47 4490.98 3845.38 4492.47 3846.71 4491.67 3846.11 4492.42 3846.77 4490.32 3846.44 4494.00 3848.00 4490.06 3848.69 4492.13 3848.72 4490.57 3850.06 4492.40 3849.20 4491.88 3850.12 4492.19 3850.40 4493.41 3848.81 4492.97 3849.71 4493.66 3848.94 4494.00 3848.00 4494.00 3848.00 4494.00 3852.00 4494.37 3848.93 4494.94 3849.77 4494.53 3848.85 4494.00 3848.00 4494.64 3848.77 4494.00 3848.00 4496.76 3849.17 4497.83 3849.17 4497.90 3848.90 4495.00 3848.05 
10 1602.00 1203.00 1602.00 1200.00 1600.83 1200.24 1601.59 1202.09 1599.40 1204.50 1600.69 1204.51 1601.02 1205.84 1603.08 1205.80 1602.41 1203.91 1603.23 1204.58 
16 2038.84 4554.83 2045.44 4548.00 2026.88 4556.19 2014.75 4553.07 2014.90 4556.07 2011.49 4539.39 2010.28 4535.55 2009.90 4553.52 1994.07 4555.24 2011.91 4569.39 2012.61 4578.58 2017.88 4568.53 2020.50 4570.36 2041.27 4587.75 2048.94 4592.64 2038.87 4567.40 
30 -2515.72 -2180.10 -2495.54 -2191.34 -2499.63 -2190.55 -2525.54 -2177.36 -2502.46 -2206.31 -2507.99 -2204.19 -2526.48 -2176.86 -2525.05 -2181.67 -2524.07 -2203.85 -2526.01 -2194.97 -2527.93 -2178.85 -2554.88 -2168.01 -2536.06 -2171.77 -2529.52 -2174.37 -2532.04 -2171.14 -2547.46 -2154.06 -2540.57 -2151.51 -2531.50 -2164.87 -2536.23 -2150.63 -2534.42 -2143.85 -2530.05 -2160.29 -2527.16 -2173.00 -2528.36 -2137.02 -2514.35 -2141.23 -2514.64 -2155.43 -2514.14 -2160.68 -2515.30 -2165.09 -2497.57 -2150.41 -2509.64 -2168.27 -2495.04 -2174.33 
42 -3027.06 1827.31 -3019.26 1825.51 -3031.00 1828.00 -3023.31 1825.79 -3020.48 1824.78 -3027.20 1826.76 -3021.20 1823.01 -3022.51 1819.51 -3029.71 1826.47 -3029.50 1825.40 -3027.05 1819.91 -3033.74 1821.56 -3035.65 1818.03 -3036.30 1819.52 -3037.31 1818.99 -3032.18 1826.38 -3034.72 1824.65 -3035.73 1824.31 -3040.43 1822.33 -3040.53 1822.50 -3034.56 1826.18 -3038.36 1824.87 -3033.78 1826.88 -3043.29 1823.77 -3041.57 1824.97 -3038.92 1826.89 -3035.97 1827.48 -3033.99 1828.26 -3036.39 1830.63 -3034.89 1831.15 -3037.13 1833.14 -3039.36 1837.96 -3031.42 1828.91 -3031.78 1829.84 -3032.87 1832.64 -3029.12 1839.85 -3028.92 1839.82 -3030.27 1830.91 -3024.90 1839.48 -3024.12 1837.83 -3031.00 1828.00 -3028.00 1828.00 
8 1696.41 -1856.65 1702.49 -1872.54 1682.64 -1892.04 1680.91 -1863.51 1691.98 -1851.38 1693.90 -1850.15 1722.63 -1815.98 1718.07 -1847.38 
10 -4049.03 1333.74 -4048.09 1333.42 -4046.60 1323.54 -4061.76 1317.82 -4071.20 1320.75 -4051.85 1333.25 -4050.72 1334.69 -4053.36 1346.56 -4044.25 1339.56 -4032.33 1337.43 
44 -2846.17 -4787.80 -2843.67 -4790.85 -2852.93 -4790.53 -2859.60 -4788.42 -2852.55 -4794.50 -2863.20 -4788.91 -2852.91 -4798.50 -2867.06 -4792.76 -2868.72 -4788.99 -2869.80 -4807.99 -2870.39 -4800.94 -2873.01 -4805.61 -2872.15 -4798.64 -2874.25 -4801.17 -2871.60 -4792.56 -2873.66 -4797.14 -2871.52 -4788.11 -2881.86 -4800.32 -2887.06 -4803.70 -2885.54 -4800.98 -2893.67 -4795.98 -2885.63 -4788.53 -2880.78 -4787.29 -2870.00 -4784.97 -2874.44 -4782.46 -2877.83 -4780.31 -2890.81 -4770.84 -2884.56 -4774.10 -2876.55 -4778.44 -2878.66 -4776.30 -2875.56 -4777.45 -2869.00 -4785.00 -2874.45 -4776.61 -2875.74 -4768.31 -2876.17 -4760.01 -2871.19 -4771.17 -2869.85 -4778.05 -2865.71 -4758.20 -2859.77 -4759.63 -2846.64 -4768.15 -2853.85 -4777.28 -2852.43 -4777.97 -2857.65 -4781.09 -2864.11 -4783.96 
43 -2423.01 -4979.10 -2423.01 -4979.12 -2421.33 -4980.36 -2419.85 -4981.80 -2419.90 -4981.87 -2420.28 -4982.35 -2424.00 -4979.00 -2424.00 -4979.00 -2422.37 -4981.52 -2423.25 -4980.85 -2424.17 -4980.99 -2424.61 -4983.96 -2424.76 -4982.93 -2427.28 -4982.77 -2427.19 -4981.41 -2426.82 -4980.03 -2425.89 -4978.35 -2424.00 -4979.00 -2427.65 -4977.37 -2428.05 -4976.06 -2424.00 -4979.00 -2426.78 -4976.12 -2424.00 -4979.00 -2425.20 -4977.40 -2424.00 -4979.00 -2425.56 -4975.32 -2424.33 -4978.05 -2425.21 -4974.15 -2425.04 -4974.11 -2424.61 -4974.04 -2423.53 -4976.04 -2423.65 -4977.03 -2422.96 -4975.14 -2423.32 -4977.12 -2421.73 -4974.54 -2422.45 -4976.43 -2423.44 -4978.17 -2421.59 -4975.81 -2422.03 -4976.74 -2420.17 -4975.79 -2421.48 -4977.37 -2421.46 -4977.41 -2422.19 -4978.15 
38 1202.99 -3214.49 1189.99 -3214.10 1203.85 -3216.09 1205.74 -3216.95 1191.74 -3215.22 1198.89 -3218.82 1199.47 -3227.40 1193.69 -3222.83 1194.07 -3224.88 1189.90 -3217.90 1193.01 -3234.61 1187.95 -3228.96 1187.89 -3221.92 1188.65 -3215.97 1185.18 -3230.56 1187.37 -3218.73 1188.66 -3214.94 1187.41 -3216.54 1181.61 -3223.46 1178.30 -3227.21 1180.51 -3222.49 1176.74 -3224.28 1187.11 -3214.65 1174.28 -3216.86 1184.00 -3214.00 1172.38 -3204.79 1174.45 -3201.79 1184.14 -3208.96 1189.00 -3214.00 1188.93 -3212.00 1194.02 -3200.93 1197.21 -3194.67 1193.09 -3209.61 1199.06 -3207.46 1195.78 -3209.76 1192.60 -3212.25 1192.96 -3213.44 1198.99 -3213.65 
43 2968.99 2729.90 2968.99 2729.86 2968.97 2729.74 2972.57 2727.97 2968.00 2730.00 2971.72 2726.65 2968.62 2729.21 2968.00 2730.00 2968.28 2728.02 2967.83 2725.00 2967.84 2727.00 2967.63 2727.02 2967.84 2729.01 2967.35 2728.11 2966.31 2726.37 2965.65 2725.59 2966.06 2726.50 2963.71 2727.42 2964.50 2728.06 2966.05 2729.55 2967.01 2729.90 2967.00 2730.03 2967.05 2730.33 2965.20 2731.08 2963.71 2732.58 2965.77 2732.01 2966.54 2731.36 2968.00 2730.00 2966.07 2732.30 2968.00 2730.00 2966.55 2732.62 2966.63 2733.76 2967.90 2732.00 2967.90 2733.00 2968.35 2734.99 2968.35 2731.97 2969.10 2733.85 2968.00 2730.00 2970.12 2733.39 2969.89 2732.33 2968.00 2730.00 2970.67 2731.36 2970.96 2730.47 
9 2728.90 -3728.44 2734.31 -3737.01 2728.00 -3728.00 2730.66 -3717.33 2733.42 -3720.81 2736.18 -3717.90 2733.74 -3726.25 2735.69 -3725.79 2730.00 -3727.97 
15 -816.22 3425.37 -795.45 3398.42 -803.48 3397.00 -808.40 3403.59 -812.55 3394.31 -814.91 3402.09 -817.00 3426.00 -821.78 3427.46 -838.30 3440.91 -826.90 3435.90 -816.22 3430.94 -814.61 3432.58 -804.88 3447.87 -816.27 3426.68 -784.05 3427.73 
18 -952.01 -3319.16 -952.03 -3319.22 -948.47 -3322.94 -952.22 -3320.84 -951.21 -3323.67 -951.05 -3324.67 -952.13 -3323.92 -953.61 -3323.96 -953.48 -3320.94 -953.55 -3320.92 -955.36 -3320.85 -954.84 -3319.78 -958.82 -3320.45 -957.89 -3317.96 -953.71 -3318.29 -955.01 -3316.77 -953.35 -3314.01 -951.80 -3317.40 
10 2844.54 -2548.31 2836.60 -2548.47 2835.62 -2551.49 2834.55 -2550.80 2820.00 -2580.71 2831.23 -2545.94 2815.90 -2531.15 2843.47 -2531.60 2835.46 -2543.28 2842.89 -2540.18 
11 -4151.40 -493.32 -4179.63 -485.81 -4206.45 -522.99 -4197.39 -483.09 -4208.26 -488.54 -4207.87 -487.24 -4194.27 -476.28 -4164.23 -451.21 -4184.72 -475.48 -4163.13 -467.53 -4151.10 -469.33 
25 -1488.35 -1876.63 -1476.19 -1884.83 -1492.50 -1879.76 -1477.86 -1888.49 -1494.12 -1894.43 -1507.00 -1873.00 -1502.31 -1902.63 -1508.14 -1878.89 -1516.35 -1894.01 -1524.05 -1891.28 -1528.45 -1891.00 -1537.96 -1874.62 -1509.27 -1868.54 -1513.73 -1847.89 -1510.44 -1851.27 -1507.03 -1871.00 -1504.63 -1856.17 -1505.97 -1870.18 -1493.76 -1855.43 -1493.29 -1864.76 -1505.25 -1872.03 -1489.02 -1864.23 -1481.89 -1866.27 -1491.02 -1872.16 -1482.00 -1873.00 
36 -2360.08 4991.33 -2351.87 4987.50 -2361.38 4990.82 -2357.05 4986.65 -2363.00 4992.00 -2357.00 4981.61 -2361.44 4988.32 -2360.79 4984.31 -2361.43 4985.18 -2362.09 4979.03 -2362.95 4991.00 -2362.79 4980.00 -2363.00 4986.00 -2364.56 4982.12 -2368.07 4981.12 -2367.11 4986.34 -2368.71 4990.15 -2365.87 4991.12 -2372.90 4990.61 -2368.98 4991.48 -2368.00 4992.17 -2369.99 4992.37 -2369.30 4996.93 -2364.51 4993.31 -2365.23 4994.01 -2364.30 4995.78 -2365.49 5003.74 -2357.55 5000.39 -2357.41 5000.29 -2358.85 4994.80 -2350.42 4998.14 -2353.39 4994.76 -2353.34 4994.59 -2363.00 4992.00 -2357.01 4992.31 -2357.00 4992.00 
44 -241.00 -756.37 -234.61 -761.82 -248.61 -760.09 -224.18 -769.02 -245.43 -763.03 -259.26 -757.22 -227.02 -775.39 -238.60 -777.82 -235.84 -782.16 -256.10 -767.58 -251.84 -796.75 -253.80 -798.21 -256.76 -798.68 -264.42 -765.70 -272.82 -789.29 -277.46 -790.71 -276.07 -783.62 -267.50 -765.53 -283.65 -768.50 -297.19 -767.43 -290.98 -763.76 -287.00 -755.56 -303.08 -740.23 -295.80 -740.95 -264.52 -754.37 -276.74 -745.68 -292.56 -724.35 -283.25 -724.50 -267.30 -747.52 -279.25 -722.14 -271.72 -735.15 -271.74 -731.89 -269.42 -723.85 -256.21 -719.46 -248.71 -715.10 -246.36 -722.47 -246.97 -728.89 -248.36 -741.37 -243.24 -736.58 -256.34 -750.34 -243.13 -739.60 -242.27 -748.82 -245.58 -751.60 -260.01 -755.83 
15 -1408.04 1748.74 -1397.53 1744.47 -1430.10 1703.18 -1437.00 1730.95 -1441.97 1744.19 -1429.91 1749.17 -1451.86 1752.72 -1438.61 1753.14 -1444.12 1764.16 -1434.77 1767.98 -1409.52 1790.80 -1411.00 1775.98 -1420.26 1758.19 -1418.94 1753.76 -1386.30 1754.87 
44 -2334.00 -1388.05 -2335.00 -1388.00 -2309.25 -1391.62 -2310.55 -1393.20 -2309.42 -1399.39 -2316.29 -1397.53 -2335.00 -1388.00 -2327.57 -1394.69 -2328.53 -1394.25 -2328.08 -1396.55 -2320.31 -1408.23 -2332.49 -1394.54 -2334.93 -1389.00 -2333.85 -1420.98 -2335.33 -1388.95 -2335.00 -1388.00 -2348.54 -1405.34 -2348.99 -1395.76 -2346.74 -1390.49 -2335.98 -1387.79 -2337.88 -1387.17 -2369.04 -1376.28 -2349.94 -1382.27 -2366.49 -1370.55 -2364.14 -1370.49 -2352.73 -1368.98 -2345.23 -1374.42 -2337.96 -1381.66 -2346.47 -1358.13 -2335.00 -1388.00 -2339.69 -1361.41 -2337.23 -1356.08 -2331.24 -1352.20 -2334.44 -1384.04 -2331.87 -1368.25 -2326.29 -1353.07 -2332.95 -1381.31 -2314.86 -1355.77 -2315.74 -1362.44 -2331.85 -1384.11 -2328.94 -1384.50 -2297.91 -1373.02 -2296.38 -1382.57 -2302.08 -1385.70 
12 -3211.01 -522.45 -3198.32 -526.07 -3203.15 -531.72 -3217.53 -530.90 -3223.44 -522.83 -3234.89 -538.77 -3254.00 -521.48 -3226.97 -521.58 -3241.85 -515.50 -3222.59 -513.11 -3215.10 -515.53 -3217.94 -518.50 
50 -4827.25 4501.73 -1.00 0.59
21 3147.88 4471.19 3139.18 4476.65 3146.01 4465.58 3138.30 4476.22 3137.84 4474.06 3136.64 4479.07 3126.93 4463.89 3131.91 4483.18 3132.27 4483.69 3137.00 4480.00 3130.29 4489.95 3129.38 4491.74 3135.97 4481.71 3134.08 4500.80 3137.00 4494.00 3137.26 4484.99 3140.13 4487.36 3138.45 4482.62 3144.73 4492.86 3149.43 4483.80 3157.84 4482.56 
11 2776.58 1651.61 2772.72 1652.73 2772.49 1652.32 2770.09 1649.00 2766.91 1644.49 2766.20 1645.84 2765.14 1648.96 2768.06 1661.76 2770.00 1654.00 2772.88 1656.78 2770.00 1654.00 
33 -2307.06 2592.69 -2309.10 2592.42 -2304.33 2590.57 -2309.88 2587.00 -2316.27 2589.98 -2318.46 2590.46 -2320.70 2590.22 -2319.53 2586.39 -2321.24 2590.07 -2323.57 2576.07 -2325.62 2580.48 -2325.66 2585.78 -2329.46 2583.35 -2328.14 2587.42 -2328.12 2590.61 -2324.70 2592.68 -2334.98 2588.76 -2338.74 2596.95 -2322.00 2594.00 -2331.71 2599.16 -2334.14 2602.82 -2325.54 2597.54 -2325.08 2597.94 -2322.00 2594.00 -2323.21 2598.85 -2319.92 2603.78 -2318.20 2606.43 -2316.84 2603.71 -2314.36 2604.52 -2321.31 2594.72 -2312.10 2603.90 -2322.00 2594.00 -2321.01 2594.12 
28 5029.65 3557.66 5022.40 3556.02 5017.87 3554.22 5010.85 3548.15 4995.82 3565.70 4999.34 3548.89 5000.25 3533.70 4997.18 3541.29 4993.49 3564.02 4992.88 3570.01 4982.02 3546.33 4986.24 3556.50 4989.39 3565.00 4979.21 3559.43 4968.00 3571.44 4966.41 3575.69 4988.15 3572.21 4976.23 3581.89 4976.40 3585.43 4984.52 3584.57 4992.37 3574.95 5002.86 3589.54 5008.37 3595.59 5008.25 3594.48 4996.71 3572.50 4993.93 3571.36 5011.79 3577.84 5021.93 3573.02 
13 -4284.72 1767.56 -4325.60 1767.44 -4324.08 1772.20 -4345.26 1739.38 -4340.45 1751.84 -4359.53 1756.39 -4358.65 1799.05 -4336.93 1784.75 -4333.52 1796.57 -4322.65 1776.97 -4314.23 1792.98 -4302.08 1781.80 -4305.01 1775.63 
19 2643.26 470.03 2633.12 471.61 2647.68 457.64 2632.26 464.21 2631.99 451.52 2623.01 452.35 2620.30 463.86 2618.61 462.56 2601.19 438.14 2593.83 450.90 2609.00 475.00 2615.52 481.10 2616.12 483.81 2620.90 488.70 2625.37 479.73 2623.25 498.70 2660.21 503.87 2634.76 476.94 2661.87 478.05 
19 -4873.05 -4178.52 -4873.95 -4183.64 -4877.66 -4179.12 -4878.97 -4178.42 -4883.94 -4178.97 -4877.99 -4178.21 -4879.00 -4178.16 -4882.85 -4176.54 -4880.53 -4175.89 -4883.19 -4174.49 -4883.55 -4173.10 -4877.55 -4173.24 -4872.24 -4170.94 -4874.45 -4175.43 -4872.09 -4172.20 -4876.00 -4178.00 -4869.98 -4171.31 -4869.61 -4173.19 -4869.11 -4176.78 
24 -2296.72 4077.71 -2300.00 4080.00 -2297.89 4075.47 -2298.97 4077.18 -2298.37 4075.27 -2299.16 4074.06 -2300.00 4076.00 -2302.16 4073.34 -2302.28 4073.38 -2300.47 4079.12 -2302.50 4075.67 -2303.94 4076.92 -2302.96 4080.47 -2301.81 4080.85 -2300.00 4080.00 -2304.79 4083.61 -2301.53 4081.29 -2303.61 4086.00 -2301.55 4084.76 -2299.88 4087.00 -2299.03 4086.93 -2299.42 4081.91 -2297.00 4085.20 -2299.02 4080.21 
15 4838.93 -3802.76 4828.15 -3803.04 4816.16 -3800.96 4809.12 -3813.54 4813.72 -3795.29 4788.46 -3805.11 4792.97 -3799.89 4808.05 -3793.94 4809.00 -3792.86 4795.45 -3778.46 4816.32 -3792.27 4798.26 -3772.19 4807.56 -3781.34 4818.22 -3790.26 4818.94 -3789.50 
5 4073.49 3669.36 4050.36 3676.10 4055.56 3681.74 4059.53 3689.72 4062.73 3684.96 
7 4147.14 -200.99 4143.83 -225.81 4109.05 -201.99 4118.90 -186.90 4144.81 -186.17 4161.06 -150.98 4159.36 -161.96 
35 2190.91 3381.00 2185.39 3378.34 2175.06 3379.24 2171.41 3379.34 2171.86 3378.40 2174.00 3372.61 2171.25 3375.69 2168.59 3366.01 2167.88 3376.00 2165.08 3362.20 2163.66 3358.38 2166.77 3381.42 2152.64 3368.68 2147.08 3376.20 2168.00 3383.00 2166.27 3384.00 2152.63 3394.17 2163.34 3386.78 2163.83 3387.32 2159.47 3392.81 2160.73 3393.78 2164.34 3391.22 2163.60 3399.42 2164.76 3399.69 2168.35 3387.99 2168.73 3385.91 2173.26 3400.21 2175.01 3397.38 2179.44 3400.61 2178.06 3389.54 2169.73 3384.00 2172.49 3385.19 2174.44 3385.74 2175.90 3384.25 2169.99 3383.21 
38 -3474.12 -4045.97 -3454.82 -4054.37 -3455.34 -4055.57 -3456.43 -4055.52 -3462.99 -4052.98 -3455.71 -4065.07 -3464.15 -4062.10 -3478.00 -4045.00 -3473.36 -4052.71 -3478.00 -4045.00 -3472.15 -4064.13 -3475.53 -4055.72 -3473.43 -4066.52 -3476.22 -4061.91 -3478.00 -4045.00 -3480.37 -4078.92 -3487.58 -4074.48 -3485.77 -4051.29 -3491.40 -4055.47 -3495.61 -4056.44 -3497.61 -4052.53 -3493.13 -4050.21 -3508.91 -4053.28 -3509.82 -4041.66 -3500.84 -4034.83 -3506.29 -4028.00 -3484.69 -4038.98 -3488.70 -4031.79 -3483.03 -4037.54 -3486.55 -4021.51 -3479.88 -4027.10 -3479.05 -4015.02 -3476.17 -4030.11 -3469.10 -4038.53 -3471.66 -4042.04 -3465.64 -4040.98 -3466.46 -4041.69 -3445.98 -4037.02 
5 703.47 1016.12 700.38 1013.98 702.84 1017.99 710.71 1021.64 705.99 1017.21 
21 3662.57 1778.97 3658.62 1779.72 3666.09 1772.49 3654.30 1780.07 3661.81 1773.47 3665.50 1758.62 3649.08 1769.33 3645.23 1773.33 3647.05 1777.05 3649.30 1780.68 3649.15 1781.07 3646.15 1780.65 3641.06 1780.85 3649.60 1783.81 3650.50 1784.60 3658.31 1791.01 3659.19 1785.51 3671.97 1788.49 3679.73 1785.90 3679.85 1784.93 3669.00 1782.00 
31 523.49 -2515.55 533.81 -2539.65 512.71 -2521.12 504.41 -2512.44 511.74 -2529.07 506.43 -2528.04 509.00 -2545.97 502.68 -2528.84 490.64 -2551.02 469.79 -2544.30 475.91 -2526.51 490.77 -2512.99 466.45 -2524.84 472.04 -2508.47 464.01 -2507.63 482.02 -2506.06 478.27 -2503.56 471.74 -2500.48 498.13 -2506.28 493.19 -2493.63 497.49 -2489.18 495.61 -2471.27 505.32 -2473.42 506.60 -2469.58 502.29 -2495.22 501.12 -2505.34 527.68 -2470.26 530.94 -2480.10 537.30 -2476.79 538.11 -2485.00 503.73 -2505.57 
38 1309.00 811.88 1303.95 811.55 1302.94 811.66 1306.46 809.73 1302.00 812.00 1307.85 806.54 1305.76 804.94 1302.00 812.00 1302.42 810.04 1301.79 810.01 1301.15 805.05 1300.20 804.21 1301.03 808.12 1301.45 810.08 1301.38 810.10 1297.41 805.45 1297.30 805.53 1298.85 808.11 1301.29 811.29 1298.15 810.90 1296.20 810.45 1298.12 811.03 1295.07 812.97 1293.60 815.23 1296.80 815.00 1298.11 815.15 1300.54 816.78 1301.95 815.00 1303.75 817.74 1304.42 816.37 1307.66 818.99 1303.93 814.30 1303.39 813.44 1304.67 813.36 1307.39 814.63 1307.52 814.34 1304.93 812.62 1303.00 812.00 
14 -2670.24 914.45 -2663.03 910.92 -2663.26 908.38 -2668.53 909.75 -2665.01 902.25 -2661.58 896.10 -2682.45 900.72 -2684.80 900.90 -2682.00 916.12 -2677.93 916.62 -2699.47 927.41 -2662.74 940.06 -2665.60 928.94 -2664.35 923.46 
31 -4601.24 -548.78 -4605.31 -548.70 -4586.92 -553.50 -4608.31 -548.33 -4598.35 -561.10 -4613.91 -551.14 -4594.93 -587.50 -4596.12 -586.99 -4618.39 -553.88 -4633.90 -582.25 -4634.94 -578.36 -4632.87 -567.84 -4633.85 -568.36 -4630.91 -551.62 -4621.67 -547.79 -4631.10 -551.13 -4627.86 -547.72 -4650.95 -544.22 -4635.02 -533.38 -4631.97 -534.30 -4641.91 -506.14 -4627.00 -528.68 -4626.35 -497.90 -4622.48 -511.43 -4617.00 -546.00 -4614.28 -540.65 -4593.22 -517.66 -4595.79 -524.79 -4615.45 -544.74 -4609.15 -544.47 -4567.01 -545.13 
9 -4617.74 4530.94 -4646.77 4544.11 -4656.08 4548.01 -4643.58 4551.61 -4654.90 4552.82 -4633.94 4555.69 -4640.76 4557.29 -4621.57 4562.07 -4619.61 4561.00 
44 -3906.01 -2123.31 -3912.00 -2123.00 -3902.18 -2124.91 -3902.26 -2125.25 -3901.12 -2128.07 -3906.75 -2125.91 -3904.34 -2129.43 -3909.54 -2126.15 -3905.69 -2132.01 -3912.00 -2123.00 -3910.96 -2126.86 -3911.76 -2123.97 -3910.44 -2132.88 -3911.48 -2132.99 -3911.90 -2129.00 -3912.63 -2126.95 -3917.99 -2132.23 -3917.03 -2130.46 -3919.07 -2131.43 -3912.69 -2123.72 -3921.71 -2128.16 -3912.00 -2123.00 -3920.89 -2124.41 -3921.93 -2124.22 -3923.00 -2122.81 -3916.99 -2122.74 -3916.97 -2119.64 -3918.58 -2116.86 -3919.87 -2113.94 -3913.85 -2120.64 -3915.71 -2117.06 -3915.18 -2116.76 -3912.22 -2122.03 -3912.00 -2123.00 -3909.46 -2117.56 -3903.96 -2115.50 -3908.54 -2121.00 -3911.13 -2122.52 -3909.35 -2121.59 -3907.30 -2121.29 -3901.17 -2121.09 -3901.01 -2122.62 -3912.00 -2123.00 -3909.00 -2123.00 
36 4235.87 252.60 4232.02 248.82 4213.00 255.00 4229.69 248.26 4221.48 249.70 4225.61 226.68 4218.87 236.93 4218.82 227.61 4212.37 246.02 4206.84 238.09 4199.38 228.27 4203.36 243.51 4210.95 252.81 4202.73 251.06 4213.00 255.00 4204.00 254.84 4195.02 263.77 4196.89 265.07 4191.19 269.16 4210.64 256.85 4195.64 270.09 4209.40 258.47 4208.50 260.36 4200.39 277.74 4212.15 256.81 4210.38 261.49 4210.13 262.47 4208.50 274.49 4213.24 269.00 4218.17 277.41 4219.81 272.74 4217.09 263.02 4229.88 281.00 4224.11 266.51 4235.47 265.96 4230.93 256.57 
28 -4598.00 -933.23 -4596.06 -938.73 -4602.47 -942.81 -4597.78 -949.32 -4605.84 -940.37 -4601.20 -948.10 -4597.91 -956.61 -4608.08 -945.67 -4609.95 -942.95 -4611.00 -949.00 -4620.26 -947.26 -4613.94 -937.05 -4616.59 -937.21 -4624.48 -939.58 -4633.95 -940.02 -4616.52 -928.69 -4613.88 -930.22 -4615.09 -928.61 -4621.30 -915.86 -4614.87 -917.48 -4611.00 -933.00 -4610.72 -925.00 -4606.93 -907.32 -4601.17 -926.12 -4587.71 -927.19 -4599.12 -931.33 -4607.02 -932.58 -4587.00 -933.00 
6 -486.71 -4611.77 -491.75 -4609.87 -493.90 -4604.44 -502.19 -4596.29 -482.00 -4584.95 -480.50 -4600.42 
11 3645.48 -1842.87 3644.38 -1844.93 3643.25 -1845.60 3627.59 -1830.26 3634.12 -1833.19 3640.59 -1836.56 3633.57 -1826.83 3647.56 -1821.16 3649.36 -1835.29 3657.56 -1838.64 3655.98 -1841.42 
28 4282.74 -1439.67 4273.89 -1438.04 4288.41 -1441.84 4277.40 -1440.23 4277.91 -1441.54 4285.29 -1446.79 4280.31 -1448.31 4270.46 -1443.85 4267.21 -1441.67 4263.51 -1448.78 4257.85 -1449.83 4257.49 -1448.11 4257.51 -1446.64 4263.15 -1435.65 4268.03 -1436.74 4252.74 -1432.03 4255.43 -1428.52 4261.72 -1431.71 4266.71 -1433.72 4267.34 -1418.07 4269.70 -1417.01 4269.87 -1432.08 4279.28 -1424.74 4271.70 -1435.68 4290.25 -1431.31 4283.55 -1433.37 4270.96 -1436.58 4272.98 -1436.58 
44 -3727.39 -3483.90 -3745.72 -3478.45 -3733.05 -3492.06 -3760.25 -3471.66 -3743.57 -3497.84 -3741.46 -3517.03 -3753.83 -3489.67 -3755.75 -3487.17 -3752.68 -3507.05 -3762.54 -3514.97 -3765.96 -3496.52 -3766.30 -3479.48 -3777.34 -3496.16 -3782.75 -3500.93 -3791.21 -3508.30 -3768.64 -3478.91 -3776.56 -3481.90 -3799.28 -3485.69 -3773.56 -3474.36 -3789.00 -3471.00 -3784.99 -3470.16 -3767.99 -3470.63 -3801.10 -3462.48 -3798.49 -3460.25 -3790.40 -3456.02 -3774.58 -3460.77 -3799.30 -3438.86 -3764.15 -3467.11 -3761.56 -3470.17 -3764.66 -3436.19 -3762.13 -3458.05 -3762.78 -3437.05 -3761.00 -3471.00 -3760.16 -3455.02 -3756.64 -3421.19 -3759.33 -3455.09 -3745.64 -3432.99 -3743.60 -3451.68 -3731.06 -3447.60 -3744.04 -3460.40 -3730.62 -3458.11 -3746.33 -3467.88 -3756.05 -3470.30 -3727.08 -3468.63 
20 309.90 -3349.62 317.81 -3357.53 318.24 -3358.55 307.34 -3367.99 299.35 -3375.63 298.88 -3375.47 303.41 -3355.55 287.46 -3344.63 297.37 -3346.15 292.87 -3343.79 306.54 -3347.64 297.17 -3334.62 301.53 -3324.85 305.30 -3318.12 308.42 -3325.00 310.19 -3335.17 310.41 -3345.81 315.31 -3345.75 339.38 -3338.80 316.00 -3349.00 
25 3283.00 3669.00 3286.76 3667.63 3308.96 3658.51 3283.57 3668.18 3294.35 3646.72 3295.61 3640.68 3278.43 3647.48 3276.75 3654.27 3283.00 3669.00 3275.91 3663.46 3266.43 3661.97 3263.25 3665.87 3273.39 3671.76 3283.00 3669.00 3281.49 3670.31 3279.66 3692.77 3284.57 3683.92 3297.64 3701.89 3297.07 3696.62 3292.26 3683.26 3290.71 3673.64 3290.90 3670.25 3304.92 3670.92 3319.95 3670.94 3295.00 3669.21 
17 1337.62 -901.45 1332.41 -909.66 1331.92 -908.46 1333.92 -902.80 1329.71 -907.28 1333.03 -902.26 1332.43 -901.55 1322.01 -900.45 1332.97 -895.43 1335.14 -896.00 1336.22 -897.26 1339.64 -892.29 1336.85 -897.64 1339.24 -897.35 1344.06 -895.77 1346.69 -897.30 1335.00 -900.00 
37 28.81 -1572.38 24.82 -1571.57 25.51 -1572.31 25.34 -1572.49 24.56 -1571.83 26.42 -1575.37 24.85 -1572.81 24.67 -1573.92 24.69 -1574.94 24.42 -1574.98 24.09 -1576.00 23.55 -1571.89 24.00 -1571.00 22.59 -1572.41 24.00 -1571.00 20.23 -1574.28 21.30 -1572.32 24.00 -1571.00 20.15 -1572.10 24.00 -1571.00 20.05 -1570.37 18.11 -1569.86 21.40 -1569.50 23.17 -1570.44 23.22 -1570.37 22.91 -1569.32 23.33 -1568.08 23.62 -1569.04 24.29 -1570.04 25.08 -1568.20 25.87 -1566.36 26.52 -1569.37 29.25 -1568.09 24.92 -1570.61 24.93 -1570.63 27.91 -1570.17 24.00 -1571.00 
30 3708.00 -3306.14 3710.69 -3308.05 3709.09 -3309.18 3708.05 -3308.94 3706.62 -3309.02 3707.51 -3313.19 3709.13 -3320.10 3703.65 -3309.98 3700.20 -3314.16 3696.96 -3319.24 3698.64 -3310.50 3700.65 -3308.18 3690.76 -3310.56 3694.49 -3309.09 3693.24 -3308.29 3699.00 -3306.00 3700.20 -3304.76 3692.87 -3301.50 3702.23 -3305.06 3697.01 -3300.34 3700.65 -3302.28 3701.28 -3301.81 3710.10 -3292.30 3708.69 -3297.17 3706.42 -3301.63 3710.00 -3295.61 3707.24 -3303.65 3715.14 -3299.30 3709.67 -3304.05 3708.99 -3305.65 
11 3177.87 -2152.34 3201.21 -2180.18 3174.56 -2201.88 3170.63 -2153.98 3167.50 -2157.06 3171.00 -2151.00 3170.00 -2151.00 3135.00 -2120.79 3162.27 -2109.92 3194.47 -2119.85 3218.88 -2147.65 
14 1653.93 -3699.37 1655.30 -3700.93 1653.66 -3699.75 1655.18 -3702.35 1653.00 -3699.00 1651.31 -3705.79 1650.95 -3705.69 1651.13 -3699.72 1649.02 -3699.42 1649.03 -3698.51 1653.00 -3699.00 1652.58 -3691.01 1653.45 -3697.05 1657.97 -3695.64 
40 -1928.07 1291.64 -1918.22 1289.80 -1925.70 1288.32 -1924.38 1283.79 -1932.81 1287.26 -1924.40 1278.57 -1930.58 1262.74 -1935.15 1267.67 -1938.90 1282.20 -1940.69 1291.02 -1939.60 1273.05 -1939.53 1265.04 -1946.01 1261.39 -1943.10 1282.20 -1946.90 1281.42 -1944.50 1286.94 -1948.21 1281.00 -1947.71 1283.05 -1955.44 1273.83 -1943.36 1291.15 -1951.29 1286.82 -1964.94 1294.67 -1960.85 1295.44 -1972.05 1300.74 -1948.65 1295.34 -1955.55 1305.21 -1953.43 1304.59 -1943.83 1295.83 -1949.45 1308.89 -1947.14 1313.08 -1944.29 1319.80 -1941.49 1321.00 -1933.58 1315.83 -1919.86 1315.67 -1938.22 1295.88 -1929.30 1303.91 -1932.33 1299.77 -1922.81 1303.50 -1931.94 1297.23 -1910.92 1300.50 
23 370.94 -4233.48 383.83 -4238.99 385.09 -4246.50 381.05 -4250.20 337.54 -4248.34 354.50 -4239.76 352.26 -4235.95 358.06 -4231.85 344.19 -4229.95 347.65 -4227.68 343.97 -4222.89 349.82 -4224.46 349.39 -4201.62 366.50 -4228.67 362.90 -4219.30 357.89 -4204.06 365.52 -4208.24 383.24 -4197.77 369.47 -4232.12 390.85 -4206.95 378.71 -4225.95 392.34 -4224.04 388.00 -4232.67 
11 2210.71 3873.50 2207.00 3875.00 2212.16 3867.63 2208.45 3872.38 2216.92 3835.22 2205.22 3841.05 2199.31 3872.79 2175.05 3897.37 2212.74 3883.19 2239.77 3897.94 2225.90 3876.99 
9 -2695.86 -3137.70 -2709.44 -3150.85 -2714.25 -3158.05 -2707.87 -3131.48 -2720.52 -3134.62 -2711.96 -3130.39 -2707.36 -3130.07 -2707.00 -3104.00 -2695.11 -3120.29 
20 4964.91 2056.96 4963.85 2056.79 4963.24 2053.76 4963.81 2051.61 4961.47 2050.39 4959.00 2058.00 4958.31 2054.06 4956.13 2050.53 4956.38 2051.51 4956.28 2052.65 4958.10 2057.56 4952.18 2059.57 4954.51 2060.19 4957.23 2058.94 4958.33 2058.74 4957.91 2059.68 4958.44 2065.98 4959.00 2058.00 4961.16 2060.08 4960.87 2058.72 
34 4681.76 -1187.81 4675.91 -1186.41 4686.74 -1193.62 4678.60 -1189.47 4681.43 -1193.66 4682.72 -1201.15 4680.86 -1199.81 4679.14 -1201.45 4675.00 -1186.00 4673.88 -1201.96 4674.53 -1188.96 4674.10 -1189.90 4671.91 -1191.14 4664.58 -1196.79 4673.54 -1187.36 4659.16 -1188.23 4671.00 -1186.14 4667.04 -1185.16 4674.02 -1185.81 4658.37 -1182.47 4659.72 -1178.55 4668.00 -1182.12 4662.92 -1175.50 4673.59 -1184.59 4673.64 -1173.07 4682.46 -1175.35 4678.35 -1182.28 4683.67 -1179.23 4682.28 -1180.71 4676.80 -1185.12 4690.04 -1180.53 4676.89 -1185.35 4682.69 -1183.79 4679.95 -1185.30 
39 -2084.05 -4355.52 -2084.15 -4355.93 -2085.22 -4355.91 -2083.50 -4356.94 -2083.65 -4357.18 -2084.88 -4358.39 -2087.10 -4357.00 -2087.36 -4355.93 -2088.17 -4357.76 -2087.56 -4355.83 -2087.00 -4355.00 -2088.29 -4356.53 -2089.43 -4356.76 -2090.28 -4357.29 -2088.93 -4355.52 -2090.76 -4353.63 -2090.73 -4353.57 -2089.52 -4353.37 -2087.00 -4355.00 -2087.69 -4354.28 -2087.00 -4355.00 -2088.24 -4351.20 -2087.97 -4351.12 -2086.98 -4354.00 -2086.93 -4353.00 -2086.79 -4353.01 -2087.00 -4355.00 -2085.57 -4351.27 -2086.06 -4353.23 -2085.97 -4353.29 -2084.71 -4351.72 -2086.22 -4354.37 -2083.85 -4352.54 -2087.00 -4355.00 -2086.15 -4354.47 -2085.17 -4354.19 -2087.00 -4355.00 -2087.00 -4355.00 -2086.00 -4355.00 
43 657.00 756.77 646.98 756.69 652.75 752.15 660.54 741.02 646.52 753.89 647.88 750.00 650.57 744.64 644.93 754.15 643.63 736.00 643.69 751.01 637.35 725.70 637.66 734.89 636.89 735.13 636.19 734.31 636.19 738.59 635.00 741.41 640.56 752.09 630.78 740.68 622.86 734.33 615.14 741.00 633.60 753.42 631.00 756.77 630.05 758.22 623.12 759.20 637.31 759.05 636.21 761.50 632.67 765.23 642.74 758.55 640.37 764.13 640.87 764.36 632.39 785.74 637.49 775.91 635.46 788.88 640.40 779.72 651.20 788.18 649.92 769.69 655.00 776.05 660.34 782.16 667.64 775.47 669.89 775.81 664.35 769.72 650.54 759.51 647.85 758.10 
37 2601.37 858.58 2597.00 861.00 2624.79 832.23 2597.67 860.26 2619.87 830.65 2614.43 834.16 2616.06 829.28 2612.24 825.10 2608.61 832.26 2597.19 860.02 2592.66 836.38 2570.57 828.36 2585.62 848.37 2562.47 827.66 2571.44 841.74 2553.34 838.75 2593.17 859.83 2561.27 856.61 2574.13 858.60 2558.15 864.40 2564.01 869.23 2556.50 878.19 2584.01 868.50 2567.47 884.91 2571.14 894.10 2581.35 881.76 2584.74 885.06 2589.19 883.69 2593.66 884.77 2595.34 879.93 2595.95 875.96 2600.91 870.21 2623.43 893.64 2605.19 866.74 2608.48 867.10 2603.49 863.62 2622.43 866.41 
20 2610.89 2616.47 2614.26 2608.74 2603.63 2610.87 2602.19 2613.51 2600.00 2618.00 2605.08 2597.62 2599.93 2616.00 2598.19 2592.06 2578.81 2606.73 2581.93 2612.13 2585.58 2613.87 2592.08 2619.11 2596.75 2625.31 2595.16 2637.41 2599.93 2620.00 2608.34 2643.68 2600.78 2619.84 2612.05 2635.20 2603.15 2620.46 2620.38 2623.08 
41 -3700.09 4713.00 -3710.71 4710.77 -3710.78 4710.55 -3712.95 4710.53 -3712.39 4704.39 -3720.06 4710.95 -3714.00 4699.41 -3715.88 4697.38 -3723.00 4715.00 -3719.87 4697.27 -3721.40 4692.06 -3722.97 4713.00 -3723.05 4714.00 -3725.82 4697.22 -3724.39 4707.12 -3727.13 4700.58 -3723.00 4715.00 -3730.42 4703.13 -3723.63 4714.22 -3724.29 4713.47 -3738.93 4704.65 -3723.93 4714.64 -3730.76 4713.06 -3729.93 4714.03 -3744.88 4712.70 -3735.93 4716.36 -3737.82 4717.35 -3723.83 4715.56 -3735.71 4729.12 -3726.76 4725.34 -3727.56 4728.24 -3724.33 4733.95 -3723.37 4721.99 -3723.63 4732.99 -3719.47 4731.63 -3717.71 4722.28 -3716.11 4720.79 -3720.16 4715.98 -3703.87 4720.85 -3705.18 4717.51 -3709.00 4715.24 
12 2930.83 -2060.42 2918.05 -2057.47 2936.86 -2069.00 2913.46 -2058.85 2903.50 -2058.36 2887.03 -2066.62 2893.58 -2062.01 2887.54 -2048.28 2900.27 -2050.93 2893.26 -2042.68 2907.50 -2052.13 2927.33 -2044.79 
31 3026.00 -1149.03 3035.60 -1154.63 3035.78 -1156.27 3025.80 -1149.60 3025.71 -1149.71 3033.36 -1158.96 3025.91 -1150.78 3026.22 -1151.74 3028.80 -1161.43 3023.62 -1153.81 3022.53 -1156.61 3023.21 -1153.67 3020.23 -1156.63 3020.30 -1155.47 3016.66 -1152.37 3024.02 -1149.17 3022.01 -1149.21 3019.00 -1148.79 3020.47 -1146.89 3014.35 -1141.54 3015.19 -1140.47 3019.17 -1139.67 3021.42 -1138.60 3021.86 -1136.39 3024.86 -1147.00 3025.03 -1148.00 3026.94 -1141.24 3027.78 -1146.12 3026.80 -1148.12 3029.78 -1147.54 3025.99 -1148.84 
30 -968.88 -2199.39 -970.34 -2199.78 -971.28 -2199.35 -970.69 -2201.52 -975.00 -2196.00 -972.82 -2204.73 -973.66 -2206.92 -976.53 -2206.89 -977.57 -2197.55 -981.29 -2199.07 -979.78 -2197.46 -975.99 -2196.16 -977.60 -2194.50 -980.66 -2191.89 -980.75 -2190.44 -977.72 -2190.65 -976.43 -2192.27 -976.72 -2187.17 -976.41 -2187.11 -975.52 -2190.02 -975.00 -2186.00 -971.19 -2190.13 -970.53 -2189.37 -969.54 -2190.15 -972.88 -2193.88 -975.00 -2196.00 -974.25 -2195.34 -966.61 -2190.55 -967.05 -2191.77 -975.00 -2196.00 
26 -120.72 3649.56 -114.51 3640.92 -128.05 3642.50 -121.49 3630.91 -141.00 3655.00 -123.55 3631.84 -138.66 3649.48 -139.13 3650.36 -148.99 3627.12 -155.26 3645.74 -156.04 3660.47 -163.90 3669.31 -163.65 3671.46 -166.65 3675.77 -147.71 3664.95 -147.16 3671.91 -145.31 3685.70 -140.72 3655.96 -131.36 3674.77 -132.18 3667.14 -124.23 3667.64 -113.01 3670.51 -112.75 3670.02 -121.97 3663.87 -127.19 3660.86 -133.15 3656.53 
31 -3364.06 -2284.78 -3358.24 -2286.29 -3368.04 -2284.28 -3364.21 -2287.61 -3357.85 -2296.83 -3353.72 -2305.03 -3366.85 -2289.60 -3372.47 -2303.70 -3371.29 -2294.76 -3380.39 -2309.58 -3379.67 -2303.24 -3380.00 -2303.05 -3384.85 -2297.78 -3389.13 -2297.07 -3384.15 -2291.72 -3375.89 -2282.78 -3377.19 -2278.26 -3385.54 -2268.02 -3383.42 -2260.00 -3370.41 -2281.35 -3372.42 -2274.60 -3370.85 -2278.29 -3370.39 -2274.10 -3366.08 -2271.33 -3363.44 -2265.83 -3361.61 -2274.54 -3366.22 -2281.12 -3362.53 -2277.75 -3351.66 -2270.46 -3354.38 -2277.49 -3346.78 -2278.05 
50 -62.25 4450.87 -0.42 -0.18
42 -758.04 -1433.96 -769.00 -1433.00 -760.27 -1435.18 -743.32 -1441.34 -763.86 -1436.09 -752.01 -1445.34 -761.97 -1449.57 -769.52 -1434.93 -778.94 -1465.51 -776.18 -1452.73 -783.64 -1465.89 -770.27 -1435.72 -785.34 -1465.08 -778.54 -1448.26 -785.18 -1440.89 -796.19 -1445.68 -793.27 -1442.32 -769.00 -1433.00 -792.99 -1432.16 -798.46 -1420.50 -776.55 -1428.10 -794.70 -1415.67 -771.93 -1430.27 -779.42 -1422.21 -778.64 -1421.51 -781.59 -1417.46 -777.95 -1419.74 -787.55 -1403.32 -771.92 -1423.44 -771.59 -1423.34 -776.02 -1404.86 -769.73 -1427.04 -769.00 -1433.00 -766.84 -1426.34 -765.62 -1425.75 -748.87 -1403.15 -754.09 -1411.70 -766.54 -1429.85 -768.37 -1432.22 -750.16 -1419.81 -737.21 -1416.10 -733.14 -1429.86 
30 -3920.01 3757.72 -3907.83 3752.75 -3901.04 3745.79 -3922.25 3757.03 -3908.57 3748.73 -3917.53 3753.30 -3901.46 3739.75 -3912.49 3746.89 -3901.92 3733.48 -3921.82 3754.65 -3904.43 3725.43 -3915.86 3734.36 -3925.30 3754.22 -3928.23 3748.94 -3944.57 3733.49 -3941.14 3747.70 -3942.41 3750.19 -3949.96 3747.51 -3942.90 3756.01 -3932.00 3757.86 -3949.68 3766.34 -3957.80 3773.05 -3924.00 3758.00 -3924.78 3766.97 -3914.99 3772.42 -3899.96 3782.04 -3894.06 3781.40 -3893.44 3772.90 -3908.62 3762.41 -3922.01 3758.24 
32 -755.08 -4426.11 -757.07 -4425.94 -757.18 -4426.45 -747.03 -4430.81 -761.49 -4426.31 -758.53 -4435.05 -760.51 -4436.74 -762.16 -4430.94 -761.95 -4434.95 -762.65 -4434.99 -763.05 -4426.00 -763.07 -4426.00 -764.56 -4428.68 -766.15 -4428.89 -778.17 -4436.43 -774.87 -4432.42 -770.31 -4428.25 -782.56 -4420.84 -770.42 -4422.00 -764.84 -4424.22 -768.66 -4420.89 -781.70 -4406.94 -773.70 -4411.79 -767.81 -4418.61 -765.54 -4419.56 -768.82 -4397.61 -761.25 -4424.03 -737.04 -4414.51 -751.72 -4420.90 -758.24 -4423.45 -748.06 -4423.69 -750.00 -4424.77 
23 4288.73 798.87 4288.34 788.46 4294.28 773.25 4284.54 784.66 4284.91 778.86 4273.29 790.22 4273.26 789.20 4272.22 788.05 4260.83 779.16 4269.59 799.35 4252.61 786.57 4260.06 800.85 4245.06 800.19 4252.00 802.33 4251.14 808.84 4248.75 810.99 4262.76 815.71 4264.84 818.91 4286.66 825.21 4275.11 807.66 4308.74 826.51 4289.37 812.18 4282.41 805.71 
29 -4442.01 -2251.35 -4432.25 -2254.13 -4443.17 -2252.72 -4437.27 -2257.25 -4425.51 -2262.80 -4428.84 -2268.45 -4432.58 -2269.76 -4443.76 -2265.87 -4447.18 -2260.89 -4447.82 -2280.71 -4450.17 -2265.89 -4452.00 -2272.00 -4454.51 -2257.54 -4454.35 -2254.24 -4455.19 -2253.41 -4466.56 -2261.58 -4474.29 -2264.39 -4458.18 -2254.29 -4481.23 -2257.75 -4475.64 -2255.17 -4477.94 -2249.19 -4455.40 -2240.54 -4450.96 -2247.14 -4445.26 -2234.31 -4439.32 -2227.16 -4437.53 -2233.13 -4449.60 -2249.19 -4450.36 -2249.85 -4427.31 -2247.09 
12 -3158.00 -1742.73 -3165.30 -1752.37 -3170.76 -1757.18 -3165.99 -1746.66 -3161.78 -1742.12 -3167.51 -1743.93 -3163.87 -1739.88 -3174.22 -1736.06 -3166.07 -1732.57 -3170.15 -1720.88 -3144.50 -1734.24 -3137.39 -1733.13 
12 -4238.00 -1578.00 -4231.78 -1583.03 -4227.67 -1597.42 -4230.88 -1595.62 -4256.00 -1588.82 -4253.65 -1571.36 -4245.00 -1574.12 -4254.96 -1567.40 -4240.06 -1574.57 -4240.97 -1559.23 -4232.64 -1573.50 -4227.04 -1573.12 
17 -4553.71 -728.28 -4560.67 -736.91 -4560.45 -726.82 -4569.07 -735.92 -4579.86 -741.15 -4563.33 -723.50 -4582.78 -728.73 -4583.03 -727.89 -4576.73 -724.13 -4561.11 -716.47 -4560.93 -714.27 -4559.56 -705.01 -4558.74 -716.01 -4552.82 -701.98 -4556.88 -717.61 -4542.55 -711.50 -4531.89 -705.97 
7 1906.18 193.42 1894.12 209.53 1875.44 205.84 1874.07 236.79 1892.13 217.47 1888.82 229.02 1904.74 212.25 
15 130.86 2041.16 117.10 2034.30 112.10 2027.03 105.74 2030.79 102.55 2032.11 111.00 2048.00 94.69 2040.39 84.10 2045.65 96.44 2058.58 104.21 2060.24 111.00 2048.00 125.78 2066.91 116.56 2053.75 112.71 2049.03 134.49 2056.55 
44 2956.87 -2880.07 2965.82 -2885.89 2958.19 -2888.50 2945.67 -2887.43 2946.99 -2904.08 2942.03 -2890.84 2940.00 -2889.00 2939.41 -2894.99 2937.91 -2897.89 2937.30 -2890.72 2933.63 -2893.76 2932.96 -2891.24 2934.18 -2888.50 2937.71 -2881.28 2935.30 -2884.47 2925.00 -2894.09 2934.44 -2883.75 2932.34 -2884.43 2923.58 -2882.40 2926.31 -2880.91 2940.00 -2878.00 2918.08 -2876.08 2930.15 -2876.26 2935.54 -2875.73 2935.83 -2873.68 2922.94 -2858.38 2925.22 -2860.38 2935.69 -2872.48 2924.50 -2851.15 2939.69 -2876.02 2939.69 -2869.01 2940.28 -2874.01 2942.21 -2870.31 2942.93 -2869.49 2942.85 -2871.61 2946.70 -2866.86 2949.40 -2865.06 2955.05 -2858.03 2960.74 -2854.96 2945.14 -2874.91 2946.24 -2874.82 2961.93 -2868.24 2942.98 -2877.63 2967.93 -2876.05 
35 1414.80 -3361.26 1402.00 -3359.00 1414.86 -3366.73 1411.95 -3365.71 1414.14 -3367.82 1409.88 -3365.16 1409.43 -3365.69 1410.53 -3368.81 1409.83 -3370.61 1403.45 -3361.62 1405.25 -3366.31 1402.48 -3360.94 1400.78 -3368.93 1402.00 -3359.00 1399.82 -3367.73 1400.96 -3362.86 1396.15 -3364.46 1390.51 -3368.64 1397.09 -3362.44 1399.35 -3360.41 1392.54 -3362.26 1402.00 -3359.00 1398.09 -3358.17 1402.00 -3359.00 1391.87 -3354.70 1402.00 -3359.00 1401.17 -3358.44 1395.98 -3351.01 1398.29 -3353.06 1401.62 -3348.01 1406.88 -3348.04 1402.52 -3358.14 1410.02 -3354.91 1405.78 -3357.70 1414.36 -3354.98 
16 1229.00 -1072.00 1250.52 -1076.57 1233.83 -1073.29 1253.87 -1088.78 1233.41 -1077.44 1231.19 -1076.49 1213.14 -1107.63 1204.85 -1051.01 1198.99 -1039.82 1208.91 -1038.57 1233.73 -1038.33 1233.17 -1067.68 1231.83 -1069.17 1268.43 -1048.31 1246.39 -1067.34 1238.96 -1071.13 
31 -2344.79 2647.34 -2337.69 2641.78 -2348.97 2641.11 -2356.67 2644.14 -2349.83 2624.03 -2350.42 2621.58 -2363.91 2649.61 -2362.21 2642.81 -2359.41 2618.83 -2373.29 2625.37 -2368.45 2661.05 -2379.61 2616.43 -2368.00 2663.00 -2384.84 2619.12 -2387.98 2635.49 -2394.78 2654.81 -2373.89 2661.86 -2381.00 2663.00 -2383.96 2664.12 -2378.82 2696.29 -2368.40 2686.00 -2359.80 2705.21 -2359.27 2704.08 -2358.32 2688.21 -2364.75 2670.31 -2351.52 2690.43 -2345.63 2694.95 -2366.80 2664.60 -2351.89 2673.07 -2352.48 2666.87 -2332.00 2663.00 
35 -4049.00 3709.70 -4045.20 3707.08 -4058.10 3708.75 -4050.24 3707.22 -4050.03 3704.19 -4048.39 3698.56 -4051.86 3695.86 -4054.04 3695.23 -4061.50 3702.21 -4064.87 3697.05 -4068.32 3691.14 -4066.62 3707.07 -4070.36 3702.13 -4071.73 3705.98 -4074.99 3709.53 -4079.90 3711.71 -4080.85 3724.85 -4081.75 3728.11 -4066.57 3710.82 -4076.89 3726.77 -4075.50 3726.45 -4067.95 3714.60 -4068.59 3719.66 -4066.63 3713.95 -4066.21 3711.99 -4066.31 3715.99 -4064.47 3731.95 -4063.91 3733.91 -4064.66 3720.92 -4064.79 3714.85 -4056.01 3723.75 -4055.77 3723.58 -4052.88 3725.09 -4058.08 3711.11 -4049.09 3711.78 
30 1063.96 4.71 1070.56 2.40 1070.78 -2.78 1067.50 -0.36 1066.78 0.34 1064.76 2.57 1064.71 0.30 1064.46 -1.85 1062.69 3.02 1057.84 -4.71 1050.02 -0.24 1060.08 4.33 1051.82 13.43 1057.86 11.13 1060.00 10.20 1063.00 5.00 1061.68 7.70 1058.55 17.22 1062.06 13.95 1063.42 6.96 1065.70 16.69 1063.48 6.94 1066.13 12.36 1067.36 12.87 1066.61 11.00 1064.41 6.41 1063.00 5.00 1063.00 5.00 1069.89 6.22 1063.00 5.00 
39 -2461.02 -2009.17 -2457.40 -2012.86 -2459.77 -2011.01 -2459.88 -2011.12 -2461.41 -2009.81 -2461.50 -2009.87 -2461.69 -2009.95 -2462.00 -2009.00 -2462.57 -2011.94 -2462.00 -2009.00 -2462.65 -2010.89 -2466.32 -2013.17 -2462.77 -2009.64 -2462.78 -2009.63 -2465.53 -2010.88 -2462.91 -2009.42 -2465.86 -2010.04 -2466.91 -2009.95 -2466.00 -2008.93 -2464.98 -2008.69 -2462.98 -2008.79 -2465.78 -2007.70 -2462.00 -2009.00 -2466.41 -2006.65 -2466.60 -2005.14 -2465.54 -2005.46 -2464.29 -2005.72 -2463.22 -2006.26 -2462.39 -2008.08 -2462.37 -2008.07 -2462.70 -2004.05 -2462.31 -2006.02 -2462.21 -2006.01 -2461.27 -2006.09 -2459.60 -2007.19 -2458.44 -2007.18 -2462.00 -2009.00 -2461.04 -2008.71 -2457.04 -2008.39 
31 4353.00 -3347.21 4347.00 -3347.00 4352.77 -3348.65 4352.52 -3351.31 4353.04 -3352.25 4349.23 -3349.01 4352.12 -3351.77 4347.71 -3347.71 4352.90 -3353.79 4348.93 -3349.30 4347.00 -3347.00 4347.05 -3350.00 4346.06 -3355.95 4346.42 -3348.91 4344.26 -3354.52 4345.37 -3349.52 4346.41 -3347.81 4346.22 -3347.63 4339.01 -3347.42 4338.49 -3344.07 4347.14 -3346.01 4347.42 -3346.09 4347.63 -3346.22 4352.66 -3341.34 4349.30 -3345.07 4353.71 -3342.64 4350.53 -3345.12 4347.00 -3347.00 4347.00 -3347.00 4347.98 -3346.83 4347.00 -3347.00 
9 -2966.81 -4087.72 -2960.50 -4097.08 -2974.89 -4088.15 -2976.00 -4084.83 -2985.38 -4077.99 -2984.26 -4076.05 -2969.95 -4075.05 -2966.90 -4082.13 -2967.00 -4084.86 
8 -1195.24 -1005.65 -1188.80 -1012.03 -1219.13 -1009.75 -1226.35 -1005.93 -1231.65 -1010.76 -1222.04 -995.25 -1227.69 -992.70 -1230.42 -966.00 
44 3578.99 977.79 3597.50 973.22 3618.03 964.84 3593.19 967.50 3575.00 978.00 3595.86 957.85 3592.37 960.02 3577.68 975.03 3588.78 955.95 3598.00 934.74 3594.44 936.31 3578.25 970.69 3586.02 930.26 3582.04 933.55 3568.76 948.66 3557.47 942.05 3570.30 971.53 3560.00 961.91 3569.80 973.32 3550.73 960.37 3539.35 953.95 3554.46 973.63 3539.35 972.99 3557.10 976.12 3549.10 1003.01 3555.55 998.14 3548.90 1006.98 3556.95 1001.96 3564.53 1014.53 3577.07 994.87 3580.16 1010.59 3586.37 1023.60 3580.86 991.81 3586.39 1003.58 3584.86 996.54 3576.45 980.62 3591.82 993.69 3604.49 998.65 3592.41 989.74 3593.00 988.82 3577.70 979.32 3605.26 988.42 3599.76 981.48 3612.79 981.97 
44 4464.93 -148.62 4467.82 -149.45 4469.47 -150.87 4465.65 -149.63 4463.81 -148.85 4465.28 -150.29 4468.36 -154.36 4465.69 -152.73 4462.85 -149.81 4463.34 -154.87 4462.85 -154.95 4461.93 -149.00 4461.76 -149.99 4460.90 -154.91 4462.00 -148.00 4459.37 -153.39 4458.82 -153.09 4461.16 -148.54 4457.59 -150.35 4456.00 -148.21 4454.08 -146.89 4454.48 -145.26 4457.83 -143.68 4458.93 -141.71 4460.83 -145.24 4461.28 -146.13 4460.19 -141.24 4461.06 -142.07 4461.72 -146.02 4461.06 -139.05 4462.21 -145.01 4462.94 -139.05 4463.25 -140.10 4464.93 -139.49 4463.63 -145.48 4462.00 -148.00 4462.62 -147.21 4465.21 -144.17 4464.19 -145.95 4467.95 -142.65 4463.88 -147.32 4462.97 -147.74 4466.92 -147.13 4466.99 -147.65 
15 -4338.00 -3204.00 -4328.49 -3207.09 -4333.40 -3205.95 -4336.34 -3205.12 -4331.61 -3208.81 -4337.67 -3204.95 -4338.42 -3209.99 -4340.72 -3209.35 -4341.76 -3211.06 -4341.71 -3209.94 -4339.84 -3204.78 -4345.83 -3205.66 -4342.00 -3204.14 -4344.99 -3198.34 -4331.96 -3198.75 
28 1268.00 956.00 1314.03 936.46 1294.96 942.85 1292.87 935.86 1270.26 954.03 1296.05 928.91 1270.49 944.26 1268.00 956.00 1268.00 925.00 1267.02 953.16 1234.45 934.21 1225.66 938.03 1253.90 950.87 1220.90 942.49 1241.41 951.31 1261.00 955.88 1249.10 957.99 1254.52 962.58 1248.39 987.38 1248.98 996.78 1259.77 988.99 1281.23 1002.14 1285.49 995.28 1288.14 975.45 1305.08 975.72 1286.41 963.81 1300.68 965.37 1313.97 965.77 
14 -2958.52 -65.87 -2957.31 -68.63 -2959.00 -65.00 -2959.00 -65.00 -2960.12 -67.78 -2959.48 -65.87 -2959.00 -65.00 -2959.00 -65.00 -2960.62 -63.82 -2959.52 -62.05 -2958.65 -61.02 -2958.43 -62.06 -2958.35 -63.11 -2957.01 -64.76 
29 682.94 3387.85 678.31 3379.99 676.12 3382.14 675.29 3382.82 675.11 3377.41 671.55 3376.01 668.12 3374.51 670.35 3383.23 657.22 3370.09 655.45 3376.07 658.76 3384.44 651.03 3390.10 658.76 3393.56 663.01 3393.38 672.00 3389.00 653.88 3403.16 672.00 3389.00 670.88 3391.78 665.79 3412.18 669.09 3402.69 672.17 3390.99 676.36 3396.87 682.47 3402.40 672.72 3389.69 689.80 3401.93 688.11 3399.07 688.04 3397.17 680.99 3393.38 689.96 3395.19 
28 177.54 4704.75 161.77 4695.83 162.20 4691.82 155.42 4717.01 148.21 4710.76 145.49 4714.13 142.06 4713.60 136.98 4710.38 150.08 4722.13 137.13 4720.81 149.18 4724.45 153.19 4723.85 130.75 4737.00 136.34 4747.76 151.62 4730.25 151.34 4731.22 157.16 4753.92 155.49 4726.97 173.22 4748.08 173.05 4746.96 178.19 4747.87 170.76 4735.31 162.63 4727.77 164.53 4728.50 168.99 4730.76 177.66 4733.57 180.21 4732.68 167.93 4724.36 
30 4448.77 792.35 4461.79 787.16 4466.78 772.59 4453.00 776.68 4443.91 792.22 4449.84 774.14 4437.08 763.57 4438.59 778.62 4441.56 792.61 4439.40 792.25 4423.53 786.13 4416.22 785.81 4441.08 793.45 4414.07 796.02 4409.13 796.96 4419.23 797.34 4425.92 802.33 4430.92 804.50 4433.50 810.45 4431.20 817.17 4437.15 813.13 4440.44 814.84 4441.67 812.95 4443.58 795.91 4450.49 812.54 4455.71 818.95 4448.03 801.46 4445.52 797.11 4454.31 805.31 4465.22 799.95 
37 3177.89 605.47 3181.94 601.27 3184.62 599.88 3181.16 588.88 3174.03 590.43 3172.13 592.90 3173.49 587.03 3168.25 599.10 3167.35 597.01 3167.00 607.00 3157.24 585.07 3157.25 593.07 3166.34 606.25 3156.28 598.00 3152.26 596.68 3161.52 604.56 3145.67 598.38 3163.20 605.76 3158.44 609.78 3152.90 612.13 3157.11 611.82 3158.45 613.92 3167.00 607.00 3158.30 616.66 3157.30 624.49 3164.49 613.54 3161.83 629.41 3166.43 609.94 3171.09 620.39 3171.33 620.31 3169.39 613.58 3172.92 619.69 3175.33 624.08 3184.08 615.33 3184.12 612.56 3179.80 609.26 3180.83 609.19 
5 -4855.98 -4864.42 -4855.94 -4863.85 -4871.10 -4836.02 -4809.05 -4847.47 -4807.41 -4851.32 
16 557.81 -2.69 533.96 11.83 536.00 14.62 519.02 18.92 522.63 34.55 528.13 32.12 533.89 30.07 521.81 39.01 543.96 25.25 547.91 49.93 551.57 34.92 552.46 23.15 552.30 21.93 552.78 21.12 558.56 22.78 579.89 22.61 
22 -1018.02 961.58 -1020.12 961.32 -1000.25 951.86 -1012.38 956.67 -998.62 948.50 -1008.36 947.37 -1020.08 940.08 -1031.68 936.79 -1044.22 943.36 -1023.58 960.77 -1027.87 958.19 -1032.79 956.74 -1043.44 957.05 -1049.96 960.53 -1032.96 962.96 -1041.90 975.42 -1035.00 984.52 -1027.81 985.29 -1027.20 986.45 -1023.88 973.85 -1019.08 982.80 -1013.51 970.49 
14 2272.12 3066.61 2268.46 3068.28 2284.65 3054.90 2286.14 3050.55 2279.07 3049.87 2275.37 3046.82 2264.80 3047.03 2255.61 3042.93 2253.56 3061.61 2244.40 3074.20 2251.14 3083.38 2255.65 3085.93 2266.56 3073.96 2269.58 3079.34 
17 -2995.39 2170.15 -3002.05 2174.65 -3004.00 2173.07 -3011.13 2160.25 -3011.88 2165.51 -3016.21 2157.45 -3031.62 2155.54 -3016.09 2174.12 -3023.88 2178.05 -3037.74 2196.48 -3027.09 2199.09 -3011.03 2190.57 -3006.95 2194.96 -3007.03 2187.94 -3003.03 2196.26 -2993.45 2183.63 -2995.33 2182.92 
6 -796.63 3501.84 -802.22 3473.05 -807.00 3499.58 -815.59 3503.89 -815.32 3516.84 -804.31 3512.99 
12 2276.99 3735.21 2274.06 3727.06 2232.94 3727.05 2226.80 3733.00 2225.87 3741.14 2214.00 3757.45 2229.71 3739.28 2212.92 3766.53 2243.39 3778.50 2259.09 3764.05 2271.01 3760.38 2237.25 3738.91 
30 -2774.13 3721.28 -2772.34 3718.59 -2769.31 3714.57 -2773.38 3715.51 -2774.12 3710.15 -2775.48 3716.02 -2775.16 3710.03 -2779.80 3713.84 -2776.91 3720.22 -2783.00 3709.88 -2779.91 3716.20 -2785.37 3711.60 -2780.77 3716.88 -2782.00 3718.39 -2780.85 3725.53 -2786.72 3731.00 -2777.20 3723.60 -2781.29 3729.28 -2782.71 3731.95 -2781.50 3731.53 -2780.54 3730.91 -2780.07 3731.14 -2776.52 3724.95 -2774.54 3726.78 -2772.60 3732.46 -2772.37 3729.13 -2772.79 3725.83 -2766.81 3729.71 -2774.20 3722.88 -2776.00 3722.00 
33 -4768.01 1757.72 -4754.64 1750.27 -4740.81 1742.11 -4752.58 1739.24 -4763.79 1735.45 -4771.03 1754.12 -4772.10 1755.00 -4775.74 1740.39 -4778.25 1743.27 -4784.61 1729.68 -4782.14 1736.25 -4786.77 1746.04 -4776.97 1754.64 -4790.27 1749.87 -4806.66 1753.13 -4799.00 1758.00 -4786.98 1758.79 -4791.95 1759.40 -4798.67 1762.22 -4803.74 1770.18 -4798.69 1769.33 -4779.13 1761.63 -4778.71 1762.36 -4789.36 1778.68 -4774.59 1767.66 -4775.60 1773.59 -4762.62 1780.09 -4771.43 1758.82 -4766.58 1765.19 -4766.34 1764.99 -4754.32 1775.68 -4742.01 1785.96 -4748.82 1764.21 
30 3974.99 -432.35 3974.96 -432.87 3976.47 -440.03 3965.00 -432.00 3972.07 -440.43 3969.66 -444.14 3965.55 -433.92 3965.00 -441.00 3963.32 -433.09 3948.17 -434.37 3960.01 -432.26 3954.00 -431.81 3952.01 -431.55 3949.02 -431.16 3949.04 -430.88 3953.12 -430.33 3964.09 -431.59 3957.94 -428.24 3964.18 -431.43 3962.82 -428.65 3965.00 -432.00 3959.93 -421.12 3964.43 -429.06 3966.57 -425.18 3968.94 -421.73 3965.00 -432.00 3968.36 -427.03 3977.47 -425.64 3966.83 -431.19 3966.99 -431.83 
43 -3060.56 -2781.95 -3067.66 -2781.39 -3051.07 -2806.87 -3058.04 -2813.90 -3073.67 -2794.08 -3073.68 -2813.05 -3082.31 -2785.99 -3089.44 -2815.28 -3084.48 -2785.65 -3082.00 -2777.00 -3090.87 -2786.51 -3101.42 -2791.11 -3107.84 -2790.17 -3123.90 -2786.67 -3107.43 -2782.41 -3082.00 -2777.00 -3112.83 -2773.76 -3100.27 -2768.87 -3104.66 -2766.43 -3095.37 -2770.19 -3123.55 -2751.03 -3112.19 -2757.39 -3086.46 -2772.99 -3109.79 -2751.08 -3095.85 -2759.90 -3083.76 -2774.57 -3096.16 -2755.19 -3085.35 -2729.12 -3075.40 -2739.58 -3069.43 -2735.88 -3074.89 -2755.13 -3062.88 -2734.06 -3072.01 -2757.40 -3080.00 -2773.54 -3078.46 -2773.46 -3073.57 -2769.93 -3054.64 -2758.55 -3069.64 -2770.43 -3039.76 -2756.40 -3041.80 -2759.10 -3047.76 -2765.88 -3035.14 -2762.67 -3033.01 -2776.14 
29 -1573.01 4973.74 -1566.15 4972.26 -1560.96 4968.53 -1567.45 4967.08 -1571.50 4968.64 -1572.85 4970.11 -1570.33 4964.57 -1570.53 4958.96 -1577.38 4969.19 -1576.00 4974.00 -1577.82 4970.44 -1582.10 4962.52 -1578.91 4968.75 -1584.95 4960.74 -1583.36 4965.83 -1578.74 4972.78 -1582.73 4975.93 -1587.74 4981.62 -1580.70 4980.47 -1576.39 4974.92 -1576.29 4974.96 -1576.37 4976.98 -1576.56 4981.98 -1575.58 4981.99 -1571.59 4979.44 -1568.54 4979.03 -1574.29 4975.03 -1564.42 4979.90 -1566.60 4977.42 
36 -227.00 -4273.05 -217.04 -4273.96 -215.21 -4278.69 -225.38 -4274.45 -222.56 -4277.41 -224.59 -4276.66 -224.06 -4277.53 -226.91 -4274.68 -226.54 -4277.78 -228.00 -4273.00 -224.63 -4287.62 -232.30 -4283.13 -232.99 -4282.80 -229.81 -4275.40 -234.47 -4277.70 -232.97 -4276.36 -235.00 -4276.88 -236.16 -4276.80 -228.00 -4273.00 -239.69 -4270.30 -229.92 -4272.45 -232.78 -4271.54 -231.73 -4271.57 -238.07 -4263.27 -235.78 -4265.22 -231.76 -4265.94 -230.15 -4267.40 -228.28 -4272.04 -231.63 -4258.45 -228.42 -4267.01 -227.51 -4269.03 -224.20 -4260.57 -223.93 -4263.86 -223.00 -4264.34 -218.77 -4267.01 -223.13 -4271.88 
28 -1867.04 2122.71 -1867.09 2122.58 -1868.00 2123.00 -1866.83 2119.17 -1867.22 2120.10 -1867.37 2119.05 -1868.00 2123.00 -1868.74 2122.33 -1870.33 2121.11 -1871.39 2120.88 -1871.56 2121.18 -1868.91 2122.59 -1870.93 2122.38 -1870.00 2122.97 -1870.62 2124.45 -1870.43 2124.76 -1870.12 2125.12 -1868.54 2123.84 -1868.00 2123.00 -1868.00 2123.00 -1868.00 2123.00 -1868.07 2127.00 -1867.97 2125.00 -1867.83 2124.99 -1867.67 2123.95 -1866.19 2123.85 -1864.17 2124.17 -1866.05 2123.45 
41 2686.52 -4400.96 2699.99 -4408.67 2682.33 -4404.62 2683.09 -4405.38 2684.38 -4409.50 2667.39 -4400.81 2667.69 -4402.02 2667.02 -4403.99 2669.39 -4408.44 2661.68 -4397.88 2660.11 -4412.98 2658.08 -4408.67 2639.08 -4440.94 2661.00 -4396.00 2653.87 -4399.63 2644.31 -4399.24 2652.09 -4397.25 2661.00 -4396.00 2635.02 -4395.09 2618.10 -4393.00 2632.47 -4386.73 2619.89 -4373.21 2638.10 -4381.69 2637.79 -4380.34 2647.25 -4386.01 2631.82 -4365.79 2653.88 -4378.38 2655.85 -4369.50 2659.12 -4384.15 2659.17 -4381.11 2664.57 -4355.16 2667.75 -4366.77 2677.42 -4350.89 2680.15 -4350.90 2667.50 -4384.74 2680.57 -4366.98 2692.03 -4375.85 2689.83 -4377.98 2670.21 -4392.09 2697.14 -4384.26 2682.04 -4389.57 
28 1938.99 2725.51 1943.65 2722.37 1930.44 2723.46 1925.84 2725.46 1932.19 2720.58 1935.72 2717.00 1929.46 2721.99 1937.23 2714.19 1921.92 2717.54 1923.21 2721.33 1924.19 2724.17 1914.30 2712.79 1907.43 2712.76 1913.32 2720.30 1917.44 2723.40 1906.23 2728.97 1906.49 2730.27 1923.07 2726.52 1917.73 2736.78 1920.91 2734.02 1917.99 2740.38 1920.53 2736.05 1931.34 2748.11 1926.09 2727.68 1937.63 2737.38 1946.57 2736.52 1946.47 2734.24 1946.87 2733.11 
29 3775.99 -2564.67 3743.47 -2556.70 3767.64 -2577.71 3745.39 -2564.44 3728.40 -2574.41 3721.00 -2580.86 3722.46 -2573.55 3721.51 -2574.12 3734.54 -2555.15 3707.86 -2569.51 3709.93 -2562.39 3717.59 -2556.84 3736.02 -2551.79 3720.44 -2548.18 3701.81 -2540.57 3736.15 -2551.47 3721.57 -2533.61 3725.53 -2535.62 3735.50 -2549.40 3728.40 -2529.59 3744.82 -2511.75 3740.03 -2541.43 3740.61 -2547.21 3740.08 -2548.06 3760.64 -2543.86 3774.09 -2539.95 3737.97 -2551.78 3740.98 -2551.58 3770.98 -2550.81 
17 994.19 -3863.95 987.71 -3857.71 987.00 -3857.00 992.99 -3866.23 987.00 -3861.00 982.77 -3869.29 980.98 -3863.69 983.94 -3859.57 987.00 -3857.00 975.46 -3860.31 976.33 -3854.34 984.56 -3851.52 987.00 -3857.00 988.04 -3852.11 988.50 -3854.40 987.00 -3857.00 991.53 -3853.06 
12 -3855.14 4663.86 -3876.02 4637.60 -3871.88 4624.06 -3902.13 4662.50 -3901.98 4666.42 -3909.71 4676.53 -3899.82 4697.76 -3887.45 4700.81 -3891.00 4667.00 -3857.93 4687.67 -3885.80 4670.00 -3875.29 4670.05 
24 1010.28 -1126.29 1010.19 -1126.42 1023.34 -1144.40 1008.85 -1140.13 1004.95 -1136.88 1006.57 -1161.84 1003.00 -1121.00 994.35 -1147.63 1001.06 -1124.50 995.79 -1133.00 977.04 -1131.49 979.09 -1123.09 985.00 -1120.69 986.83 -1115.75 985.95 -1102.72 986.94 -1103.16 992.77 -1107.42 978.91 -1086.60 995.89 -1099.13 1010.81 -1098.31 1012.85 -1108.39 1019.82 -1105.31 1017.38 -1110.17 1016.74 -1118.33 
41 699.99 -494.26 699.93 -494.62 698.92 -494.55 698.87 -494.72 701.37 -496.42 700.19 -496.41 700.21 -497.83 697.63 -494.78 697.93 -496.85 697.26 -494.97 697.26 -498.99 697.14 -498.00 696.90 -494.99 696.58 -496.97 697.00 -494.00 695.62 -498.81 695.54 -498.78 695.41 -496.54 696.15 -494.53 692.51 -496.19 694.07 -494.62 692.08 -494.87 695.00 -493.90 693.04 -493.44 697.00 -494.00 696.05 -493.67 696.31 -493.28 697.00 -494.00 697.00 -494.00 695.05 -489.40 696.93 -493.00 697.65 -492.11 698.43 -490.27 697.00 -494.00 698.82 -490.44 697.48 -493.13 697.00 -494.00 697.00 -494.00 698.36 -492.54 697.00 -494.00 698.97 -493.65 
50 -1030.86 -4441.45 -0.59 -0.53
34 -940.49 -196.26 -971.31 -192.33 -960.74 -215.56 -973.20 -210.92 -976.64 -202.56 -975.43 -211.52 -977.80 -210.88 -978.81 -223.98 -980.00 -197.00 -982.44 -209.85 -993.67 -229.71 -983.47 -193.60 -988.04 -197.50 -1005.84 -203.17 -998.91 -196.51 -1006.63 -198.65 -995.45 -194.14 -1017.74 -173.98 -985.66 -185.89 -987.07 -182.93 -988.87 -180.49 -999.98 -162.49 -988.96 -166.66 -988.79 -164.47 -979.30 -150.01 -979.13 -180.04 -978.35 -184.23 -976.62 -182.75 -980.00 -190.00 -949.69 -168.78 -956.83 -178.20 -950.06 -181.98 -947.50 -184.27 -937.32 -184.76 
29 3662.69 4303.95 3659.76 4304.63 3657.84 4305.22 3661.75 4300.44 3659.54 4302.46 3657.15 4304.36 3656.39 4305.08 3656.10 4305.01 3656.14 4304.00 3654.97 4304.29 3649.21 4300.10 3649.27 4304.07 3647.02 4305.37 3655.00 4306.05 3648.31 4308.21 3656.00 4306.00 3649.14 4310.12 3651.21 4309.61 3650.72 4310.59 3653.84 4308.08 3655.41 4306.81 3653.52 4314.65 3656.10 4309.00 3656.87 4310.92 3657.12 4310.87 3657.55 4307.26 3661.56 4308.25 3656.97 4306.24 3657.96 4306.42 
6 -4948.37 -718.85 -4958.12 -716.47 -4963.37 -718.42 -4972.52 -712.38 -4959.10 -710.00 -4947.01 -715.58 
21 -953.78 3550.06 -962.82 3551.71 -963.44 3549.25 -964.23 3549.88 -964.50 3549.64 -968.67 3554.05 -966.82 3546.27 -970.67 3543.12 -970.85 3549.29 -978.08 3537.18 -979.23 3541.42 -985.31 3547.39 -987.51 3559.27 -976.61 3557.47 -982.86 3563.00 -978.18 3565.57 -973.35 3572.47 -968.58 3560.99 -968.10 3558.90 -967.66 3556.49 -963.96 3559.86 
31 -2389.00 2353.72 -2394.01 2353.74 -2394.03 2353.58 -2397.00 2354.00 -2394.38 2352.55 -2397.00 2354.00 -2396.22 2352.16 -2396.03 2350.12 -2396.78 2353.03 -2396.16 2346.04 -2397.72 2352.13 -2399.62 2350.98 -2398.44 2352.61 -2401.73 2350.31 -2402.09 2350.82 -2402.35 2351.28 -2404.69 2351.79 -2397.00 2354.00 -2403.98 2353.51 -2400.97 2354.49 -2397.00 2354.00 -2404.31 2357.25 -2401.91 2357.44 -2397.79 2354.62 -2402.44 2358.41 -2397.00 2354.00 -2394.85 2359.60 -2393.61 2360.12 -2393.39 2360.00 -2397.00 2354.00 -2392.00 2354.09 
32 2171.86 1447.28 2172.67 1445.78 2165.86 1443.16 2146.00 1450.00 2151.75 1444.44 2151.74 1441.81 2152.72 1428.00 2143.68 1431.14 2143.22 1430.19 2141.66 1425.38 2144.79 1445.15 2141.34 1432.61 2144.91 1448.32 2129.38 1428.72 2130.91 1432.64 2131.68 1434.64 2145.22 1449.37 2132.19 1444.14 2139.04 1449.27 2143.04 1450.47 2140.21 1456.89 2134.30 1464.97 2141.89 1466.50 2151.69 1471.25 2155.08 1467.82 2153.08 1460.90 2154.43 1457.07 2158.94 1459.40 2168.09 1459.38 2150.70 1451.71 2173.05 1457.25 2170.98 1450.87 
24 -4257.00 -3600.00 -4249.24 -3601.94 -4247.34 -3602.59 -4249.75 -3603.38 -4252.90 -3602.87 -4250.64 -3606.36 -4257.78 -3608.97 -4257.95 -3604.91 -4260.95 -3608.09 -4260.47 -3603.60 -4257.80 -3600.60 -4264.55 -3604.90 -4263.06 -3603.50 -4257.82 -3599.43 -4258.12 -3598.34 -4259.27 -3595.54 -4257.00 -3600.00 -4257.56 -3592.02 -4255.66 -3589.08 -4255.71 -3595.17 -4254.37 -3591.39 -4254.26 -3593.56 -4255.24 -3597.57 -4249.00 -3600.00 
13 -2654.99 3304.77 -2651.12 3298.91 -2666.85 3305.26 -2675.00 3306.69 -2681.73 3315.03 -2674.02 3312.86 -2671.38 3317.83 -2668.32 3316.84 -2675.00 3328.45 -2661.66 3324.39 -2647.34 3309.59 -2635.12 3309.30 -2649.00 3307.14 
44 -2829.13 -2032.88 -2820.72 -2036.10 -2818.21 -2043.57 -2814.64 -2047.09 -2810.60 -2058.42 -2827.98 -2037.73 -2815.12 -2058.00 -2825.59 -2072.50 -2829.93 -2048.87 -2831.48 -2036.97 -2832.69 -2035.94 -2840.80 -2064.84 -2838.34 -2054.11 -2833.95 -2036.60 -2847.09 -2049.36 -2841.66 -2040.70 -2860.19 -2051.01 -2866.11 -2050.91 -2846.83 -2037.99 -2839.00 -2032.24 -2855.00 -2031.60 -2870.97 -2023.00 -2838.06 -2028.50 -2839.51 -2017.87 -2844.05 -1994.91 -2836.14 -2016.55 -2836.86 -2004.43 -2832.28 -2030.02 -2835.40 -1993.15 -2832.14 -2024.00 -2828.45 -1998.19 -2825.93 -2005.69 -2820.50 -2012.08 -2815.00 -2003.71 -2820.82 -2015.42 -2813.19 -2006.11 -2809.26 -2019.39 -2816.11 -2023.55 -2813.29 -2022.47 -2803.06 -2020.89 -2797.76 -2024.72 -2816.20 -2029.50 -2812.15 -2029.56 -2802.00 -2031.48 
37 -4779.00 -3172.14 -4768.18 -3174.64 -4779.17 -3173.66 -4780.24 -3173.81 -4783.24 -3173.37 -4783.62 -3179.25 -4789.16 -3178.66 -4791.12 -3182.20 -4798.81 -3185.58 -4800.02 -3182.93 -4805.66 -3183.66 -4787.00 -3172.00 -4802.52 -3175.87 -4794.90 -3173.25 -4793.96 -3171.27 -4806.56 -3167.84 -4790.78 -3170.70 -4796.71 -3166.84 -4787.84 -3171.46 -4805.11 -3156.25 -4798.15 -3161.96 -4789.72 -3167.81 -4798.64 -3151.01 -4788.88 -3168.47 -4789.86 -3157.28 -4789.09 -3148.09 -4783.40 -3156.41 -4783.69 -3160.46 -4784.84 -3165.34 -4779.47 -3152.39 -4777.21 -3155.71 -4785.71 -3170.47 -4772.44 -3161.42 -4776.43 -3168.97 -4766.72 -3166.56 -4781.09 -3170.96 -4780.00 -3172.00 
22 1655.00 -1346.16 1648.98 -1346.37 1650.31 -1351.52 1647.35 -1351.85 1644.64 -1358.93 1638.95 -1355.71 1640.41 -1350.21 1634.22 -1351.49 1634.95 -1350.69 1635.54 -1349.40 1644.08 -1346.55 1639.21 -1347.69 1635.20 -1348.10 1646.00 -1346.00 1641.47 -1343.89 1642.12 -1331.51 1643.98 -1337.23 1652.14 -1333.42 1652.06 -1342.50 1653.52 -1343.26 1658.29 -1341.77 1646.00 -1346.00 
43 4920.83 1604.81 4914.83 1605.34 4911.60 1605.05 4915.22 1603.34 4914.88 1600.84 4911.66 1603.22 4909.19 1604.95 4910.71 1601.06 4914.21 1595.00 4913.00 1596.61 4909.05 1601.36 4907.22 1606.03 4907.00 1607.00 4906.58 1595.01 4906.88 1606.01 4907.00 1607.00 4907.00 1607.00 4899.23 1600.71 4897.38 1601.67 4907.00 1607.00 4905.19 1606.15 4905.16 1606.22 4898.39 1604.37 4901.23 1605.35 4899.24 1605.06 4893.03 1606.02 4902.05 1607.70 4893.48 1610.62 4907.00 1607.00 4898.39 1609.63 4898.44 1609.78 4901.91 1610.18 4904.51 1608.68 4904.93 1614.73 4904.92 1616.78 4908.13 1619.95 4907.00 1607.00 4914.83 1618.61 4916.44 1618.66 4909.88 1609.78 4912.12 1611.77 4912.67 1608.95 4908.95 1607.45 
36 3384.96 -4929.36 3385.59 -4932.69 3373.94 -4933.73 3378.51 -4940.19 3369.65 -4935.46 3377.12 -4942.16 3364.44 -4932.41 3365.89 -4933.79 3369.28 -4940.26 3367.73 -4943.74 3367.55 -4951.49 3361.60 -4935.56 3355.06 -4938.27 3346.64 -4948.57 3345.23 -4947.66 3339.38 -4945.06 3337.72 -4944.62 3352.07 -4928.97 3358.02 -4927.79 3347.52 -4921.90 3349.38 -4922.67 3346.92 -4917.50 3354.61 -4923.91 3344.31 -4907.77 3357.97 -4925.18 3358.22 -4925.10 3362.09 -4918.49 3364.08 -4916.03 3362.18 -4921.76 3362.76 -4920.94 3373.16 -4909.88 3369.90 -4920.92 3375.29 -4918.21 3379.12 -4916.85 3365.87 -4926.66 3381.91 -4926.00 
33 1603.00 -1368.00 1612.74 -1370.25 1611.48 -1373.30 1604.44 -1369.39 1611.03 -1379.47 1610.83 -1379.61 1607.00 -1374.93 1604.63 -1372.73 1605.05 -1374.69 1604.57 -1374.82 1601.09 -1378.83 1593.42 -1375.22 1590.28 -1375.95 1593.29 -1373.16 1587.41 -1371.60 1591.02 -1368.63 1595.08 -1366.89 1593.20 -1363.01 1597.70 -1365.18 1593.47 -1362.50 1595.13 -1358.94 1595.36 -1357.48 1601.86 -1362.11 1602.42 -1357.02 1605.90 -1356.36 1607.23 -1355.71 1606.51 -1360.81 1606.88 -1361.00 1603.00 -1368.00 1606.28 -1365.71 1609.24 -1364.82 1603.91 -1367.58 1618.59 -1364.40 
34 3384.84 3495.97 3392.19 3491.31 3378.36 3482.15 3392.53 3469.42 3381.28 3477.79 3368.93 3482.45 3371.39 3456.71 3354.59 3490.11 3346.08 3459.22 3333.75 3455.34 3342.62 3484.14 3337.59 3491.19 3311.56 3483.70 3356.00 3499.00 3329.15 3496.18 3306.74 3512.20 3351.03 3502.36 3352.39 3505.00 3338.50 3529.31 3345.18 3532.29 3355.93 3501.00 3357.95 3514.88 3356.31 3500.98 3362.08 3533.47 3369.34 3535.65 3367.83 3529.81 3367.44 3516.61 3362.02 3506.99 3379.14 3526.58 3371.75 3517.11 3379.14 3512.91 3386.29 3514.44 3394.04 3511.36 3388.59 3504.16 
21 3977.00 4980.00 3989.72 4977.30 3988.20 4975.70 3978.81 4977.60 3979.87 4972.53 3972.50 4972.21 3972.98 4974.27 3975.82 4978.38 3966.28 4977.53 3966.90 4988.18 3976.41 4980.81 3970.42 4993.48 3974.04 4986.34 3977.28 4988.00 3980.62 4993.52 3983.31 4989.01 3984.77 4986.29 3987.65 4987.46 3983.63 4984.47 3988.88 4985.29 3990.95 4981.22 
22 -3653.31 -1665.33 -3676.93 -1660.29 -3682.08 -1665.82 -3686.43 -1675.04 -3694.77 -1665.96 -3709.12 -1675.16 -3714.24 -1646.72 -3680.96 -1653.72 -3694.42 -1644.99 -3698.37 -1632.87 -3690.07 -1637.89 -3693.00 -1618.29 -3686.80 -1633.08 -3685.69 -1632.75 -3672.55 -1638.72 -3648.55 -1624.67 -3650.47 -1630.09 -3679.14 -1653.48 -3671.84 -1650.20 -3662.38 -1646.88 -3673.27 -1652.07 -3654.19 -1650.83 
41 -2629.04 1202.04 -2632.45 1198.10 -2633.98 1195.01 -2636.09 1193.79 -2638.13 1198.36 -2638.09 1193.18 -2640.02 1202.00 -2641.25 1194.09 -2641.65 1197.23 -2642.87 1195.53 -2644.59 1197.72 -2647.55 1196.44 -2640.78 1202.37 -2648.19 1197.26 -2648.39 1197.55 -2651.64 1200.10 -2644.99 1203.26 -2640.00 1203.00 -2647.76 1204.94 -2650.69 1208.45 -2640.86 1203.52 -2645.80 1206.91 -2647.37 1208.16 -2647.19 1208.42 -2645.66 1208.66 -2641.31 1204.51 -2644.69 1214.05 -2642.28 1209.62 -2641.46 1207.78 -2640.03 1204.00 -2639.69 1205.98 -2639.72 1204.98 -2637.82 1211.73 -2637.13 1210.47 -2638.06 1206.50 -2637.17 1205.83 -2636.28 1206.35 -2638.45 1204.26 -2639.14 1203.52 -2628.80 1207.30 -2636.10 1203.90 
36 -1779.02 1649.37 -1747.16 1646.43 -1763.24 1646.52 -1752.07 1637.63 -1756.62 1630.39 -1760.64 1631.55 -1757.69 1628.78 -1773.00 1633.91 -1772.51 1627.88 -1786.12 1646.47 -1778.16 1613.29 -1787.86 1648.00 -1788.17 1649.02 -1802.16 1631.88 -1808.35 1637.28 -1813.17 1637.73 -1788.96 1649.71 -1807.92 1648.26 -1818.53 1655.38 -1804.69 1656.74 -1789.77 1650.94 -1788.00 1650.00 -1802.59 1665.11 -1813.71 1680.64 -1805.89 1676.53 -1809.12 1685.14 -1788.00 1650.00 -1797.06 1683.81 -1787.97 1651.00 -1784.34 1679.78 -1779.05 1685.90 -1784.78 1660.52 -1776.67 1668.86 -1768.58 1668.76 -1753.36 1670.00 -1762.39 1663.61 
6 1563.97 3360.22 1565.94 3359.85 1569.50 3354.24 1563.83 3356.31 1542.21 3366.69 1551.81 3363.41 
5 -4375.08 2333.08 -4374.07 2301.01 -4398.19 2301.02 -4411.16 2353.12 -4390.70 2346.37 
5 2111.03 951.22 2102.82 961.57 2109.35 955.24 2111.53 951.88 2115.72 954.35 
17 4935.86 721.67 4928.47 703.13 4925.65 706.37 4917.42 729.02 4912.53 726.37 4881.14 729.86 4910.61 737.81 4901.17 748.28 4904.28 753.35 4912.73 751.51 4917.68 745.98 4918.99 751.90 4920.13 752.75 4921.35 750.47 4936.57 765.57 4927.79 743.42 4944.17 739.77 
30 -331.74 2812.95 -337.46 2811.51 -334.13 2806.88 -352.72 2816.71 -353.03 2816.32 -339.29 2799.08 -350.27 2804.06 -357.67 2807.12 -363.11 2797.13 -358.29 2815.72 -358.01 2816.77 -374.28 2801.95 -368.61 2809.15 -367.33 2810.77 -361.64 2816.95 -360.76 2817.45 -365.95 2817.95 -376.99 2819.73 -372.91 2820.78 -356.99 2819.16 -366.13 2823.30 -375.32 2836.40 -374.28 2836.05 -361.79 2839.19 -356.03 2820.00 -353.99 2821.23 -353.88 2821.12 -354.23 2819.94 -332.52 2823.99 -352.07 2819.76 
37 3722.69 -1599.70 3738.99 -1614.49 3736.22 -1616.70 3724.21 -1607.70 3742.41 -1623.35 3720.64 -1608.49 3734.28 -1625.75 3726.50 -1623.85 3717.18 -1616.02 3698.14 -1639.08 3708.85 -1602.60 3687.73 -1638.98 3706.68 -1601.17 3700.22 -1604.27 3686.41 -1612.37 3665.97 -1623.00 3696.06 -1598.31 3688.68 -1591.44 3665.25 -1579.44 3686.89 -1587.26 3711.00 -1597.00 3704.11 -1591.21 3686.73 -1569.08 3697.81 -1578.16 3702.83 -1584.42 3711.00 -1558.00 3717.34 -1574.89 3719.92 -1580.22 3726.03 -1569.89 3739.77 -1565.04 3725.14 -1582.86 3738.58 -1575.45 3729.19 -1586.50 3753.65 -1579.77 3750.21 -1581.95 3733.95 -1589.98 3743.50 -1591.27 
35 1245.58 -940.39 1237.80 -938.55 1235.76 -938.37 1238.18 -940.29 1232.71 -937.71 1235.47 -940.60 1234.42 -941.37 1232.21 -937.98 1233.56 -945.86 1234.09 -951.85 1231.90 -939.00 1231.37 -945.98 1228.42 -949.50 1230.19 -939.40 1227.07 -943.30 1230.71 -938.53 1229.22 -939.88 1225.42 -943.14 1221.12 -945.81 1218.08 -935.54 1226.15 -935.65 1231.05 -936.67 1231.06 -936.66 1224.37 -932.23 1225.70 -932.07 1227.23 -931.88 1222.37 -924.22 1226.08 -924.31 1231.52 -935.06 1233.75 -933.40 1235.61 -932.21 1241.23 -931.01 1243.37 -930.70 1238.98 -936.51 1240.00 -936.86 
7 3913.92 671.28 3907.06 660.93 3867.98 672.82 3853.01 679.59 3879.69 685.82 3888.82 682.56 3916.35 698.06 
44 -1155.06 796.69 -1157.33 795.08 -1143.22 789.81 -1153.96 789.83 -1151.55 786.02 -1149.14 777.85 -1151.59 778.25 -1163.85 788.88 -1161.83 781.96 -1169.64 797.07 -1161.04 770.42 -1168.28 789.17 -1168.89 790.08 -1169.63 791.01 -1170.63 789.02 -1170.61 791.03 -1171.39 790.12 -1170.76 794.07 -1173.71 786.59 -1170.00 798.00 -1182.36 791.43 -1172.70 796.68 -1170.96 797.72 -1185.71 794.95 -1179.96 797.13 -1192.00 797.62 -1184.00 798.24 -1195.81 801.17 -1170.00 798.00 -1191.65 810.50 -1175.44 802.41 -1183.17 823.84 -1170.19 809.00 -1169.90 801.00 -1169.69 803.99 -1168.34 816.93 -1168.90 801.85 -1168.83 801.83 -1167.72 804.62 -1165.55 810.22 -1162.50 810.99 -1153.46 813.98 -1150.10 811.42 -1169.00 798.05 
37 2599.20 655.47 2605.84 653.20 2590.81 650.87 2591.39 646.57 2576.76 654.94 2583.17 639.16 2576.51 650.52 2574.57 647.08 2573.94 644.02 2570.70 640.12 2569.37 643.35 2571.19 655.24 2572.15 660.19 2557.02 645.46 2558.66 649.53 2561.18 652.77 2546.16 644.57 2558.87 654.49 2542.62 649.11 2556.09 655.84 2561.03 661.16 2558.06 663.31 2546.33 666.22 2542.24 670.82 2544.47 671.27 2565.94 665.76 2556.38 671.21 2565.45 666.90 2568.21 665.61 2573.00 662.00 2561.68 671.84 2569.87 669.36 2568.90 673.28 2572.33 664.92 2578.24 680.26 2582.51 676.09 2574.44 663.39 
24 2989.85 -4255.53 2982.83 -4254.56 2990.19 -4259.74 2985.15 -4256.46 2983.88 -4257.53 2989.26 -4268.26 2985.51 -4261.19 2982.28 -4254.96 2983.80 -4261.79 2980.89 -4261.92 2978.38 -4267.52 2976.92 -4265.97 2975.82 -4264.29 2978.65 -4257.72 2969.21 -4259.69 2979.01 -4254.21 2974.63 -4248.84 2975.82 -4243.71 2980.09 -4243.17 2981.74 -4251.01 2982.94 -4248.07 2984.50 -4249.67 2993.05 -4249.31 2997.65 -4250.67 
30 3613.00 -2901.03 3612.00 -2901.00 3616.79 -2904.61 3614.73 -2903.93 3613.88 -2904.53 3612.00 -2901.00 3613.95 -2905.60 3612.00 -2901.00 3612.29 -2901.96 3612.73 -2906.96 3610.65 -2906.85 3610.45 -2905.76 3609.06 -2905.05 3610.30 -2902.06 3608.05 -2901.63 3606.00 -2901.10 3607.17 -2899.71 3609.33 -2899.64 3609.40 -2899.50 3608.81 -2898.59 3611.22 -2899.16 3611.37 -2897.05 3612.00 -2899.00 3612.00 -2901.00 3613.50 -2897.29 3616.09 -2896.61 3612.00 -2901.00 3612.00 -2901.00 3612.80 -2900.40 3612.83 -2900.44 
44 2525.52 4713.13 2518.09 4713.05 2514.73 4713.31 2519.81 4708.47 2515.50 4707.47 2514.92 4698.65 2510.21 4716.02 2511.10 4708.07 2509.72 4709.00 2508.95 4707.05 2509.78 4716.03 2502.73 4706.22 2509.31 4716.28 2510.00 4717.00 2506.89 4714.48 2509.17 4716.44 2500.29 4711.84 2507.10 4716.22 2496.05 4715.78 2503.00 4717.12 2495.15 4719.09 2510.00 4717.00 2499.54 4720.40 2507.26 4718.22 2499.31 4722.45 2507.43 4718.55 2496.60 4727.47 2507.92 4719.16 2509.43 4717.82 2500.49 4731.09 2501.83 4729.58 2505.31 4725.83 2506.75 4724.31 2508.06 4724.76 2511.25 4725.91 2512.87 4724.47 2520.58 4731.56 2511.44 4718.39 2519.71 4724.05 2511.85 4717.75 2522.14 4721.66 2516.85 4718.46 2512.99 4717.26 2525.00 4717.26 
22 -3656.00 4162.00 -3654.06 4158.50 -3656.00 4162.00 -3655.59 4161.09 -3656.00 4162.00 -3656.00 4162.00 -3657.73 4161.00 -3659.99 4162.21 -3656.00 4162.00 -3661.80 4163.55 -3659.36 4166.97 -3657.04 4165.86 -3656.83 4165.91 -3656.97 4168.93 -3656.52 4166.97 -3656.16 4165.00 -3655.58 4169.99 -3654.55 4164.62 -3652.11 4165.15 -3651.33 4163.79 -3655.01 4162.12 -3647.01 4162.31 
23 -3679.74 -2367.97 -3679.84 -2368.08 -3679.27 -2368.93 -3678.56 -2370.91 -3680.68 -2368.70 -3684.85 -2372.39 -3682.97 -2367.75 -3682.00 -2366.00 -3686.79 -2369.61 -3686.19 -2368.72 -3684.76 -2367.17 -3686.98 -2366.44 -3684.99 -2365.79 -3684.08 -2363.84 -3685.15 -2362.11 -3682.00 -2366.00 -3682.14 -2362.00 -3681.22 -2361.06 -3679.09 -2360.75 -3681.32 -2365.27 -3681.14 -2365.48 -3681.12 -2365.53 -3676.52 -2363.56 
21 -2113.00 632.76 -2112.08 631.89 -2105.51 629.12 -2104.72 625.55 -2117.93 625.27 -2127.39 623.54 -2134.74 622.68 -2134.94 631.69 -2132.98 632.32 -2135.00 633.00 -2122.92 633.67 -2131.14 639.70 -2125.50 642.53 -2122.05 638.64 -2122.50 648.80 -2118.55 638.82 -2103.04 643.60 -2117.28 634.27 -2116.24 634.37 -2106.36 636.15 -2102.00 633.00 
17 -2764.40 2191.50 -2762.59 2187.56 -2765.15 2187.29 -2776.40 2180.06 -2772.94 2193.84 -2782.59 2196.60 -2778.98 2202.03 -2778.57 2206.79 -2776.03 2204.98 -2775.76 2207.57 -2770.75 2202.27 -2770.26 2202.46 -2771.35 2210.47 -2765.41 2195.54 -2751.57 2202.27 -2751.06 2194.39 -2751.00 2193.00 
44 -3543.85 -2924.47 -3555.76 -2924.79 -3544.00 -2932.42 -3538.45 -2940.27 -3565.09 -2923.25 -3561.50 -2935.85 -3560.58 -2940.83 -3562.19 -2941.29 -3567.48 -2920.95 -3568.00 -2939.00 -3568.47 -2926.99 -3570.72 -2943.86 -3570.64 -2936.82 -3572.69 -2947.63 -3569.91 -2927.82 -3568.90 -2921.90 -3572.40 -2934.42 -3578.26 -2946.19 -3584.04 -2926.17 -3608.60 -2923.71 -3599.96 -2916.33 -3600.50 -2912.27 -3568.97 -2917.78 -3593.61 -2904.39 -3591.31 -2899.12 -3594.01 -2894.58 -3575.50 -2909.96 -3575.22 -2908.42 -3570.91 -2912.75 -3575.18 -2902.59 -3575.18 -2898.27 -3573.48 -2883.43 -3568.47 -2891.00 -3562.38 -2893.64 -3567.45 -2916.08 -3567.22 -2916.16 -3559.05 -2897.90 -3544.53 -2886.85 -3567.22 -2917.37 -3551.55 -2908.50 -3559.25 -2913.15 -3530.41 -2904.32 -3526.88 -2905.43 -3535.50 -2912.27 
21 -2545.77 260.76 -2573.12 268.84 -2570.65 259.07 -2582.34 264.08 -2583.10 264.20 -2589.50 260.28 -2592.96 260.23 -2581.00 275.00 -2595.62 271.63 -2620.78 279.18 -2614.58 280.32 -2595.26 282.26 -2608.99 290.51 -2570.91 312.67 -2574.55 291.80 -2566.28 291.35 -2549.91 300.17 -2577.65 277.18 -2555.16 288.17 -2560.75 283.60 -2548.72 281.86 
28 1674.85 -1922.53 1676.01 -1924.23 1677.61 -1928.00 1674.81 -1923.83 1676.34 -1927.52 1671.57 -1935.79 1668.62 -1936.00 1668.76 -1934.98 1670.48 -1930.28 1673.12 -1923.80 1666.81 -1927.42 1666.12 -1923.39 1658.00 -1922.00 1665.05 -1921.06 1662.31 -1919.30 1667.71 -1918.93 1668.10 -1915.21 1666.49 -1907.87 1668.75 -1905.83 1671.52 -1909.24 1672.44 -1912.12 1673.48 -1917.03 1674.12 -1915.00 1678.65 -1912.03 1680.58 -1908.52 1681.07 -1914.93 1684.40 -1912.63 1676.94 -1921.43 
22 3814.95 -3127.85 3814.87 -3128.34 3827.17 -3141.44 3826.11 -3142.75 3804.85 -3130.89 3805.17 -3129.83 3805.51 -3128.68 3774.36 -3136.65 3779.00 -3127.51 3781.41 -3122.31 3773.57 -3116.47 3781.69 -3117.42 3778.13 -3115.53 3794.29 -3118.76 3791.89 -3116.93 3807.38 -3125.10 3808.00 -3127.00 3833.58 -3115.61 3841.64 -3117.35 3844.71 -3117.16 3821.99 -3126.51 3836.00 -3126.51 
13 611.00 -1816.14 613.57 -1819.03 603.23 -1829.00 594.19 -1826.88 597.75 -1822.04 588.38 -1819.37 600.08 -1815.33 602.22 -1807.03 609.77 -1807.33 607.50 -1810.64 614.11 -1804.49 608.94 -1812.29 607.97 -1815.48 
27 1401.00 1440.00 1413.14 1431.18 1409.03 1428.53 1403.33 1431.31 1404.82 1418.33 1393.74 1410.89 1393.27 1416.22 1395.87 1425.90 1390.42 1416.25 1381.58 1429.67 1382.87 1431.55 1382.10 1438.01 1386.06 1438.69 1395.33 1441.95 1385.59 1447.18 1389.98 1446.89 1387.01 1451.33 1398.20 1444.15 1394.11 1451.02 1398.71 1451.78 1401.33 1459.00 1403.87 1447.47 1414.07 1460.13 1416.11 1454.59 1423.65 1456.46 1406.03 1443.27 1428.14 1456.96 
7 4992.97 4683.51 4991.91 4683.27 4991.82 4678.70 4987.71 4679.17 4986.20 4685.08 4988.33 4686.92 4990.10 4687.85 
42 3933.99 -1855.16 3955.83 -1862.42 3943.79 -1860.26 3957.59 -1870.37 3957.32 -1870.79 3956.46 -1872.05 3967.97 -1883.32 3951.55 -1884.68 3952.02 -1895.78 3950.20 -1899.81 3945.36 -1893.04 3937.68 -1870.30 3941.28 -1885.91 3932.88 -1855.99 3925.65 -1901.42 3924.83 -1871.04 3914.29 -1864.53 3922.21 -1860.26 3932.02 -1855.17 3912.26 -1858.29 3893.00 -1855.00 3918.00 -1854.74 3904.11 -1852.47 3899.33 -1850.27 3897.66 -1848.13 3922.40 -1849.37 3903.00 -1836.97 3895.69 -1831.68 3926.45 -1850.41 3908.69 -1829.82 3929.06 -1850.47 3916.66 -1822.92 3925.89 -1833.13 3931.05 -1827.07 3932.67 -1836.00 3940.20 -1809.57 3947.61 -1818.84 3960.63 -1816.98 3960.85 -1852.07 3967.91 -1852.56 3964.98 -1853.88 3971.99 -1854.32 
25 -29.42 -1892.90 -26.03 -1898.70 -37.42 -1897.40 -40.86 -1889.00 -40.48 -1901.99 -40.97 -1889.00 -42.66 -1894.83 -46.42 -1894.19 -47.04 -1892.25 -57.78 -1895.92 -52.78 -1889.29 -42.00 -1887.03 -53.00 -1887.00 -47.95 -1886.15 -44.83 -1885.83 -42.51 -1885.69 -43.97 -1884.32 -46.42 -1879.81 -46.30 -1878.52 -42.17 -1883.17 -39.45 -1884.43 -32.81 -1881.26 -25.25 -1876.38 -35.04 -1886.27 -33.00 -1886.86 
33 3646.69 -3250.74 3637.63 -3248.77 3642.61 -3253.85 3650.68 -3261.36 3640.90 -3259.56 3640.07 -3258.92 3633.37 -3258.62 3630.16 -3244.99 3630.91 -3256.97 3626.01 -3266.65 3628.28 -3246.46 3623.84 -3251.88 3614.15 -3257.78 3609.01 -3255.64 3614.11 -3252.45 3622.58 -3247.00 3617.86 -3248.66 3609.20 -3241.08 3621.20 -3242.13 3629.52 -3242.06 3629.13 -3239.08 3628.95 -3232.05 3630.57 -3243.18 3647.26 -3227.33 3646.85 -3229.86 3645.93 -3233.65 3635.94 -3240.29 3637.06 -3240.24 3645.59 -3240.40 3630.98 -3243.79 3655.81 -3240.83 3632.00 -3243.90 3632.00 -3243.97 
6 -1908.57 -4361.80 -1903.34 -4367.39 -1909.86 -4364.70 -1919.50 -4360.60 -1921.00 -4347.00 -1919.00 -4357.93 
29 -148.00 -1111.00 -145.89 -1115.53 -146.44 -1114.68 -144.24 -1121.34 -147.90 -1113.00 -148.52 -1113.95 -149.37 -1114.76 -152.23 -1118.95 -149.45 -1113.62 -153.67 -1120.43 -150.12 -1113.12 -158.18 -1117.36 -149.85 -1111.75 -157.00 -1111.16 -150.87 -1110.12 -151.65 -1109.37 -157.43 -1105.33 -152.86 -1105.96 -152.81 -1104.61 -154.71 -1101.05 -148.78 -1108.10 -148.00 -1111.00 -148.00 -1110.00 -144.69 -1099.46 -145.97 -1106.43 -141.82 -1100.71 -138.34 -1108.41 -144.09 -1110.17 -140.00 -1110.86 
14 -4055.01 737.79 -4047.18 736.09 -4046.54 734.60 -4038.61 722.57 -4052.07 731.70 -4053.47 721.37 -4067.28 725.74 -4057.71 737.29 -4082.75 741.62 -4065.57 743.15 -4062.28 742.59 -4057.00 738.00 -4051.74 755.21 -4050.44 745.55 
10 4419.63 -890.82 4395.70 -898.20 4363.27 -907.36 4379.62 -892.08 4389.28 -889.47 4354.18 -891.01 4398.15 -886.25 4383.15 -872.86 4398.33 -871.09 4413.42 -867.10 
50 258.05 -3769.06 0.16 -0.39
28 -4536.06 2651.69 -4531.53 2645.13 -4528.91 2643.62 -4549.29 2651.97 -4547.28 2649.65 -4544.11 2641.98 -4550.32 2640.02 -4558.55 2643.67 -4554.86 2648.40 -4557.02 2646.31 -4556.52 2648.69 -4566.56 2642.10 -4558.95 2648.77 -4555.64 2651.13 -4558.69 2655.21 -4552.88 2653.68 -4570.33 2661.21 -4564.12 2660.27 -4559.63 2661.34 -4556.38 2667.00 -4553.09 2676.91 -4546.70 2664.20 -4545.08 2665.69 -4548.81 2657.49 -4544.38 2661.78 -4542.09 2657.54 -4528.45 2661.21 -4529.12 2655.30 
25 851.91 -3921.31 838.05 -3918.47 846.86 -3925.33 831.00 -3921.42 830.76 -3923.61 830.92 -3937.82 818.97 -3925.98 825.26 -3915.22 820.03 -3913.30 799.63 -3907.97 819.31 -3911.67 817.71 -3907.82 819.45 -3907.08 812.72 -3892.97 820.79 -3902.00 826.64 -3911.33 824.09 -3904.79 827.58 -3890.00 828.12 -3907.00 841.12 -3898.91 833.28 -3909.41 843.53 -3907.09 853.37 -3904.77 853.82 -3906.11 834.00 -3913.79 
41 -1240.27 2633.37 -1224.88 2623.85 -1239.27 2630.98 -1236.22 2626.82 -1233.26 2617.59 -1241.29 2629.06 -1237.02 2619.99 -1237.89 2613.13 -1244.30 2627.03 -1243.47 2613.05 -1244.16 2619.02 -1248.47 2615.30 -1246.85 2629.29 -1248.58 2624.60 -1245.34 2634.06 -1246.43 2631.27 -1258.20 2621.33 -1253.17 2627.64 -1252.13 2631.37 -1254.21 2631.09 -1266.04 2628.57 -1253.00 2635.14 -1266.60 2639.20 -1266.44 2639.95 -1250.52 2637.34 -1263.13 2643.45 -1252.13 2638.63 -1257.26 2645.28 -1245.00 2635.00 -1255.93 2648.02 -1258.22 2651.32 -1246.72 2645.86 -1244.65 2639.99 -1236.55 2650.89 -1239.17 2644.33 -1238.57 2642.66 -1238.64 2641.36 -1235.54 2642.39 -1231.52 2641.58 -1235.30 2637.42 -1224.20 2637.92 
36 3944.00 2534.91 3941.88 2534.17 3940.89 2534.35 3940.87 2534.28 3939.66 2534.25 3943.41 2529.56 3939.00 2535.00 3939.93 2532.15 3939.42 2533.04 3938.72 2531.01 3939.00 2535.00 3936.95 2528.31 3937.37 2530.27 3936.04 2528.66 3938.28 2534.31 3936.51 2533.32 3932.94 2531.50 3932.61 2532.15 3936.00 2534.90 3935.07 2535.76 3934.17 2536.29 3939.00 2535.00 3935.89 2537.52 3939.00 2535.00 3938.34 2535.75 3937.50 2537.60 3937.13 2539.64 3938.79 2535.98 3939.00 2535.00 3939.88 2537.87 3939.47 2535.88 3941.06 2538.43 3941.26 2536.97 3940.64 2536.15 3943.15 2537.80 3939.00 2535.00 
6 4082.99 -2033.21 4099.92 -2034.74 4083.05 -2048.71 4080.00 -2033.00 4086.80 -2012.08 4084.96 -2032.39 
11 2510.00 -4446.00 2517.16 -4466.80 2503.97 -4474.37 2489.43 -4474.32 2481.25 -4469.28 2494.66 -4414.54 2495.21 -4414.28 2506.89 -4434.41 2505.80 -4424.40 2520.32 -4431.26 2531.97 -4444.85 
40 -29.99 -3469.98 -17.91 -3490.05 -42.32 -3464.97 -36.47 -3471.81 -30.29 -3484.64 -40.64 -3469.87 -41.34 -3491.78 -59.47 -3479.87 -69.43 -3491.11 -71.07 -3474.71 -54.21 -3465.91 -56.48 -3465.51 -76.88 -3464.79 -74.98 -3463.05 -68.00 -3461.60 -67.65 -3458.01 -81.32 -3454.94 -61.63 -3458.47 -62.74 -3455.19 -71.07 -3449.29 -57.86 -3454.27 -57.05 -3444.80 -45.53 -3461.15 -61.00 -3434.29 -59.98 -3432.60 -52.88 -3441.46 -49.45 -3449.78 -45.00 -3431.00 -44.43 -3459.06 -44.27 -3459.09 -38.79 -3438.82 -36.46 -3432.20 -36.45 -3438.51 -36.55 -3446.11 -25.49 -3437.91 -17.04 -3432.01 -26.72 -3444.95 -41.61 -3459.88 -34.12 -3456.93 -34.00 -3461.81 
6 -929.49 -4118.53 -945.06 -4113.40 -955.75 -4109.56 -968.47 -4140.53 -993.98 -4102.74 -952.56 -4099.59 
24 -355.27 -4520.90 -366.31 -4520.24 -380.60 -4518.81 -379.23 -4520.28 -367.39 -4531.05 -382.53 -4517.88 -378.28 -4537.46 -376.97 -4545.37 -383.67 -4519.92 -384.68 -4519.49 -387.41 -4519.35 -413.81 -4531.37 -395.97 -4517.91 -412.84 -4513.86 -402.61 -4509.47 -383.00 -4517.00 -393.88 -4508.19 -387.82 -4507.11 -394.12 -4482.76 -383.37 -4514.02 -374.76 -4502.13 -373.82 -4506.43 -366.65 -4502.28 -383.00 -4517.00 
21 -1896.15 -2199.82 -1912.21 -2202.26 -1897.54 -2222.46 -1906.33 -2214.26 -1920.27 -2199.93 -1901.35 -2221.91 -1908.09 -2218.30 -1919.19 -2202.87 -1913.92 -2214.82 -1920.40 -2211.77 -1926.18 -2203.24 -1931.24 -2211.87 -1936.58 -2200.39 -1943.92 -2195.17 -1939.04 -2188.83 -1930.02 -2168.86 -1921.43 -2182.08 -1895.83 -2173.38 -1913.03 -2192.35 -1892.19 -2185.17 -1922.01 -2196.86 
42 1094.00 2284.65 1111.30 2273.60 1098.43 2276.11 1111.42 2265.93 1096.12 2269.51 1075.94 2277.24 1074.67 2282.08 1083.15 2241.96 1079.56 2253.49 1074.31 2279.01 1070.83 2259.19 1062.26 2262.93 1062.43 2271.21 1061.22 2275.37 1057.23 2274.11 1070.12 2284.03 1030.01 2285.77 1049.03 2286.31 1029.83 2293.59 1033.25 2295.16 1065.34 2290.00 1054.29 2296.85 1054.58 2299.11 1063.43 2294.18 1068.97 2291.22 1059.09 2306.30 1072.41 2287.54 1065.23 2302.98 1070.95 2300.71 1074.00 2303.00 1076.32 2303.86 1091.58 2326.42 1092.02 2313.83 1088.78 2303.91 1088.59 2300.11 1095.94 2305.46 1080.89 2290.79 1101.95 2306.06 1102.19 2304.01 1101.43 2301.48 1078.81 2286.38 1085.93 2286.25 
9 1230.18 576.00 1209.71 582.11 1189.03 589.35 1168.04 595.62 1174.19 597.05 1183.39 608.05 1197.81 610.96 1214.79 618.32 1210.28 598.10 
33 -2303.01 -4062.45 -2307.35 -4064.48 -2298.79 -4067.26 -2307.44 -4064.78 -2307.54 -4065.08 -2301.74 -4071.26 -2316.00 -4067.00 -2319.22 -4072.52 -2319.13 -4069.36 -2320.47 -4072.05 -2316.52 -4062.86 -2321.54 -4069.09 -2327.33 -4070.23 -2316.00 -4062.00 -2325.70 -4064.42 -2327.82 -4064.08 -2323.92 -4063.11 -2332.69 -4055.26 -2322.93 -4058.00 -2329.71 -4053.76 -2326.24 -4054.00 -2317.95 -4046.12 -2315.31 -4058.06 -2315.05 -4057.09 -2310.44 -4044.88 -2308.18 -4051.62 -2314.38 -4060.82 -2307.25 -4057.15 -2315.08 -4061.61 -2308.48 -4059.26 -2313.08 -4061.33 -2313.00 -4061.84 -2316.00 -4062.00 
32 3564.95 1153.47 3566.75 1144.42 3562.77 1145.36 3543.81 1154.41 3555.21 1140.45 3544.88 1151.47 3543.89 1138.02 3536.23 1127.83 3541.07 1148.27 3539.71 1148.82 3541.47 1153.71 3524.76 1142.70 3521.62 1144.10 3527.62 1150.59 3514.04 1153.48 3531.05 1156.05 3505.91 1167.05 3537.56 1157.54 3533.47 1160.50 3531.00 1162.21 3542.58 1155.91 3548.62 1179.36 3556.10 1183.10 3558.34 1186.46 3560.45 1178.16 3565.64 1169.71 3545.70 1156.32 3548.48 1157.44 3575.45 1168.11 3552.34 1158.58 3560.85 1161.50 3581.95 1157.04 
32 1877.00 -1449.21 1884.64 -1452.15 1873.40 -1450.81 1899.52 -1475.60 1883.50 -1461.95 1891.14 -1473.87 1883.18 -1480.74 1875.96 -1466.30 1876.04 -1477.56 1860.18 -1482.29 1859.53 -1478.87 1863.54 -1459.65 1868.65 -1452.24 1849.42 -1469.84 1866.51 -1451.19 1852.59 -1456.81 1844.37 -1457.65 1832.72 -1456.44 1851.08 -1447.26 1860.28 -1446.53 1859.72 -1444.90 1836.69 -1435.14 1849.97 -1433.72 1869.45 -1447.74 1871.79 -1434.02 1884.34 -1412.35 1875.87 -1436.95 1881.50 -1436.92 1894.33 -1425.67 1890.42 -1438.67 1904.14 -1434.93 1879.00 -1448.86 
13 -2019.65 -3245.18 -2012.28 -3252.00 -2017.79 -3258.13 -2020.74 -3255.80 -2022.95 -3246.00 -2023.83 -3243.56 -2024.00 -3243.03 -2034.64 -3240.10 -2032.27 -3239.25 -2029.22 -3237.97 -2025.73 -3240.07 -2022.72 -3227.00 -2018.31 -3234.17 
42 -1478.19 -4498.05 -1472.57 -4500.92 -1490.44 -4498.36 -1475.49 -4514.98 -1493.82 -4508.11 -1487.50 -4521.85 -1487.04 -4525.02 -1499.24 -4505.34 -1502.17 -4498.91 -1497.06 -4532.53 -1502.51 -4508.99 -1503.00 -4511.00 -1506.45 -4527.82 -1507.77 -4519.54 -1505.70 -4507.72 -1510.20 -4526.18 -1516.52 -4524.00 -1519.26 -4511.26 -1524.56 -4511.25 -1523.48 -4509.34 -1536.55 -4512.84 -1513.34 -4498.76 -1540.84 -4504.43 -1526.99 -4495.84 -1507.95 -4494.30 -1535.67 -4477.63 -1513.52 -4487.36 -1532.43 -4469.41 -1520.26 -4478.33 -1504.37 -4491.24 -1507.94 -4479.78 -1505.20 -4474.12 -1503.00 -4492.00 -1502.41 -4461.01 -1485.27 -4475.98 -1492.43 -4485.82 -1485.66 -4481.46 -1476.31 -4483.67 -1499.22 -4493.70 -1491.36 -4492.10 -1477.39 -4490.49 -1502.01 -4494.90 
5 3579.00 2501.00 3571.63 2506.16 3579.63 2512.98 3595.54 2516.98 3607.75 2524.28 
24 -3976.64 -1232.57 -3958.81 -1245.61 -3974.82 -1237.08 -3968.62 -1243.71 -3974.28 -1242.35 -3980.40 -1238.29 -3982.28 -1248.00 -3990.57 -1255.96 -4007.91 -1260.11 -4012.91 -1255.53 -3995.36 -1232.36 -3989.00 -1226.00 -4008.63 -1229.82 -3993.96 -1225.39 -4016.71 -1210.00 -4003.26 -1216.74 -3993.66 -1208.61 -3988.58 -1218.01 -3988.78 -1225.03 -3968.31 -1195.33 -3970.34 -1201.24 -3979.49 -1217.13 -3956.64 -1208.06 -3967.96 -1219.57 
7 304.56 -1171.36 295.39 -1170.12 298.05 -1192.26 269.88 -1183.49 285.42 -1165.61 288.72 -1164.23 302.83 -1153.62 
6 -398.52 4868.03 -415.82 4870.49 -404.82 4880.31 -399.59 4875.54 -395.56 4892.85 -395.09 4886.69 
17 2246.74 -3049.75 2241.94 -3048.34 2256.59 -3057.00 2245.91 -3051.44 2246.46 -3053.85 2243.33 -3056.69 2243.70 -3060.72 2240.95 -3051.00 2234.19 -3065.74 2221.76 -3058.67 2232.00 -3048.16 2224.00 -3048.00 2241.00 -3048.00 2241.02 -3047.00 2245.60 -3044.14 2258.21 -3042.74 2253.87 -3046.19 
29 2943.97 -2782.35 2944.76 -2783.17 2946.09 -2786.39 2942.00 -2782.00 2944.87 -2786.10 2945.00 -2787.20 2942.98 -2784.84 2943.85 -2787.71 2942.48 -2783.94 2941.48 -2784.95 2940.12 -2785.53 2940.23 -2782.94 2937.02 -2782.44 2939.01 -2782.21 2940.00 -2781.97 2940.00 -2781.86 2941.28 -2780.13 2941.03 -2778.12 2941.65 -2780.03 2941.91 -2777.00 2942.21 -2780.01 2942.38 -2780.04 2942.00 -2782.00 2942.37 -2781.07 2945.35 -2778.28 2943.39 -2780.56 2945.35 -2779.82 2945.50 -2780.06 2947.30 -2779.18 
17 -1514.07 -2619.36 -1517.36 -2629.49 -1540.64 -2621.15 -1539.76 -2620.48 -1527.99 -2618.16 -1544.85 -2611.50 -1527.92 -2617.61 -1529.52 -2616.37 -1534.07 -2610.93 -1528.25 -2609.09 -1527.84 -2606.03 -1526.31 -2614.06 -1518.97 -2600.78 -1523.94 -2615.43 -1518.91 -2614.05 -1520.38 -2615.72 -1524.00 -2617.95 
14 1367.00 -133.00 1377.65 -140.46 1367.37 -135.98 1363.37 -147.55 1364.00 -140.42 1365.49 -134.31 1363.61 -135.12 1360.13 -134.34 1359.06 -132.03 1362.27 -131.37 1359.81 -129.49 1366.51 -119.01 1376.33 -125.45 1370.97 -132.51 
14 1793.66 -4604.87 1794.58 -4598.91 1793.28 -4600.46 1794.29 -4598.71 1788.24 -4596.19 1790.63 -4595.58 1792.57 -4596.24 1792.17 -4595.17 1793.24 -4595.57 1793.15 -4592.29 1795.02 -4597.00 1797.26 -4596.03 1798.83 -4596.83 1798.99 -4597.79 
30 -3540.02 4810.21 -3531.09 4808.91 -3537.13 4808.81 -3539.07 4800.65 -3537.63 4793.02 -3541.22 4795.15 -3541.58 4791.10 -3555.00 4810.00 -3557.32 4792.14 -3556.17 4807.17 -3558.71 4799.59 -3556.63 4807.35 -3563.24 4796.13 -3567.04 4797.62 -3557.80 4809.92 -3557.90 4810.22 -3560.94 4810.16 -3578.00 4811.40 -3564.58 4818.22 -3559.93 4817.30 -3559.69 4822.05 -3555.00 4811.00 -3558.80 4823.43 -3554.63 4817.99 -3552.39 4835.86 -3554.45 4812.92 -3542.56 4819.39 -3533.81 4822.27 -3538.69 4818.61 -3540.73 4815.64 
8 578.99 301.74 575.67 301.05 549.93 314.71 570.84 311.71 576.05 305.00 594.37 323.13 585.33 309.55 585.46 309.39 
36 -1791.00 -1249.09 -1771.09 -1270.65 -1782.10 -1261.96 -1784.41 -1261.43 -1781.95 -1264.61 -1792.22 -1253.66 -1780.51 -1278.14 -1796.00 -1249.00 -1796.00 -1258.00 -1798.18 -1273.90 -1798.82 -1275.85 -1796.17 -1249.98 -1800.11 -1254.66 -1807.15 -1261.83 -1804.57 -1254.15 -1812.62 -1258.21 -1820.54 -1253.77 -1801.91 -1250.04 -1822.98 -1248.06 -1808.67 -1246.08 -1811.22 -1244.06 -1811.53 -1242.09 -1809.42 -1240.29 -1814.11 -1233.25 -1805.37 -1225.82 -1799.94 -1238.73 -1796.69 -1245.06 -1794.15 -1243.29 -1776.91 -1224.57 -1775.43 -1224.49 -1776.22 -1227.79 -1792.53 -1245.40 -1773.71 -1228.93 -1787.39 -1246.37 -1784.18 -1246.92 -1780.01 -1248.44 
13 3546.16 -3089.99 3533.39 -3117.32 3538.81 -3095.95 3528.88 -3094.56 3497.90 -3098.35 3543.00 -3089.16 3514.49 -3083.44 3538.34 -3082.57 3512.54 -3050.51 3546.70 -3079.02 3546.09 -3088.00 3591.97 -3079.23 3546.99 -3088.90 
42 -1034.21 -3948.08 -1058.11 -3945.83 -1034.03 -3953.00 -1056.20 -3950.45 -1067.44 -3946.25 -1056.55 -3953.50 -1062.51 -3969.96 -1059.00 -3984.66 -1068.05 -3965.44 -1070.57 -3957.79 -1071.43 -3988.97 -1078.85 -3985.59 -1084.80 -3967.17 -1090.33 -3969.70 -1088.17 -3955.43 -1094.30 -3958.91 -1077.60 -3945.95 -1073.95 -3944.31 -1114.72 -3954.40 -1090.00 -3943.70 -1109.44 -3937.58 -1084.74 -3941.51 -1081.73 -3941.82 -1102.13 -3933.40 -1078.20 -3941.00 -1085.43 -3933.93 -1083.40 -3934.63 -1084.51 -3932.89 -1096.62 -3919.54 -1102.52 -3910.04 -1083.47 -3930.60 -1079.74 -3927.31 -1080.49 -3922.25 -1077.85 -3913.38 -1065.98 -3921.05 -1069.92 -3935.54 -1059.72 -3912.70 -1054.39 -3907.47 -1063.20 -3939.01 -1064.91 -3940.05 -1064.35 -3941.52 -1036.09 -3941.42 
22 1121.32 -3408.45 1127.87 -3411.19 1094.83 -3403.17 1125.04 -3413.72 1131.26 -3428.14 1112.63 -3438.00 1091.50 -3402.87 1094.24 -3418.69 1092.73 -3434.95 1086.04 -3419.30 1069.45 -3429.58 1091.00 -3402.00 1060.14 -3420.54 1078.01 -3409.50 1086.59 -3404.35 1045.03 -3411.77 1068.35 -3405.99 1078.01 -3394.50 1053.26 -3377.49 1091.84 -3386.02 1091.16 -3401.01 1112.17 -3393.01 
12 -4893.03 1920.58 -4890.15 1919.65 -4889.24 1919.19 -4895.91 1916.00 -4896.17 1919.01 -4896.00 1921.00 -4899.87 1936.52 -4895.42 1931.98 -4891.70 1932.20 -4893.82 1924.35 -4884.87 1925.50 -4888.35 1923.34 
7 4385.08 3101.17 4374.23 3143.40 4353.20 3149.76 4367.24 3163.62 4389.05 3147.00 4394.02 3159.07 4425.95 3147.94 
39 -4845.05 -182.53 -4848.23 -183.97 -4851.48 -184.87 -4845.85 -187.06 -4846.27 -194.98 -4854.57 -191.07 -4856.58 -191.79 -4860.86 -187.58 -4857.82 -191.57 -4854.12 -202.43 -4865.18 -184.56 -4863.83 -206.81 -4866.32 -193.98 -4868.18 -182.62 -4876.44 -192.66 -4879.86 -196.32 -4877.52 -188.64 -4892.38 -192.83 -4885.27 -189.13 -4880.81 -186.86 -4875.40 -184.23 -4871.91 -181.95 -4875.91 -179.75 -4870.73 -179.57 -4888.38 -170.10 -4872.66 -176.89 -4882.54 -168.41 -4868.44 -179.61 -4880.12 -165.91 -4868.82 -177.44 -4867.55 -179.08 -4865.85 -159.03 -4866.16 -169.03 -4862.70 -169.80 -4860.70 -169.63 -4857.94 -173.13 -4841.16 -167.83 -4844.91 -171.62 -4846.72 -175.56 
33 413.97 -3709.99 410.28 -3716.45 397.52 -3710.63 399.85 -3712.53 400.59 -3713.21 397.18 -3712.35 401.89 -3720.02 405.82 -3727.00 400.56 -3726.12 396.46 -3729.95 395.73 -3729.99 393.21 -3713.67 388.38 -3717.78 379.46 -3721.59 376.63 -3722.84 392.26 -3710.22 387.31 -3711.21 376.01 -3709.66 386.07 -3707.90 381.17 -3706.81 374.75 -3700.40 387.29 -3704.36 388.96 -3703.75 398.06 -3687.21 401.79 -3696.76 395.00 -3709.00 405.82 -3691.00 408.75 -3699.01 404.89 -3704.18 404.14 -3704.93 411.26 -3704.03 401.97 -3708.39 416.99 -3708.23 
5 -857.62 559.88 -917.33 575.21 -895.82 570.35 -884.48 585.61 -894.57 569.06 
6 1706.54 1579.28 1705.05 1580.37 1707.88 1582.66 1709.73 1581.68 1713.99 1581.26 1712.00 1581.05 
44 3915.00 4627.86 3911.00 4628.00 3911.00 4628.00 3912.70 4626.94 3911.82 4627.43 3912.49 4626.66 3912.36 4626.54 3911.00 4628.00 3913.57 4624.94 3911.57 4627.18 3913.24 4624.68 3911.91 4626.22 3911.37 4625.02 3911.00 4628.00 3911.21 4624.01 3911.14 4624.00 3911.00 4626.00 3911.00 4628.00 3910.37 4624.05 3909.83 4624.17 3910.67 4627.05 3910.56 4627.10 3908.57 4626.24 3911.00 4628.00 3910.04 4627.71 3907.04 4627.44 3907.00 4628.07 3910.01 4628.14 3909.09 4628.58 3910.20 4628.60 3911.00 4628.00 3909.66 4629.49 3910.41 4628.81 3909.97 4629.71 3910.81 4628.98 3910.58 4631.98 3911.14 4628.99 3911.24 4628.97 3912.03 4630.82 3911.74 4628.67 3911.97 4628.24 3911.00 4628.00 3911.00 4628.00 3911.00 4628.00 
28 2907.92 1685.26 2902.92 1685.43 2891.90 1686.10 2891.85 1685.90 2893.95 1681.65 2906.38 1668.62 2904.78 1662.13 2907.06 1657.65 2888.26 1686.03 2888.26 1672.00 2886.92 1656.02 2885.53 1676.28 2865.13 1656.65 2881.98 1680.31 2884.40 1683.53 2864.22 1665.59 2873.66 1674.53 2885.60 1685.19 2878.17 1680.12 2868.44 1682.84 2881.00 1687.00 2878.34 1689.59 2862.42 1698.39 2859.71 1704.00 2880.78 1696.58 2893.02 1700.07 2888.00 1687.00 2913.92 1714.79 
11 2287.07 -2918.62 2243.03 -2925.62 2246.00 -2911.69 2258.52 -2909.56 2251.42 -2905.86 2256.19 -2893.59 2270.34 -2860.39 2294.84 -2873.92 2311.50 -2890.85 2287.93 -2901.84 2282.86 -2909.68 
21 -2374.02 4532.02 -2389.88 4526.00 -2394.54 4527.97 -2396.05 4527.65 -2390.53 4516.62 -2400.28 4524.17 -2401.98 4532.00 -2402.97 4529.12 -2412.55 4508.15 -2416.77 4535.60 -2422.49 4543.44 -2404.36 4534.85 -2412.42 4543.79 -2409.89 4549.18 -2403.81 4558.94 -2400.40 4555.94 -2399.54 4536.15 -2391.93 4545.43 -2396.96 4537.86 -2400.17 4533.81 -2391.17 4534.91 
21 -4148.00 -4570.40 -4151.14 -4576.84 -4169.36 -4571.15 -4162.97 -4578.92 -4166.15 -4578.75 -4169.08 -4591.92 -4170.74 -4574.99 -4171.28 -4586.00 -4171.10 -4570.99 -4172.95 -4583.86 -4174.21 -4573.83 -4177.49 -4572.62 -4177.99 -4570.37 -4196.94 -4568.19 -4186.65 -4563.36 -4179.16 -4566.20 -4181.18 -4563.64 -4162.86 -4546.36 -4160.68 -4555.26 -4149.97 -4554.72 -4152.76 -4557.70 
24 -2780.30 3529.25 -2794.82 3519.89 -2802.78 3530.26 -2798.01 3518.17 -2801.13 3525.53 -2803.30 3525.03 -2804.31 3515.00 -2812.92 3516.22 -2807.08 3529.06 -2807.86 3528.40 -2812.16 3529.20 -2815.88 3527.71 -2814.34 3529.24 -2807.85 3531.90 -2812.80 3531.13 -2806.94 3533.57 -2809.74 3534.75 -2805.85 3533.75 -2815.48 3539.10 -2789.00 3549.09 -2800.89 3535.52 -2802.40 3534.20 -2804.00 3533.00 -2781.09 3535.00 
6 -315.43 1893.45 -316.17 1880.11 -323.44 1897.54 -315.77 1897.01 -313.40 1898.86 -316.05 1895.45 
32 794.97 -3796.91 795.83 -3798.19 797.71 -3799.05 786.81 -3797.38 790.51 -3798.93 782.00 -3796.00 792.50 -3808.08 787.59 -3804.29 783.53 -3803.85 783.78 -3812.91 781.51 -3799.97 780.13 -3804.80 775.43 -3808.36 769.69 -3811.76 778.98 -3798.62 773.98 -3800.09 778.29 -3797.50 764.13 -3798.19 764.02 -3796.94 779.08 -3795.33 778.20 -3794.76 780.34 -3794.88 782.00 -3796.00 778.99 -3792.01 781.47 -3795.15 779.26 -3789.56 782.56 -3788.02 789.81 -3777.59 790.34 -3787.37 793.85 -3794.12 782.00 -3796.00 786.99 -3795.65 
39 -1259.01 -4922.72 -1254.45 -4928.40 -1298.25 -4922.97 -1282.86 -4932.30 -1293.70 -4926.93 -1267.09 -4952.69 -1267.86 -4960.30 -1291.57 -4933.18 -1282.95 -4945.46 -1291.22 -4967.15 -1306.08 -4956.47 -1324.51 -4959.74 -1322.51 -4946.13 -1332.65 -4955.81 -1310.40 -4931.37 -1328.34 -4945.78 -1307.13 -4925.63 -1304.92 -4922.87 -1326.85 -4919.18 -1319.63 -4918.18 -1300.00 -4922.00 -1328.01 -4911.25 -1300.91 -4921.59 -1344.41 -4901.29 -1302.62 -4920.55 -1322.80 -4875.26 -1307.31 -4898.09 -1309.68 -4883.19 -1301.11 -4914.08 -1301.85 -4869.03 -1289.19 -4871.14 -1289.36 -4879.31 -1293.91 -4906.13 -1273.65 -4902.14 -1283.43 -4914.97 -1271.99 -4911.25 -1293.27 -4920.07 -1285.08 -4920.43 -1249.03 -4920.22 
30 -1795.02 -1151.63 -1767.53 -1173.79 -1802.49 -1152.31 -1780.38 -1178.17 -1780.68 -1188.31 -1786.63 -1183.67 -1786.90 -1186.05 -1806.49 -1162.74 -1816.05 -1188.09 -1812.46 -1175.58 -1811.45 -1166.28 -1825.94 -1171.46 -1837.10 -1176.86 -1833.02 -1170.57 -1816.79 -1145.31 -1804.00 -1151.00 -1835.87 -1130.30 -1825.76 -1133.38 -1819.61 -1136.95 -1832.28 -1117.29 -1823.44 -1109.31 -1804.00 -1150.00 -1792.03 -1118.11 -1789.54 -1116.94 -1789.21 -1119.28 -1793.18 -1133.00 -1793.40 -1134.04 -1782.18 -1127.60 -1779.57 -1131.91 -1776.34 -1146.62 
42 3694.74 3814.33 3681.97 3816.78 3705.58 3808.54 3716.90 3801.76 3681.87 3816.50 3691.57 3807.82 3698.09 3801.61 3687.92 3808.45 3687.02 3809.01 3682.18 3815.38 3689.60 3796.75 3694.49 3783.62 3682.43 3813.27 3681.87 3807.04 3681.94 3799.02 3681.00 3778.00 3678.03 3798.23 3676.59 3801.62 3670.01 3793.44 3673.81 3810.05 3652.25 3793.72 3675.20 3813.09 3657.36 3808.86 3668.02 3816.32 3645.20 3820.76 3662.46 3824.49 3650.39 3833.97 3673.21 3821.50 3667.88 3832.09 3656.99 3847.73 3678.37 3822.39 3669.76 3844.82 3674.27 3842.11 3678.71 3827.76 3679.47 3824.85 3675.44 3848.51 3680.69 3818.98 3680.95 3820.00 3691.26 3845.19 3700.00 3849.91 3686.87 3818.25 3693.00 3817.21 
16 1897.57 -3199.03 1906.02 -3202.18 1909.55 -3204.21 1891.64 -3197.87 1888.15 -3217.97 1886.06 -3204.95 1882.96 -3224.72 1886.42 -3197.91 1859.81 -3208.68 1875.41 -3199.11 1874.13 -3194.19 1885.36 -3194.85 1869.55 -3172.84 1879.96 -3182.76 1899.20 -3168.59 1897.90 -3188.92 
