X wins!
\ / /-\ /-\
 X  | | | |
/ \ \-/ \-/

\ / \ / /-\
 X   X  | |
/ \ / \ \-/

/-\ \ / \ /
| |  X   X
\-/ / \ / \
------------
O wins!
/-\ /-\ \ /
| | | |  X
\-/ \-/ / \

/-\ /-\ /-\
| | | | | |
\-/ \-/ \-/

/-\ \ / .X.
| |  X  OXX
\-/ / \ X.X
------------
O wins!
\ / \ / /-\
 X   X  | |
/ \ / \ \-/

/-\ \ / .OX
| |  X  ...
\-/ / \ .OX

/-\ /-\ /-\
| | | | | |
\-/ \-/ \-/
------------
O wins!
/-\ /-\ /-\
| | | | | |
\-/ \-/ \-/

\ / .XX /-\
 X  O.. | |
/ \ .XO \-/

X.. XO. .XX
..X ..O X.O
.XO XOO ..X
------------
X wins!
\ / \ / \ /
 X   X   X
/ \ / \ / \

OXO /-\ /-\
.X. | | | |
... \-/ \-/

\ / /-\ OOX
 X  | | ...
/ \ \-/ OXX
------------
Tie
/-\ \ / /-\
| |  X  | |
\-/ / \ \-/

XOX \ / /-\
XOO  X  | |
OXO / \ \-/

/-\ /-\ \ /
| | | |  X
\-/ \-/ / \
------------
O wins!
\ / /-\ \ /
 X  | |  X
/ \ \-/ / \

/-\ /-\ /-\
| | | | | |
\-/ \-/ \-/

\ / \ / /-\
 X   X  | |
/ \ / \ \-/
------------
O wins!
/-\ /-\ /-\
| | | | | |
\-/ \-/ \-/

\ / \ / XO.
 X   X  OXX
/ \ / \ ...

O.. /-\ .XO
... | | O.O
.XX \-/ O..
------------
X wins!
\ / /-\ /-\
 X  | | | |
/ \ \-/ \-/

\ / \ / \ /
 X   X   X
/ \ / \ / \

/-\ XX. /-\
| | ..X | |
\-/ .OX \-/
------------
X wins!
/-\ /-\ ..X
| | | | OXO
\-/ \-/ OOX

\ / \ / \ /
 X   X   X
/ \ / \ / \

/-\ /-\ \ /
| | | |  X
\-/ \-/ / \
------------
Tie
\ / /-\ \ /
 X  | |  X
/ \ \-/ / \

/-\ \ / \ /
| |  X   X
\-/ / \ / \

/-\ \ / OXO
| |  X  XOO
\-/ / \ XOX
------------
Tie
\ / /-\ \ /
 X  | |  X
/ \ \-/ / \

OOX /-\ \ /
XXO | |  X
OOX \-/ / \

/-\ \ / /-\
| |  X  | |
\-/ / \ \-/
------------
O wins!
\ / /-\ \ /
 X  | |  X
/ \ \-/ / \

/-\ /-\ /-\
| | | | | |
\-/ \-/ \-/

.OO .X. O.O
O.O OO. XX.
X.. .XO X..
------------
Tie
/-\ \ / \ /
| |  X   X
\-/ / \ / \

/-\ XOO /-\
| | OXX | |
\-/ OXO \-/

\ / /-\ \ /
 X  | |  X
/ \ \-/ / \
------------
O wins!
/-\ /-\ /-\
| | | | | |
\-/ \-/ \-/

... XOX \ /
.O. XXO  X
XXO O.O / \

/-\ .OX \ /
| | O.O  X
\-/ ..O / \
------------
O wins!
\ / /-\ /-\
 X  | | | |
/ \ \-/ \-/

OXX /-\ /-\
.XO | | | |
OOX \-/ \-/

X.X \ / /-\
..X  X  | |
.OO / \ \-/
------------
X wins!
OOX \ / /-\
XXO  X  | |
OXO / \ \-/

..O \ / \ /
.XX  X   X
XOO / \ / \

XXO \ / XOO
XO.  X  O..
.O. / \ OX.
------------
O wins!
/-\ \ / XOO
| |  X  OXX
\-/ / \ XOO

/-\ \ / /-\
| |  X  | |
\-/ / \ \-/

/-\ /-\ X.X
| | | | .OO
\-/ \-/ XX.
------------
X wins!
\ / /-\ /-\
 X  | | | |
/ \ \-/ \-/

/-\ \ / /-\
| |  X  | |
\-/ / \ \-/

\ / /-\ \ /
 X  | |  X
/ \ \-/ / \
------------
X wins!
/-\ X.. OO.
| | O.O XO.
\-/ ... .X.

\ / \ / \ /
 X   X   X
/ \ / \ / \

..X X.X ..X
OO. XOO .OO
... ..O .X.
------------
O wins!
/-\ \ / \ /
| |  X   X
\-/ / \ / \

OXX /-\ \ /
XOO | |  X
XOX \-/ / \

/-\ /-\ /-\
| | | | | |
\-/ \-/ \-/
------------
O wins!
/-\ \ / /-\
| |  X  | |
\-/ / \ \-/

/-\ \ / \ /
| |  X   X
\-/ / \ / \

/-\ /-\ ...
| | | | XX.
\-/ \-/ XO.
------------
X wins!
OXX \ / /-\
XOO  X  | |
OOX / \ \-/

\ / \ / \ /
 X   X   X
/ \ / \ / \

\ / OXX /-\
 X  OX. | |
/ \ ... \-/
------------
X wins!
/-\ /-\ \ /
| | | |  X
\-/ \-/ / \

/-\ \ / /-\
| |  X  | |
\-/ / \ \-/

\ / .O. \ /
 X  X..  X
/ \ ..X / \
------------
X wins!
\ / \ / /-\
 X   X  | |
/ \ / \ \-/

\ / /-\ \ /
 X  | |  X
/ \ \-/ / \

\ / O.X XOX
 X  X.X XXO
/ \ X.O .O.
------------
X wins!
/-\ \ / /-\
| |  X  | |
\-/ / \ \-/

\ / \ / \ /
 X   X   X
/ \ / \ / \

\ / .OX \ /
 X  O..  X
/ \ OXO / \
------------
Tie
XOO /-\ /-\
OXX | | | |
XXO \-/ \-/

\ / \ / OXO
 X   X  OXO
/ \ / \ XOX

/-\ \ / /-\
| |  X  | |
\-/ / \ \-/
------------
Tie
OXX \ / /-\
XOO  X  | |
XOX / \ \-/

XOX \ / \ /
OOX  X   X
OXO / \ / \

/-\ /-\ \ /
| | | |  X
\-/ \-/ / \
------------
O wins!
/-\ /-\ /-\
| | | | | |
\-/ \-/ \-/

X.. \ / XX.
OXX  X  X..
.X. / \ ..O

... \ / X..
O..  X  .X.
.O. / \ .O.
------------
X wins!
/-\ \ / \ /
| |  X   X
\-/ / \ / \

\ / \ / /-\
 X   X  | |
/ \ / \ \-/

\ / /-\ .OX
 X  | | XOX
/ \ \-/ ...
------------
O wins!
\ / \ / /-\
 X   X  | |
/ \ / \ \-/

\ / /-\ /-\
 X  | | | |
/ \ \-/ \-/

/-\ \ / \ /
| |  X   X
\-/ / \ / \
------------
X wins!
/-\ /-\ \ /
| | | |  X
\-/ \-/ / \

\ / \ / OXO
 X   X  X.X
/ \ / \ O.X

\ / \ / X.O
 X   X  .XX
/ \ / \ O.O
------------
X wins!
\ / XOX OX.
 X  XOX ..O
/ \ OXO XOX

.X. \ / OXO
.OO  X  X.X
O.O / \ OXX

O.O XOO \ /
OXO .OO  X
XOX XX. / \
------------
X wins!
XOX \ / /-\
XOX  X  | |
OXO / \ \-/

/-\ \ / /-\
| |  X  | |
\-/ / \ \-/

/-\ \ / \ /
| |  X   X
\-/ / \ / \
------------
O wins!
\ / /-\ \ /
 X  | |  X
/ \ \-/ / \

\ / /-\ \ /
 X  | |  X
/ \ \-/ / \

XXO /-\ .O.
OXO | | X.O
.O. \-/ OX.
------------
Tie
/-\ \ / /-\
| |  X  | |
\-/ / \ \-/

/-\ \ / \ /
| |  X   X
\-/ / \ / \

\ / OOX /-\
 X  XOO | |
/ \ OXX \-/
------------
O wins!
XOO \ / /-\
OXX  X  | |
XOO / \ \-/

\ / OXO /-\
 X  OOX | |
/ \ XOX \-/

\ / \ / /-\
 X   X  | |
/ \ / \ \-/
------------
X wins!
/-\ \ / /-\
| |  X  | |
\-/ / \ \-/

\ / /-\ /-\
 X  | | | |
/ \ \-/ \-/

\ / \ / \ /
 X   X   X
/ \ / \ / \
------------
Tie
\ / OOX /-\
 X  XXO | |
/ \ OXO \-/

\ / \ / /-\
 X   X  | |
/ \ / \ \-/

/-\ /-\ XOX
| | | | OOX
\-/ \-/ XXO
------------
O wins!
/-\ /-\ /-\
| | | | | |
\-/ \-/ \-/

.XO \ / X.X
.XO  X  X.X
OOX / \ O.O

O.X \ / \ /
X..  X   X
XXO / \ / \
------------
O wins!
/-\ /-\ \ /
| | | |  X
\-/ \-/ / \

/-\ \ / OXX
| |  X  XXO
\-/ / \ OOX

/-\ \ / \ /
| |  X   X
\-/ / \ / \
------------
X wins!
/-\ \ / \ /
| |  X   X
\-/ / \ / \

..O \ / XX.
XX.  X  .O.
OXX / \ OX.

\ / /-\ /-\
 X  | | | |
/ \ \-/ \-/
------------
O wins!
/-\ \ / /-\
| |  X  | |
\-/ / \ \-/

/-\ \ / /-\
| |  X  | |
\-/ / \ \-/

\ / XO. /-\
 X  OX. | |
/ \ O.O \-/
------------
O wins!
\ / /-\ /-\
 X  | | | |
/ \ \-/ \-/

/-\ \ / /-\
| |  X  | |
\-/ / \ \-/

.XX OX. /-\
XXO XX. | |
OOX OOX \-/
------------
X wins!
\ / .XO /-\
 X  .XX | |
/ \ ... \-/

\ / .OX O..
 X  OOX XO.
/ \ XX. OO.

\ / X.X /-\
 X  OO. | |
/ \ ..X \-/
------------
O wins!
/-\ /-\ /-\
| | | | | |
\-/ \-/ \-/

/-\ /-\ \ /
| | | |  X
\-/ \-/ / \

XO. \ / \ /
X.O  X   X
.XX / \ / \
------------
X wins!
/-\ \ / \ /
| |  X   X
\-/ / \ / \

/-\ .XX \ /
| | O.O  X
\-/ O.O / \

O.X XOO \ /
XXO OXX  X
.XX .OO / \
------------
Tie
\ / /-\ \ /
 X  | |  X
/ \ \-/ / \

/-\ OXX \ /
| | XOO  X
\-/ OXX / \

\ / /-\ /-\
 X  | | | |
/ \ \-/ \-/
------------
X wins!
OXX /-\ /-\
XOO | | | |
XOX \-/ \-/

\ / \ / /-\
 X   X  | |
/ \ / \ \-/

\ / \ / \ /
 X   X   X
/ \ / \ / \
------------
Tie
\ / /-\ /-\
 X  | | | |
/ \ \-/ \-/

\ / OOX \ /
 X  XXO  X
/ \ OXX / \

/-\ /-\ OXO
| | | | OXO
\-/ \-/ XOX
------------
X wins!
/-\ \ / XOX
| |  X  OXX
\-/ / \ ..O

OXO \ / ..O
.X.  X  XOO
.OO / \ XO.

.OO \ / \ /
O..  X   X
.OO / \ / \
------------
Tie
\ / /-\ /-\
 X  | | | |
/ \ \-/ \-/

/-\ \ / \ /
| |  X   X
\-/ / \ / \

/-\ \ / /-\
| |  X  | |
\-/ / \ \-/
------------
Tie
\ / /-\ \ /
 X  | |  X
/ \ \-/ / \

/-\ \ / \ /
| |  X   X
\-/ / \ / \

/-\ XXO /-\
| | OXX | |
\-/ XOO \-/
------------
X wins!
/-\ \ / \ /
| |  X   X
\-/ / \ / \

\ / \ / \ /
 X   X   X
/ \ / \ / \

\ / OXO /-\
 X  XXO | |
/ \ O.. \-/
------------
X wins!
\ / \ / OO.
 X   X  ..O
/ \ / \ .XO

.OX \ / XX.
OO.  X  XO.
X.. / \ .O.

..O \ / O..
OXO  X  ...
.O. / \ X..
------------
Tie
\ / \ / /-\
 X   X  | |
/ \ / \ \-/

/-\ /-\ \ /
| | | |  X
\-/ \-/ / \

\ / /-\ \ /
 X  | |  X
/ \ \-/ / \
------------
O wins!
/-\ /-\ \ /
| | | |  X
\-/ \-/ / \

/-\ /-\ /-\
| | | | | |
\-/ \-/ \-/

.XO .X. \ /
XXO XOX  X
XO. OXO / \
------------
O wins!
\ / /-\ \ /
 X  | |  X
/ \ \-/ / \

/-\ \ / \ /
| |  X   X
\-/ / \ / \

/-\ /-\ /-\
| | | | | |
\-/ \-/ \-/
------------
Tie
XOO \ / \ /
OXX  X   X
XXO / \ / \

\ / \ / /-\
 X   X  | |
/ \ / \ \-/

/-\ /-\ XXO
| | | | OOX
\-/ \-/ XOX
------------
Tie
XOX \ / /-\
OOX  X  | |
OXO / \ \-/

/-\ \ / \ /
| |  X   X
\-/ / \ / \

\ / /-\ \ /
 X  | |  X
/ \ \-/ / \
------------
X wins!
\ / /-\ /-\
 X  | | | |
/ \ \-/ \-/

\ / \ / \ /
 X   X   X
/ \ / \ / \

O.X .XO /-\
... XO. | |
.OX XOX \-/
------------
Tie
/-\ OXO /-\
| | OXO | |
\-/ XOX \-/

\ / \ / /-\
 X   X  | |
/ \ / \ \-/

/-\ \ / \ /
| |  X   X
\-/ / \ / \
------------
X wins!
\ / /-\ /-\
 X  | | | |
/ \ \-/ \-/

\ / /-\ OXX
 X  | | XXO
/ \ \-/ O..

\ / OXO ..O
 X  .OO .X.
/ \ ... .X.
------------
X wins!
\ / /-\ /-\
 X  | | | |
/ \ \-/ \-/

\ / \ / \ /
 X   X   X
/ \ / \ / \

X.. \ / /-\
O..  X  | |
..X / \ \-/
------------
Tie
/-\ \ / \ /
| |  X   X
\-/ / \ / \

\ / \ / /-\
 X   X  | |
/ \ / \ \-/

/-\ /-\ \ /
| | | |  X
\-/ \-/ / \
------------
X wins!
/-\ \ / OO.
| |  X  OXX
\-/ / \ .OO

OO. \ / XOX
.O.  X  ..X
X.. / \ OO.

..X \ / X..
..O  X  XO.
.O. / \ ...
------------
Tie
\ / /-\ \ /
 X  | |  X
/ \ \-/ / \

/-\ \ / /-\
| |  X  | |
\-/ / \ \-/

/-\ \ / /-\
| |  X  | |
\-/ / \ \-/
------------
X wins!
\ / \ / /-\
 X   X  | |
/ \ / \ \-/

\ / \ / \ /
 X   X   X
/ \ / \ / \

..X /-\ OXO
OOX | | XXO
... \-/ .O.
------------
O wins!
/-\ \ / \ /
| |  X   X
\-/ / \ / \

/-\ \ / /-\
| |  X  | |
\-/ / \ \-/

/-\ /-\ .XO
| | | | XX.
\-/ \-/ X..
------------
Tie
\ / /-\ \ /
 X  | |  X
/ \ \-/ / \

/-\ \ / \ /
| |  X   X
\-/ / \ / \

/-\ \ / /-\
| |  X  | |
\-/ / \ \-/
------------
Tie
/-\ XXO /-\
| | OOX | |
\-/ XXO \-/

OOX \ / \ /
XXO  X   X
OXO / \ / \

/-\ \ / \ /
| |  X   X
\-/ / \ / \
------------
O wins!
/-\ /-\ /-\
| | | | | |
\-/ \-/ \-/

/-\ \ / /-\
| |  X  | |
\-/ / \ \-/

OXX /-\ XO.
X.O | | XOO
.XX \-/ ..X
------------
O wins!
/-\ \ / \ /
| |  X   X
\-/ / \ / \

/-\ /-\ XOX
| | | | OXO
\-/ \-/ OXO

/-\ /-\ \ /
| | | |  X
\-/ \-/ / \
------------
X wins!
\ / OOX /-\
 X  XOO | |
/ \ OXX \-/

XXO \ / .O.
OXX  X  O..
XOO / \ X.X

/-\ XOX \ /
| | ..X  X
\-/ .OO / \
------------
O wins!
\ / /-\ \ /
 X  | |  X
/ \ \-/ / \

\ / \ / /-\
 X   X  | |
/ \ / \ \-/

/-\ /-\ /-\
| | | | | |
\-/ \-/ \-/
------------
X wins!
\ / O.. .X.
 X  .OX ...
/ \ .O. .X.

... \ / .OO
.O.  X  .O.
..O / \ .XO

O.. /-\ \ /
..X | |  X
... \-/ / \
------------
O wins!
/-\ \ / \ /
| |  X   X
\-/ / \ / \

\ / \ / /-\
 X   X  | |
/ \ / \ \-/

/-\ /-\ /-\
| | | | | |
\-/ \-/ \-/
------------
O wins!
/-\ \ / \ /
| |  X   X
\-/ / \ / \

/-\ \ / /-\
| |  X  | |
\-/ / \ \-/

/-\ .O. XOO
| | XO. O.X
\-/ X.X O..
------------
O wins!
\ / \ / /-\
 X   X  | |
/ \ / \ \-/

XOX \ / /-\
OOX  X  | |
OXO / \ \-/

\ / ... /-\
 X  OO. | |
/ \ ... \-/
------------
X wins!
/-\ /-\ \ /
| | | |  X
\-/ \-/ / \

/-\ \ / .OO
| |  X  .O.
\-/ / \ ...

\ / OX. OX.
 X  .X. .OX
/ \ O.X .O.
------------
Tie
/-\ /-\ \ /
| | | |  X
\-/ \-/ / \

\ / \ / /-\
 X   X  | |
/ \ / \ \-/

/-\ \ / /-\
| |  X  | |
\-/ / \ \-/
------------
X wins!
\ / OX. .O.
 X  OOX OX.
/ \ XO. ...

\ / /-\ O.X
 X  | | .XX
/ \ \-/ O.O

\ / X.O X..
 X  ..O ...
/ \ ... .X.
------------
X wins!
/-\ /-\ \ /
| | | |  X
\-/ \-/ / \

/-\ \ / OX.
| |  X  XO.
\-/ / \ .O.

\ / .XO OO.
 X  XOX .X.
/ \ ..X XOO
------------
X wins!
... \ / ...
.XO  X  ..X
... / \ .O.

OO. \ / /-\
...  X  | |
OOX / \ \-/

... \ / ..O
XX.  X  ...
... / \ .O.
------------
X wins!
/-\ \ / \ /
| |  X   X
\-/ / \ / \

.O. \ / .O.
XOO  X  .OX
O.O / \ OX.

\ / /-\ /-\
 X  | | | |
/ \ \-/ \-/
------------
X wins!
/-\ \ / /-\
| |  X  | |
\-/ / \ \-/

\ / \ / /-\
 X   X  | |
/ \ / \ \-/

/-\ \ / .XO
| |  X  OOX
\-/ / \ ...
------------
O wins!
/-\ /-\ /-\
| | | | | |
\-/ \-/ \-/

XX. ..X OXX
... ... ...
.OX ..X X..

X.O .XX /-\
O.O X.. | |
XOX X.O \-/
------------
O wins!
\ / OXO \ /
 X  XXO  X
/ \ OOX / \

/-\ /-\ \ /
| | | |  X
\-/ \-/ / \

/-\ /-\ /-\
| | | | | |
\-/ \-/ \-/
------------
O wins!
/-\ \ / \ /
| |  X   X
\-/ / \ / \

/-\ /-\ /-\
| | | | | |
\-/ \-/ \-/

\ / \ / .XO
 X   X  XX.
/ \ / \ XOO
------------
X wins!
\ / \ / \ /
 X   X   X
/ \ / \ / \

XOO XO. OO.
OXX X.O XXO
OXO .OO X.X

XOO OO. XO.
XOO X.X O..
..X O.. XX.
------------
O wins!
\ / /-\ /-\
 X  | | | |
/ \ \-/ \-/

/-\ /-\ \ /
| | | |  X
\-/ \-/ / \

/-\ .O. XO.
| | XXO ...
\-/ ... X..
------------
O wins!
/-\ \ / \ /
| |  X   X
\-/ / \ / \

\ / /-\ /-\
 X  | | | |
/ \ \-/ \-/

\ / /-\ /-\
 X  | | | |
/ \ \-/ \-/
------------
X wins!
/-\ /-\ \ /
| | | |  X
\-/ \-/ / \

/-\ /-\ \ /
| | | |  X
\-/ \-/ / \

OXO \ / \ /
XXO  X   X
OOX / \ / \
------------
O wins!
/-\ /-\ /-\
| | | | | |
\-/ \-/ \-/

X.. \ / XXO
.OO  X  .XO
... / \ ...

.O. \ / .OX
.X.  X  X.X
..O / \ .O.
------------
O wins!
/-\ /-\ /-\
| | | | | |
\-/ \-/ \-/

X.X \ / .OO
.XO  X  ...
.O. / \ XX.

\ / X.O .OX
 X  OX. .OO
/ \ O.. O..
------------
X wins!
/-\ /-\ \ /
| | | |  X
\-/ \-/ / \

XOX OX. \ /
OXX XXO  X
.XO .OO / \

OX. /-\ \ /
..X | |  X
O.O \-/ / \
------------
X wins!
/-\ /-\ \ /
| | | |  X
\-/ \-/ / \

XXO \ / \ /
...  X   X
X.. / \ / \

/-\ OXX \ /
| | .OO  X
\-/ .OX / \
------------
O wins!
\ / \ / OXO
 X   X  XOX
/ \ / \ XOX

/-\ /-\ /-\
| | | | | |
\-/ \-/ \-/

.X. /-\ \ /
OXX | |  X
OOX \-/ / \
------------
Tie
/-\ \ / /-\
| |  X  | |
\-/ / \ \-/

\ / XOX /-\
 X  OOX | |
/ \ XXO \-/

/-\ \ / \ /
| |  X   X
\-/ / \ / \
------------
O wins!
/-\ /-\ /-\
| | | | | |
\-/ \-/ \-/

.X. /-\ O.X
OXX | | .X.
..X \-/ OOX

X.X XX. \ /
.OO .X.  X
XOO X.. / \
------------
Tie
\ / /-\ \ /
 X  | |  X
/ \ \-/ / \

/-\ /-\ \ /
| | | |  X
\-/ \-/ / \

/-\ \ / /-\
| |  X  | |
\-/ / \ \-/
------------
O wins!
/-\ \ / /-\
| |  X  | |
\-/ / \ \-/

.X. O.X /-\
..X ... | |
O.. OOX \-/

\ / XOX /-\
 X  XX. | |
/ \ .XO \-/
------------
Tie
XOO /-\ \ /
OOX | |  X
XXO \-/ / \

\ / \ / /-\
 X   X  | |
/ \ / \ \-/

/-\ /-\ \ /
| | | |  X
\-/ \-/ / \
------------
X wins!
/-\ \ / /-\
| |  X  | |
\-/ / \ \-/

\ / \ / \ /
 X   X   X
/ \ / \ / \

/-\ .XO /-\
| | O.O | |
\-/ OXX \-/
------------
O wins!
/-\ XOX \ /
| | OOX  X
\-/ XXO / \

/-\ \ / \ /
| |  X   X
\-/ / \ / \

/-\ .OX O.O
| | X.O X.O
\-/ X.X ..X
------------
O wins!
/-\ /-\ /-\
| | | | | |
\-/ \-/ \-/

XX. XXO \ /
OOX OXO  X
X.O XO. / \

OOX .OX OXX
XXO ..X .XO
OO. X.. ...
------------
X wins!
\ / ... /-\
 X  O.X | |
/ \ O.X \-/

XOX \ / /-\
XOO  X  | |
O.O / \ \-/

.XX X.. \ /
X.X XOX  X
.O. ..O / \
------------
Tie
\ / /-\ /-\
 X  | | | |
/ \ \-/ \-/

/-\ \ / \ /
| |  X   X
\-/ / \ / \

\ / \ / /-\
 X   X  | |
/ \ / \ \-/
------------
X wins!
\ / \ / \ /
 X   X   X
/ \ / \ / \

/-\ /-\ OO.
| | | | ...
\-/ \-/ O.O

\ / .O. /-\
 X  XX. | |
/ \ .OX \-/
------------
X wins!
\ / /-\ \ /
 X  | |  X
/ \ \-/ / \

\ / .XO O..
 X  ... ...
/ \ OOX .X.

\ / /-\ ..O
 X  | | O..
/ \ \-/ ...
------------
X wins!
\ / /-\ \ /
 X  | |  X
/ \ \-/ / \

\ / \ / /-\
 X   X  | |
/ \ / \ \-/

X.O ..X \ /
... OXO  X
OO. ..O / \
------------
X wins!
\ / \ / \ /
 X   X   X
/ \ / \ / \

O.. /-\ /-\
.OX | | | |
OO. \-/ \-/

..X OO. .O.
XO. XXO X.X
XO. O.O ...
------------
O wins!
/-\ /-\ /-\
| | | | | |
\-/ \-/ \-/

\ / XOO \ /
 X  XXO  X
/ \ .O. / \

/-\ /-\ \ /
| | | |  X
\-/ \-/ / \
------------
O wins!
/-\ /-\ /-\
| | | | | |
\-/ \-/ \-/

O.X \ / \ /
XOO  X   X
O.. / \ / \

X.X ..X /-\
XOX O.O | |
O.O ..O \-/
------------
O wins!
/-\ \ / \ /
| |  X   X
\-/ / \ / \

/-\ /-\ /-\
| | | | | |
\-/ \-/ \-/

..O \ / \ /
XXO  X   X
X.X / \ / \
------------
O wins!
/-\ \ / /-\
| |  X  | |
\-/ / \ \-/

/-\ \ / .OX
| |  X  X..
\-/ / \ XOX

/-\ XX. .OX
| | .OO .X.
\-/ XXO .XO
------------
Tie
/-\ \ / /-\
| |  X  | |
\-/ / \ \-/

\ / \ / /-\
 X   X  | |
/ \ / \ \-/

/-\ /-\ \ /
| | | |  X
\-/ \-/ / \
------------
O wins!
\ / \ / /-\
 X   X  | |
/ \ / \ \-/

\ / /-\ /-\
 X  | | | |
/ \ \-/ \-/

/-\ \ / X.O
| |  X  XOO
\-/ / \ .O.
------------
O wins!
/-\ \ / \ /
| |  X   X
\-/ / \ / \

/-\ /-\ /-\
| | | | | |
\-/ \-/ \-/

\ / \ / .OO
 X   X  OXX
/ \ / \ OOX
------------
X wins!
\ / /-\ /-\
 X  | | | |
/ \ \-/ \-/

.O. \ / /-\
..X  X  | |
.OX / \ \-/

.O. O.X \ /
... OX.  X
..O .OX / \
------------
O wins!
\ / /-\ \ /
 X  | |  X
/ \ \-/ / \

/-\ /-\ ..X
| | | | .X.
\-/ \-/ ..O

..O /-\ O.O
XO. | | X..
... \-/ XOX
------------
O wins!
/-\ \ / \ /
| |  X   X
\-/ / \ / \

/-\ .OO XOX
| | XXO O..
\-/ XX. XOX

/-\ .X. /-\
| | .OX | |
\-/ OOX \-/
------------
O wins!
/-\ \ / XO.
| |  X  OO.
\-/ / \ OXX

\ / /-\ .X.
 X  | | O..
/ \ \-/ .O.

OX. \ / /-\
X.O  X  | |
.OX / \ \-/
------------
O wins!
\ / /-\ \ /
 X  | |  X
/ \ \-/ / \

/-\ /-\ \ /
| | | |  X
\-/ \-/ / \

\ / /-\ .XO
 X  | | .XX
/ \ \-/ O.X
------------
O wins!
\ / \ / /-\
 X   X  | |
/ \ / \ \-/

\ / \ / /-\
 X   X  | |
/ \ / \ \-/

/-\ O.X /-\
| | X.. | |
\-/ X.X \-/
------------
X wins!
\ / /-\ /-\
 X  | | | |
/ \ \-/ \-/

\ / OX. ...
 X  XXO OX.
/ \ O.O XOO

\ / /-\ O.X
 X  | | O..
/ \ \-/ .X.
------------
O wins!
\ / /-\ /-\
 X  | | | |
/ \ \-/ \-/

\ / \ / /-\
 X   X  | |
/ \ / \ \-/

/-\ \ / /-\
| |  X  | |
\-/ / \ \-/
------------
O wins!
/-\ /-\ /-\
| | | | | |
\-/ \-/ \-/

O.. \ / .XX
XXO  X  O.X
.XO / \ OX.

X.X XOX X..
... X.. X.O
.X. OO. ...
------------
O wins!
\ / X.. \ /
 X  .OO  X
/ \ X.O / \

X.. O.O XXO
OOX XXO ..X
XXO OXX OXO

/-\ /-\ /-\
| | | | | |
\-/ \-/ \-/
------------
Tie
/-\ \ / \ /
| |  X   X
\-/ / \ / \

\ / /-\ /-\
 X  | | | |
/ \ \-/ \-/

/-\ \ / \ /
| |  X   X
\-/ / \ / \
------------
X wins!
\ / \ / \ /
 X   X   X
/ \ / \ / \

... /-\ O.X
.XX | | .XO
X.X \-/ .XX

/-\ X.. /-\
| | .OX | |
\-/ X.. \-/
------------
O wins!
/-\ /-\ /-\
| | | | | |
\-/ \-/ \-/

.OX \ / XOX
.OO  X  OOX
O.. / \ O..

\ / \ / ...
 X   X  XX.
/ \ / \ OO.
------------
X wins!
\ / XXO XOX
 X  OOX XOO
/ \ XOX OXO

\ / \ / XOX
 X   X  OXO
/ \ / \ OXO

\ / /-\ /-\
 X  | | | |
/ \ \-/ \-/
------------
X wins!
/-\ /-\ \ /
| | | |  X
\-/ \-/ / \

XX. X.X \ /
.XO O.X  X
O.. XOO / \

XO. XO. \ /
..X OOX  X
.X. .XO / \
------------
O wins!
\ / /-\ /-\
 X  | | | |
/ \ \-/ \-/

/-\ /-\ /-\
| | | | | |
\-/ \-/ \-/

\ / O.O \ /
 X  OXX  X
/ \ .XX / \
------------
X wins!
/-\ /-\ \ /
| | | |  X
\-/ \-/ / \

.O. \ / \ /
OX.  X   X
OOX / \ / \

X.O /-\ \ /
... | |  X
..O \-/ / \
------------
O wins!
\ / \ / /-\
 X   X  | |
/ \ / \ \-/

\ / /-\ /-\
 X  | | | |
/ \ \-/ \-/

/-\ \ / \ /
| |  X   X
\-/ / \ / \
------------
O wins!
/-\ /-\ \ /
| | | |  X
\-/ \-/ / \

\ / /-\ O.X
 X  | | X..
/ \ \-/ X.O

..X X.O /-\
XXO O.. | |
.XX .XO \-/
------------
X wins!
/-\ /-\ \ /
| | | |  X
\-/ \-/ / \

\ / \ / \ /
 X   X   X
/ \ / \ / \

/-\ /-\ .XO
| | | | XOX
\-/ \-/ X..
------------
X wins!
\ / /-\ /-\
 X  | | | |
/ \ \-/ \-/

\ / XOX /-\
 X  OXX | |
/ \ OXO \-/

\ / /-\ \ /
 X  | |  X
/ \ \-/ / \
------------
X wins!
\ / /-\ /-\
 X  | | | |
/ \ \-/ \-/

\ / \ / XOO
 X   X  ...
/ \ / \ O.X

\ / .X. /-\
 X  OXX | |
/ \ ... \-/
------------
O wins!
XOX \ / /-\
XOO  X  | |
OXO / \ \-/

\ / \ / /-\
 X   X  | |
/ \ / \ \-/

/-\ /-\ /-\
| | | | | |
\-/ \-/ \-/
------------
X wins!
/-\ \ / /-\
| |  X  | |
\-/ / \ \-/

\ / \ / \ /
 X   X   X
/ \ / \ / \

XOX \ / /-\
X.O  X  | |
OOX / \ \-/
------------
Tie
/-\ XOO \ /
| | OXX  X
\-/ XXO / \

XOX \ / /-\
OXX  X  | |
OXO / \ \-/

/-\ /-\ \ /
| | | |  X
\-/ \-/ / \
------------
Tie
/-\ \ / /-\
| |  X  | |
\-/ / \ \-/

\ / /-\ /-\
 X  | | | |
/ \ \-/ \-/

\ / /-\ \ /
 X  | |  X
/ \ \-/ / \
------------
O wins!
\ / /-\ \ /
 X  | |  X
/ \ \-/ / \

\ / /-\ /-\
 X  | | | |
/ \ \-/ \-/

/-\ /-\ \ /
| | | |  X
\-/ \-/ / \
------------
Tie
\ / OOX \ /
 X  XXO  X
/ \ OXX / \

OXO \ / /-\
XOO  X  | |
XOX / \ \-/

/-\ \ / /-\
| |  X  | |
\-/ / \ \-/
------------
X wins!
XOX \ / /-\
..O  X  | |
XO. / \ \-/

/-\ \ / .OO
| |  X  XO.
\-/ / \ X.X

OOX \ / O..
.XX  X  .OO
O.. / \ ..X
------------
X wins!
\ / \ / \ /
 X   X   X
/ \ / \ / \

O.O OX. ...
... ... ...
OX. OXX XO.

OOX /-\ O.X
XX. | | .O.
OX. \-/ .O.
------------
O wins!
\ / \ / /-\
 X   X  | |
/ \ / \ \-/

\ / /-\ \ /
 X  | |  X
/ \ \-/ / \

/-\ /-\ XO.
| | | | .XX
\-/ \-/ XO.
------------
X wins!
/-\ \ / /-\
| |  X  | |
\-/ / \ \-/

/-\ \ / /-\
| |  X  | |
\-/ / \ \-/

.XX \ / O.X
XX.  X  X.O
OO. / \ .OX
------------
O wins!
/-\ /-\ /-\
| | | | | |
\-/ \-/ \-/

X.. \ / XXO
.XO  X  X.X
XOO / \ OX.

OXO \ / ..O
XOO  X  ..X
XO. / \ .X.
------------
O wins!
/-\ \ / /-\
| |  X  | |
\-/ / \ \-/

\ / /-\ \ /
 X  | |  X
/ \ \-/ / \

X.X XOO /-\
O.O ..X | |
..X ..X \-/
------------
X wins!
\ / \ / \ /
 X   X   X
/ \ / \ / \

.O. /-\ .OX
... | | ..X
.X. \-/ OXO

O.O /-\ XOX
.X. | | ..O
.OX \-/ X.X
------------
O wins!
/-\ \ / \ /
| |  X   X
\-/ / \ / \

\ / /-\ /-\
 X  | | | |
/ \ \-/ \-/

/-\ \ / /-\
| |  X  | |
\-/ / \ \-/
------------
X wins!
\ / \ / \ /
 X   X   X
/ \ / \ / \

OX. /-\ \ /
..X | |  X
... \-/ / \

/-\ .OO \ /
| | ..O  X
\-/ XX. / \
------------
X wins!
\ / \ / O.X
 X   X  XOX
/ \ / \ .O.

/-\ \ / OX.
| |  X  XOO
\-/ / \ OXX

O.O \ / OO.
.X.  X  ..X
XX. / \ ...
------------
X wins!
/-\ \ / \ /
| |  X   X
\-/ / \ / \

\ / \ / .O.
 X   X  XOO
/ \ / \ XXO

O.. \ / X.O
O.O  X  O.X
XOX / \ .X.
------------
X wins!
/-\ \ / .XX
| |  X  XXO
\-/ / \ .OX

.OO \ / .XO
...  X  ...
..X / \ XOX

X.. \ / .OO
.OO  X  ...
.X. / \ O..
------------
X wins!
/-\ ..X \ /
| | XOO  X
\-/ OOX / \

XOO \ / \ /
OXX  X   X
O.O / \ / \

\ / \ / /-\
 X   X  | |
/ \ / \ \-/
------------
O wins!
/-\ \ / \ /
| |  X   X
\-/ / \ / \

/-\ \ / /-\
| |  X  | |
\-/ / \ \-/

/-\ /-\ X.O
| | | | O.X
\-/ \-/ XXO
------------
X wins!
\ / O.X XOO
 X  ... OXX
/ \ O.. OXO

\ / /-\ ..O
 X  | | OXO
/ \ \-/ ..X

\ / X.O \ /
 X  OO.  X
/ \ ..O / \
------------
X wins!
\ / \ / \ /
 X   X   X
/ \ / \ / \

.OX .O. .XO
.OX XOX X.O
OX. OXO O.X

\ / /-\ XOO
 X  | | O..
/ \ \-/ OX.
------------
O wins!
/-\ /-\ \ /
| | | |  X
\-/ \-/ / \

/-\ \ / ..X
| |  X  O..
\-/ / \ XX.

/-\ /-\ .OO
| | | | XX.
\-/ \-/ XXO
------------
X wins!
\ / /-\ \ /
 X  | |  X
/ \ \-/ / \

\ / /-\ \ /
 X  | |  X
/ \ \-/ / \

\ / \ / X.X
 X   X  .OO
/ \ / \ .OX
------------
O wins!
\ / \ / /-\
 X   X  | |
/ \ / \ \-/

\ / \ / /-\
 X   X  | |
/ \ / \ \-/

OXX /-\ /-\
X.. | | | |
XXO \-/ \-/
------------
X wins!
/-\ \ / /-\
| |  X  | |
\-/ / \ \-/

\ / \ / .OO
 X   X  ..X
/ \ / \ XOX

/-\ \ / X..
| |  X  O.O
\-/ / \ .XO
------------
O wins!
\ / ..X /-\
 X  ..O | |
/ \ OXX \-/

..X \ / /-\
.OX  X  | |
OO. / \ \-/

\ / ..O /-\
 X  OXX | |
/ \ OOX \-/
------------
X wins!
/-\ \ / \ /
| |  X   X
\-/ / \ / \

\ / \ / \ /
 X   X   X
/ \ / \ / \

/-\ OX. OO.
| | O.O .O.
\-/ X.. ...
------------
O wins!
/-\ \ / \ /
| |  X   X
\-/ / \ / \

\ / /-\ /-\
 X  | | | |
/ \ \-/ \-/

\ / XOO /-\
 X  OXX | |
/ \ XOO \-/
------------
O wins!
\ / \ / /-\
 X   X  | |
/ \ / \ \-/

O.X X.X /-\
..X X.. | |
.OO .O. \-/

XOO \ / /-\
...  X  | |
XOX / \ \-/
------------
X wins!
/-\ \ / /-\
| |  X  | |
\-/ / \ \-/

OX. \ / X..
.OO  X  XOO
.XX / \ .OX

.OX \ / /-\
O..  X  | |
.O. / \ \-/
------------
X wins!
/-\ XOO /-\
| | OXX | |
\-/ XXO \-/

\ / \ / \ /
 X   X   X
/ \ / \ / \

.OX .XX O.O
.OO .O. X.X
..X XOO .OX
------------
X wins!
\ / /-\ \ /
 X  | |  X
/ \ \-/ / \

\ / \ / \ /
 X   X   X
/ \ / \ / \

.XO /-\ /-\
OXO | | | |
... \-/ \-/
------------
O wins!
OXX /-\ \ /
XXO | |  X
O.O \-/ / \

XO. /-\ .OO
OXX | | OXX
O.. \-/ XXO

\ / /-\ \ /
 X  | |  X
/ \ \-/ / \
------------
X wins!
/-\ /-\ \ /
| | | |  X
\-/ \-/ / \

/-\ \ / \ /
| |  X   X
\-/ / \ / \

\ / ..O XO.
 X  ..O O..
/ \ ... OX.
------------
X wins!
\ / \ / \ /
 X   X   X
/ \ / \ / \

/-\ OX. /-\
| | XO. | |
\-/ O.. \-/

O.O XOO \ /
X.X X..  X
XOO O.O / \
------------
X wins!
/-\ X.. XOX
| | OXO .XX
\-/ ... OXO

\ / \ / \ /
 X   X   X
/ \ / \ / \

/-\ ..O \ /
| | X.X  X
\-/ O.O / \
------------
O wins!
\ / /-\ \ /
 X  | |  X
/ \ \-/ / \

/-\ /-\ /-\
| | | | | |
\-/ \-/ \-/

OXO .OO XO.
.XX OO. OXX
.OO X.X X.O
------------
X wins!
\ / /-\ /-\
 X  | | | |
/ \ \-/ \-/

\ / \ / \ /
 X   X   X
/ \ / \ / \

.X. /-\ ..X
OO. | | .OX
XOO \-/ OX.
------------
X wins!
/-\ /-\ \ /
| | | |  X
\-/ \-/ / \

OXX \ / \ /
.O.  X   X
OO. / \ / \

O.. O.O \ /
..X .X.  X
XOX ..X / \
------------
X wins!
/-\ /-\ \ /
| | | |  X
\-/ \-/ / \

/-\ \ / /-\
| |  X  | |
\-/ / \ \-/

\ / .OO .XO
 X  X.O ..X
/ \ .OX .X.
------------
Tie
/-\ /-\ XXO
| | | | OXX
\-/ \-/ XOO

/-\ OXX \ /
| | XOO  X
\-/ OOX / \

\ / \ / /-\
 X   X  | |
/ \ / \ \-/
------------
Tie
\ / \ / XOO
 X   X  OXX
/ \ / \ XOO

\ / /-\ /-\
 X  | | | |
/ \ \-/ \-/

/-\ \ / /-\
| |  X  | |
\-/ / \ \-/
------------
X wins!
/-\ XOX \ /
| | XXO  X
\-/ OXO / \

/-\ \ / \ /
| |  X   X
\-/ / \ / \

\ / /-\ OOX
 X  | | O..
/ \ \-/ .XO
------------
X wins!
\ / /-\ /-\
 X  | | | |
/ \ \-/ \-/

/-\ \ / /-\
| |  X  | |
\-/ / \ \-/

\ / /-\ \ /
 X  | |  X
/ \ \-/ / \
------------
X wins!
/-\ /-\ \ /
| | | |  X
\-/ \-/ / \

/-\ \ / \ /
| |  X   X
\-/ / \ / \

\ / /-\ /-\
 X  | | | |
/ \ \-/ \-/
------------
X wins!
/-\ /-\ \ /
| | | |  X
\-/ \-/ / \

.XO \ / /-\
...  X  | |
..X / \ \-/

\ / OX. /-\
 X  X.X | |
/ \ XOO \-/
------------
O wins!
\ / /-\ /-\
 X  | | | |
/ \ \-/ \-/

\ / \ / /-\
 X   X  | |
/ \ / \ \-/

/-\ \ / /-\
| |  X  | |
\-/ / \ \-/
------------
X wins!
/-\ /-\ \ /
| | | |  X
\-/ \-/ / \

OXO \ / /-\
XXO  X  | |
XOX / \ \-/

\ / /-\ /-\
 X  | | | |
/ \ \-/ \-/
------------
X wins!
/-\ \ / X.O
| |  X  .OX
\-/ / \ ..O

... \ / /-\
.OX  X  | |
... / \ \-/

\ / \ / XO.
 X   X  ...
/ \ / \ XOO
------------
O wins!
/-\ XXO \ /
| | OXX  X
\-/ XOO / \

\ / /-\ \ /
 X  | |  X
/ \ \-/ / \

/-\ \ / /-\
| |  X  | |
\-/ / \ \-/
------------
X wins!
\ / \ / \ /
 X   X   X
/ \ / \ / \

..X OOX .OX
XO. XO. OOX
OO. XX. X.O

XOO /-\ .XO
.XX | | X.X
.OO \-/ .XO
------------
X wins!
/-\ \ / /-\
| |  X  | |
\-/ / \ \-/

OOX \ / OXO
XOO  X  OOX
OXX / \ .OX

XO. \ / /-\
.OX  X  | |
..O / \ \-/
------------
X wins!
\ / \ / \ /
 X   X   X
/ \ / \ / \

O.O /-\ .XO
OXX | | XX.
.XO \-/ X..

.OX /-\ XX.
.XO | | X..
..O \-/ OO.
------------
Tie
\ / /-\ /-\
 X  | | | |
/ \ \-/ \-/

/-\ \ / \ /
| |  X   X
\-/ / \ / \

\ / /-\ /-\
 X  | | | |
/ \ \-/ \-/
------------
X wins!
/-\ \ / /-\
| |  X  | |
\-/ / \ \-/

/-\ \ / /-\
| |  X  | |
\-/ / \ \-/

\ / \ / OO.
 X   X  X.X
/ \ / \ .OX
------------
O wins!
\ / /-\ /-\
 X  | | | |
/ \ \-/ \-/

/-\ \ / /-\
| |  X  | |
\-/ / \ \-/

OO. O.. /-\
.X. OO. | |
.XX ... \-/
------------
O wins!
/-\ /-\ /-\
| | | | | |
\-/ \-/ \-/

OX. \ / O..
X..  X  ...
X.X / \ OOX

\ / \ / XOX
 X   X  .O.
/ \ / \ OX.
------------
Tie
\ / \ / /-\
 X   X  | |
/ \ / \ \-/

\ / XOX \ /
 X  OXO  X
/ \ OXO / \

/-\ \ / OXO
| |  X  OXX
\-/ / \ XOO
------------
X wins!
\ / \ / /-\
 X   X  | |
/ \ / \ \-/

\ / /-\ \ /
 X  | |  X
/ \ \-/ / \

\ / /-\ XOO
 X  | | OXO
/ \ \-/ O..
------------
X wins!
\ / \ / /-\
 X   X  | |
/ \ / \ \-/

\ / /-\ \ /
 X  | |  X
/ \ \-/ / \

\ / .OO /-\
 X  OX. | |
/ \ OXO \-/
------------
X wins!
/-\ \ / \ /
| |  X   X
\-/ / \ / \

..O /-\ \ /
... | |  X
.OO \-/ / \

/-\ ... \ /
| | XOO  X
\-/ ..X / \
------------
X wins!
/-\ \ / \ /
| |  X   X
\-/ / \ / \

/-\ \ / \ /
| |  X   X
\-/ / \ / \

XXO OOX \ /
OOX .OO  X
XXO OX. / \
------------
X wins!
\ / \ / /-\
 X   X  | |
/ \ / \ \-/

/-\ \ / /-\
| |  X  | |
\-/ / \ \-/

\ / /-\ \ /
 X  | |  X
/ \ \-/ / \
------------
X wins!
/-\ \ / \ /
| |  X   X
\-/ / \ / \

/-\ \ / .OO
| |  X  X..
\-/ / \ .OO

\ / \ / /-\
 X   X  | |
/ \ / \ \-/
------------
Tie
XOX \ / /-\
XXO  X  | |
OXO / \ \-/

XOX \ / \ /
XXO  X   X
OXO / \ / \

/-\ /-\ \ /
| | | |  X
\-/ \-/ / \
------------
X wins!
OXO XOX \ /
OXX OOX  X
XOX XXO / \

/-\ \ / /-\
| |  X  | |
\-/ / \ \-/

\ / /-\ /-\
 X  | | | |
/ \ \-/ \-/
------------
O wins!
\ / /-\ /-\
 X  | | | |
/ \ \-/ \-/

/-\ /-\ \ /
| | | |  X
\-/ \-/ / \

/-\ ..O .XX
| | .O. ...
\-/ ..O OXX
------------
Tie
\ / /-\ \ /
 X  | |  X
/ \ \-/ / \

\ / /-\ /-\
 X  | | | |
/ \ \-/ \-/

/-\ XXO \ /
| | OXX  X
\-/ XOO / \
------------
X wins!
\ / \ / \ /
 X   X   X
/ \ / \ / \

... OOX \ /
OXO XOO  X
OOX OXX / \

O.X \ / O.O
OO.  X  .O.
.OX / \ XOX
------------
O wins!
/-\ \ / /-\
| |  X  | |
\-/ / \ \-/

\ / /-\ OO.
 X  | | .XO
/ \ \-/ OXX

\ / \ / /-\
 X   X  | |
/ \ / \ \-/
------------
O wins!
\ / \ / /-\
 X   X  | |
/ \ / \ \-/

/-\ \ / \ /
| |  X   X
\-/ / \ / \

/-\ /-\ /-\
| | | | | |
\-/ \-/ \-/
------------
X wins!
/-\ \ / /-\
| |  X  | |
\-/ / \ \-/

/-\ \ / OOX
| |  X  XX.
\-/ / \ OOX

O.X \ / /-\
XOO  X  | |
XOX / \ \-/
------------
X wins!
\ / .O. X..
 X  OXX ...
/ \ .O. X..

\ / O.. .XO
 X  ..O O..
/ \ OXX XO.

\ / /-\ .O.
 X  | | .OX
/ \ \-/ OXX
------------
O wins!
/-\ \ / /-\
| |  X  | |
\-/ / \ \-/

/-\ \ / OXX
| |  X  .X.
\-/ / \ ...

/-\ ... /-\
| | ..O | |
\-/ X.X \-/
------------
O wins!
\ / \ / OXO
 X   X  .XX
/ \ / \ XOX

/-\ /-\ /-\
| | | | | |
\-/ \-/ \-/

/-\ OOX ...
| | XXO O.X
\-/ OXO OX.
------------
X wins!
\ / ... ...
 X  O.X X..
/ \ OO. XO.

\ / /-\ X.O
 X  | | O..
/ \ \-/ OXX

\ / /-\ ...
 X  | | ..O
/ \ \-/ OO.
------------
X wins!
/-\ \ / /-\
| |  X  | |
\-/ / \ \-/

\ / \ / \ /
 X   X   X
/ \ / \ / \

\ / .O. OXO
 X  OO. ..O
/ \ O.O O..
------------
O wins!
\ / \ / /-\
 X   X  | |
/ \ / \ \-/

\ / \ / /-\
 X   X  | |
/ \ / \ \-/

/-\ /-\ /-\
| | | | | |
\-/ \-/ \-/
------------
O wins!
/-\ \ / \ /
| |  X   X
\-/ / \ / \

\ / /-\ ...
 X  | | O..
/ \ \-/ X..

\ / XOO /-\
 X  ... | |
/ \ O.O \-/
------------
X wins!
\ / \ / \ /
 X   X   X
/ \ / \ / \

/-\ /-\ O.X
| | | | ..O
\-/ \-/ O..

\ / O.O .XO
 X  .XX XX.
/ \ OXX XOO
------------
X wins!
\ / \ / /-\
 X   X  | |
/ \ / \ \-/

/-\ \ / \ /
| |  X   X
\-/ / \ / \

\ / \ / /-\
 X   X  | |
/ \ / \ \-/
------------
O wins!
/-\ /-\ \ /
| | | |  X
\-/ \-/ / \

/-\ \ / \ /
| |  X   X
\-/ / \ / \

/-\ .OO XX.
| | .O. .OX
\-/ ..O X..
------------
Tie
/-\ XOO \ /
| | OXX  X
\-/ XXO / \

\ / /-\ /-\
 X  | | | |
/ \ \-/ \-/

/-\ XOO \ /
| | OOX  X
\-/ XXO / \
------------
Tie
\ / /-\ /-\
 X  | | | |
/ \ \-/ \-/

/-\ /-\ \ /
| | | |  X
\-/ \-/ / \

\ / \ / /-\
 X   X  | |
/ \ / \ \-/
------------
O wins!
\ / \ / /-\
 X   X  | |
/ \ / \ \-/

\ / /-\ /-\
 X  | | | |
/ \ \-/ \-/

/-\ XX. O..
| | OXO .XX
\-/ .O. OOX
------------
X wins!
/-\ \ / \ /
| |  X   X
\-/ / \ / \

/-\ \ / /-\
| |  X  | |
\-/ / \ \-/

\ / .XX XOX
 X  XXO OXO
/ \ .OX O.O
------------
O wins!
/-\ /-\ \ /
| | | |  X
\-/ \-/ / \

/-\ \ / .O.
| |  X  .X.
\-/ / \ XX.

/-\ .OO .X.
| | OXX XO.
\-/ OX. XX.
------------
O wins!
/-\ ..O ...
| | O.. .XX
\-/ XXO O..

.O. OX. \ /
X.O XXO  X
OXX OOX / \

/-\ /-\ /-\
| | | | | |
\-/ \-/ \-/
------------
X wins!
\ / \ / /-\
 X   X  | |
/ \ / \ \-/

\ / OOX OO.
 X  O.X ..X
/ \ .OO O..

\ / .X. O..
 X  XX. XOX
/ \ O.. OOX
------------
O wins!
/-\ /-\ /-\
| | | | | |
\-/ \-/ \-/

.X. \ / \ /
XOO  X   X
X.. / \ / \

/-\ /-\ \ /
| | | |  X
\-/ \-/ / \
------------
Tie
\ / /-\ /-\
 X  | | | |
/ \ \-/ \-/

/-\ XOX \ /
| | OXO  X
\-/ OXO / \

/-\ \ / /-\
| |  X  | |
\-/ / \ \-/
------------
Tie
/-\ \ / OXO
| |  X  OXX
\-/ / \ XOO

\ / /-\ /-\
 X  | | | |
/ \ \-/ \-/

/-\ /-\ \ /
| | | |  X
\-/ \-/ / \
------------
Tie
\ / \ / /-\
 X   X  | |
/ \ / \ \-/

/-\ /-\ \ /
| | | |  X
\-/ \-/ / \

\ / /-\ \ /
 X  | |  X
/ \ \-/ / \
------------
O wins!
/-\ ..O \ /
| | X.X  X
\-/ .XX / \

/-\ XO. OOX
| | OXX X.O
\-/ .XO XXO

/-\ /-\ \ /
| | | |  X
\-/ \-/ / \
------------
X wins!
\ / /-\ \ /
 X  | |  X
/ \ \-/ / \

\ / \ / \ /
 X   X   X
/ \ / \ / \

/-\ .X. /-\
| | X.O | |
\-/ ..O \-/
------------
Tie
/-\ \ / \ /
| |  X   X
\-/ / \ / \

/-\ \ / /-\
| |  X  | |
\-/ / \ \-/

OOX /-\ /-\
XOO | | | |
OXX \-/ \-/
------------
X wins!
\ / /-\ /-\
 X  | | | |
/ \ \-/ \-/

/-\ \ / /-\
| |  X  | |
\-/ / \ \-/

/-\ \ / \ /
| |  X   X
\-/ / \ / \
------------
Tie
\ / /-\ /-\
 X  | | | |
/ \ \-/ \-/

/-\ \ / \ /
| |  X   X
\-/ / \ / \

\ / \ / /-\
 X   X  | |
/ \ / \ \-/
------------
Tie
/-\ \ / /-\
| |  X  | |
\-/ / \ \-/

/-\ \ / /-\
| |  X  | |
\-/ / \ \-/

\ / /-\ \ /
 X  | |  X
/ \ \-/ / \
------------
X wins!
\ / \ / \ /
 X   X   X
/ \ / \ / \

\ / /-\ ..X
 X  | | X.O
/ \ \-/ XOX

/-\ \ / .OO
| |  X  O..
\-/ / \ XO.
------------
X wins!
/-\ \ / /-\
| |  X  | |
\-/ / \ \-/

\ / \ / \ /
 X   X   X
/ \ / \ / \

OXO \ / XOX
O.O  X  XOO
XOX / \ .X.
------------
O wins!
/-\ \ / /-\
| |  X  | |
\-/ / \ \-/

/-\ /-\ \ /
| | | |  X
\-/ \-/ / \

/-\ OOX \ /
| | .XO  X
\-/ .OX / \
------------
X wins!
\ / \ / \ /
 X   X   X
/ \ / \ / \

.O. /-\ ..O
OXX | | OX.
XXO \-/ O.X

XOO /-\ /-\
OXX | | | |
OX. \-/ \-/
------------
X wins!
\ / /-\ \ /
 X  | |  X
/ \ \-/ / \

\ / \ / \ /
 X   X   X
/ \ / \ / \

/-\ OO. /-\
| | O.O | |
\-/ .OX \-/
------------
Tie
\ / /-\ XOX
 X  | | XOO
/ \ \-/ OXX

/-\ \ / /-\
| |  X  | |
\-/ / \ \-/

XOX /-\ /-\
OOX | | | |
XXO \-/ \-/
------------
Tie
\ / /-\ \ /
 X  | |  X
/ \ \-/ / \

/-\ \ / \ /
| |  X   X
\-/ / \ / \

/-\ \ / /-\
| |  X  | |
\-/ / \ \-/
------------
X wins!
/-\ XOO \ /
| | X.X  X
\-/ O.. / \

/-\ \ / O..
| |  X  XO.
\-/ / \ OO.

\ / .OO O.X
 X  ... OOX
/ \ X.O .X.
------------
X wins!
/-\ \ / \ /
| |  X   X
\-/ / \ / \

/-\ \ / X.O
| |  X  .OX
\-/ / \ ...

\ / O.. XO.
 X  .XO X.O
/ \ OXO OX.
------------
X wins!
/-\ /-\ \ /
| | | |  X
\-/ \-/ / \

\ / \ / OXX
 X   X  ...
/ \ / \ OXX

\ / /-\ .O.
 X  | | XOO
/ \ \-/ XXO
------------
X wins!
/-\ \ / \ /
| |  X   X
\-/ / \ / \

O.O \ / .XO
.XX  X  OO.
XOO / \ .OX

X.. \ / XOO
.OX  X  OX.
.OX / \ OXO
------------
O wins!
\ / \ / /-\
 X   X  | |
/ \ / \ \-/

/-\ \ / OXO
| |  X  XXO
\-/ / \ XOX

/-\ /-\ /-\
| | | | | |
\-/ \-/ \-/
------------
O wins!
\ / /-\ \ /
 X  | |  X
/ \ \-/ / \

\ / \ / /-\
 X   X  | |
/ \ / \ \-/

/-\ /-\ /-\
| | | | | |
\-/ \-/ \-/
------------
X wins!
\ / \ / \ /
 X   X   X
/ \ / \ / \

.OO O.. ..X
OXX X.X .XO
.XX O.. .XO

.XO /-\ /-\
O.. | | | |
.X. \-/ \-/
------------
Tie
\ / \ / /-\
 X   X  | |
/ \ / \ \-/

/-\ /-\ \ /
| | | |  X
\-/ \-/ / \

\ / \ / XOX
 X   X  OXX
/ \ / \ OXO
------------
O wins!
/-\ \ / /-\
| |  X  | |
\-/ / \ \-/

.OO \ / /-\
.XX  X  | |
..O / \ \-/

\ / .OO /-\
 X  .XX | |
/ \ OOX \-/
------------
X wins!
\ / /-\ \ /
 X  | |  X
/ \ \-/ / \

/-\ \ / OXO
| |  X  XOX
\-/ / \ .X.

.OO /-\ \ /
..O | |  X
OOX \-/ / \
------------
O wins!
... \ / /-\
OX.  X  | |
XO. / \ \-/

O.X /-\ ...
XX. | | ...
.XO \-/ XOX

/-\ OOX .XX
| | OOX XX.
\-/ XX. O.O
------------
Tie
\ / /-\ /-\
 X  | | | |
/ \ \-/ \-/

/-\ XOX \ /
| | XOX  X
\-/ OXO / \

OXO \ / /-\
XXO  X  | |
XOX / \ \-/
------------
X wins!
\ / \ / /-\
 X   X  | |
/ \ / \ \-/

\ / \ / OXX
 X   X  XOO
/ \ / \ OOX

/-\ \ / /-\
| |  X  | |
\-/ / \ \-/
------------
Tie
/-\ \ / /-\
| |  X  | |
\-/ / \ \-/

/-\ /-\ \ /
| | | |  X
\-/ \-/ / \

\ / /-\ \ /
 X  | |  X
/ \ \-/ / \
------------
X wins!
/-\ .XX O.O
| | O.. O.O
\-/ XO. X.X

\ / \ / \ /
 X   X   X
/ \ / \ / \

/-\ X.. XOX
| | O.. O.O
\-/ X.. ..X
------------
X wins!
\ / /-\ /-\
 X  | | | |
/ \ \-/ \-/

/-\ /-\ XOX
| | | | XOO
\-/ \-/ OXO

\ / \ / \ /
 X   X   X
/ \ / \ / \
------------
X wins!
\ / /-\ OXO
 X  | | OXX
/ \ \-/ XOO

\ / /-\ O.X
 X  | | XXO
/ \ \-/ OXO

\ / .X. \ /
 X  O.O  X
/ \ ... / \
------------
O wins!
\ / /-\ \ /
 X  | |  X
/ \ \-/ / \

/-\ /-\ OXO
| | | | X.O
\-/ \-/ .XX

O.X /-\ /-\
XO. | | | |
.XX \-/ \-/
------------
X wins!
\ / /-\ \ /
 X  | |  X
/ \ \-/ / \

/-\ \ / OXO
| |  X  OOX
\-/ / \ XOX

\ / /-\ /-\
 X  | | | |
/ \ \-/ \-/
------------
X wins!
\ / /-\ /-\
 X  | | | |
/ \ \-/ \-/

\ / /-\ OO.
 X  | | OX.
/ \ \-/ X..

\ / XX. OO.
 X  .OX .XX
/ \ ..X .OO
------------
X wins!
/-\ XOO \ /
| | OXX  X
\-/ XXO / \

/-\ \ / XOO
| |  X  O.O
\-/ / \ XOX

\ / /-\ \ /
 X  | |  X
/ \ \-/ / \
------------
Tie
/-\ \ / /-\
| |  X  | |
\-/ / \ \-/

\ / XOX \ /
 X  XOX  X
/ \ OXO / \

OXX /-\ /-\
XOO | | | |
XOX \-/ \-/
------------
X wins!
\ / /-\ \ /
 X  | |  X
/ \ \-/ / \

/-\ \ / \ /
| |  X   X
\-/ / \ / \

\ / OXX /-\
 X  O.O | |
/ \ ..O \-/
------------
O wins!
/-\ /-\ /-\
| | | | | |
\-/ \-/ \-/

\ / XOO ..X
 X  XXO XX.
/ \ OX. .XX

\ / XX. ...
 X  OO. XOO
/ \ O.O .O.
------------
X wins!
XXO /-\ X.X
OOX | | XOX
XXO \-/ OXO

\ / \ / \ /
 X   X   X
/ \ / \ / \

/-\ O.O /-\
| | .XO | |
\-/ XOX \-/
------------
X wins!
\ / /-\ /-\
 X  | | | |
/ \ \-/ \-/

/-\ \ / /-\
| |  X  | |
\-/ / \ \-/

/-\ \ / \ /
| |  X   X
\-/ / \ / \
------------
O wins!
\ / \ / /-\
 X   X  | |
/ \ / \ \-/

\ / /-\ /-\
 X  | | | |
/ \ \-/ \-/

/-\ OXX X.X
| | OXO ..X
\-/ ... XOO
------------
O wins!
/-\ \ / \ /
| |  X   X
\-/ / \ / \

/-\ /-\ /-\
| | | | | |
\-/ \-/ \-/

... XOX XOO
.XX X.. ...
.O. O.X .X.
------------
X wins!
/-\ /-\ \ /
| | | |  X
\-/ \-/ / \

\ / \ / \ /
 X   X   X
/ \ / \ / \

/-\ \ / XOX
| |  X  X.X
\-/ / \ .XO
------------
O wins!
/-\ /-\ \ /
| | | |  X
\-/ \-/ / \

/-\ /-\ \ /
| | | |  X
\-/ \-/ / \

\ / /-\ X..
 X  | | X..
/ \ \-/ OX.
------------
Tie
\ / /-\ \ /
 X  | |  X
/ \ \-/ / \

/-\ /-\ \ /
| | | |  X
\-/ \-/ / \

\ / \ / /-\
 X   X  | |
/ \ / \ \-/
------------
Tie
\ / \ / XOX
 X   X  XXO
/ \ / \ OXO

/-\ /-\ \ /
| | | |  X
\-/ \-/ / \

\ / /-\ XOO
 X  | | OOX
/ \ \-/ XXO
------------
O wins!
/-\ /-\ /-\
| | | | | |
\-/ \-/ \-/

.O. /-\ /-\
.XX | | | |
OO. \-/ \-/

XX. ..X \ /
.OX .XO  X
X.O ..O / \
------------
X wins!
\ / \ / /-\
 X   X  | |
/ \ / \ \-/

/-\ \ / \ /
| |  X   X
\-/ / \ / \

/-\ /-\ \ /
| | | |  X
\-/ \-/ / \
------------
O wins!
... ..X ..O
.XX ..X .XX
.OX ..O ...

/-\ /-\ /-\
| | | | | |
\-/ \-/ \-/

... ... OX.
.OO X.. XXO
X.X X.. ...
------------
O wins!
/-\ /-\ /-\
| | | | | |
\-/ \-/ \-/

/-\ OX. XOX
| | X.X O..
\-/ X.O XOO

..O .XX \ /
OOX XX.  X
XOO OOX / \
------------
X wins!
\ / ..O .X.
 X  .O. ..O
/ \ ..O OX.

X.O \ / O..
.O.  X  ...
... / \ X.O

OXX ... \ /
... OO.  X
..O ..O / \
------------
X wins!
\ / \ / .XX
 X   X  XO.
/ \ / \ OO.

.O. \ / /-\
XXO  X  | |
OO. / \ \-/

\ / \ / XOX
 X   X  O.X
/ \ / \ O.O
------------
Tie
\ / /-\ /-\
 X  | | | |
/ \ \-/ \-/

/-\ \ / \ /
| |  X   X
\-/ / \ / \

\ / \ / /-\
 X   X  | |
/ \ / \ \-/
------------
X wins!
/-\ \ / /-\
| |  X  | |
\-/ / \ \-/

/-\ /-\ \ /
| | | |  X
\-/ \-/ / \

\ / \ / \ /
 X   X   X
/ \ / \ / \
------------
O wins!
/-\ \ / \ /
| |  X   X
\-/ / \ / \

/-\ XXO ..O
| | .XX XOO
\-/ O.. .XX

/-\ \ / ..O
| |  X  .O.
\-/ / \ .X.
------------
X wins!
/-\ \ / \ /
| |  X   X
\-/ / \ / \

/-\ \ / \ /
| |  X   X
\-/ / \ / \

\ / OXO /-\
 X  O.O | |
/ \ .O. \-/
------------
O wins!
\ / \ / /-\
 X   X  | |
/ \ / \ \-/

\ / /-\ \ /
 X  | |  X
/ \ \-/ / \

/-\ \ / OOX
| |  X  O.O
\-/ / \ .OX
------------
O wins!
\ / \ / /-\
 X   X  | |
/ \ / \ \-/

/-\ /-\ /-\
| | | | | |
\-/ \-/ \-/

OO. \ / XXO
.XX  X  ..X
OOX / \ XXO
------------
O wins!
/-\ \ / \ /
| |  X   X
\-/ / \ / \

XOX /-\ XO.
O.X | | OXX
XX. \-/ XOO

\ / XO. /-\
 X  O.. | |
/ \ OXX \-/
------------
X wins!
/-\ \ / /-\
| |  X  | |
\-/ / \ \-/

\ / \ / \ /
 X   X   X
/ \ / \ / \

..X /-\ O..
O.. | | .OX
.X. \-/ XO.
------------
Tie
\ / \ / /-\
 X   X  | |
/ \ / \ \-/

/-\ \ / OXX
| |  X  XXO
\-/ / \ OOX

\ / /-\ /-\
 X  | | | |
/ \ \-/ \-/
------------
Tie
\ / \ / /-\
 X   X  | |
/ \ / \ \-/

/-\ XOX /-\
| | XOO | |
\-/ OXX \-/

\ / /-\ \ /
 X  | |  X
/ \ \-/ / \
------------
O wins!
\ / /-\ /-\
 X  | | | |
/ \ \-/ \-/

/-\ \ / /-\
| |  X  | |
\-/ / \ \-/

OXO \ / /-\
XOX  X  | |
XOX / \ \-/
------------
Tie
\ / \ / /-\
 X   X  | |
/ \ / \ \-/

/-\ /-\ \ /
| | | |  X
\-/ \-/ / \

\ / /-\ \ /
 X  | |  X
/ \ \-/ / \
------------
Tie
/-\ \ / /-\
| |  X  | |
\-/ / \ \-/

/-\ \ / \ /
| |  X   X
\-/ / \ / \

\ / /-\ OXX
 X  | | XXO
/ \ \-/ OOX
------------
Tie
\ / OOX /-\
 X  XXO | |
/ \ OXX \-/

/-\ /-\ \ /
| | | |  X
\-/ \-/ / \

\ / \ / /-\
 X   X  | |
/ \ / \ \-/
------------
O wins!
\ / \ / /-\
 X   X  | |
/ \ / \ \-/

/-\ /-\ \ /
| | | |  X
\-/ \-/ / \

/-\ .X. .OX
| | .XX ...
\-/ XO. .O.
------------
O wins!
\ / /-\ /-\
 X  | | | |
/ \ \-/ \-/

OOX /-\ \ /
XXO | |  X
OOX \-/ / \

/-\ OOX \ /
| | XXO  X
\-/ OX. / \
------------
Tie
/-\ \ / /-\
| |  X  | |
\-/ / \ \-/

\ / XOX \ /
 X  OOX  X
/ \ XXO / \

/-\ /-\ \ /
| | | |  X
\-/ \-/ / \
------------
O wins!
\ / /-\ /-\
 X  | | | |
/ \ \-/ \-/

X.. \ / /-\
.OX  X  | |
O.X / \ \-/

\ / /-\ /-\
 X  | | | |
/ \ \-/ \-/
------------
Tie
/-\ \ / /-\
| |  X  | |
\-/ / \ \-/

/-\ /-\ \ /
| | | |  X
\-/ \-/ / \

\ / /-\ \ /
 X  | |  X
/ \ \-/ / \
------------
O wins!
\ / /-\ /-\
 X  | | | |
/ \ \-/ \-/

/-\ \ / /-\
| |  X  | |
\-/ / \ \-/

\ / .XX /-\
 X  OO. | |
/ \ O.X \-/
------------
O wins!
/-\ /-\ /-\
| | | | | |
\-/ \-/ \-/

OOX \ / X..
...  X  .OX
O.O / \ O..

X.X ... \ /
XX. ..O  X
.XO O.O / \
------------
X wins!
\ / ..O O.X
 X  O.. ..X
/ \ O.O .XO

... \ / .XO
XOO  X  X..
O.O / \ XO.

X.. /-\ \ /
XOO | |  X
... \-/ / \
------------
X wins!
\ / \ / /-\
 X   X  | |
/ \ / \ \-/

\ / /-\ /-\
 X  | | | |
/ \ \-/ \-/

\ / \ / X.O
 X   X  OXO
/ \ / \ OX.
------------
O wins!
/-\ /-\ \ /
| | | |  X
\-/ \-/ / \

/-\ XXO X..
| | OOX OXO
\-/ XOX O.O

/-\ \ / /-\
| |  X  | |
\-/ / \ \-/
------------
O wins!
/-\ ... XOO
| | XX. OXO
\-/ ..X .O.

\ / /-\ \ /
 X  | |  X
/ \ \-/ / \

O.O \ / /-\
OX.  X  | |
XOO / \ \-/
------------
O wins!
/-\ /-\ /-\
| | | | | |
\-/ \-/ \-/

\ / OO. /-\
 X  XXO | |
/ \ XOX \-/

/-\ .OX X.X
| | .XO OXX
\-/ .OX O.O
------------
O wins!
\ / /-\ ..X
 X  | | O..
/ \ \-/ .O.

..X /-\ X..
XO. | | X..
OXO \-/ .X.

.X. /-\ X..
O.O | | .XO
.O. \-/ XXO
------------
X wins!
\ / /-\ /-\
 X  | | | |
/ \ \-/ \-/

\ / \ / X.O
 X   X  O..
/ \ / \ .XO

OXO /-\ \ /
..X | |  X
OOX \-/ / \
------------
O wins!
XOX /-\ \ /
OXX | |  X
OXO \-/ / \

/-\ /-\ \ /
| | | |  X
\-/ \-/ / \

X.. /-\ OXO
XXO | | ...
.X. \-/ OXX
------------
X wins!
/-\ \ / \ /
| |  X   X
\-/ / \ / \

\ / /-\ /-\
 X  | | | |
/ \ \-/ \-/

\ / \ / \ /
 X   X   X
/ \ / \ / \
------------
O wins!
\ / /-\ \ /
 X  | |  X
/ \ \-/ / \

/-\ /-\ /-\
| | | | | |
\-/ \-/ \-/

O.O .X. \ /
OOX XX.  X
XO. XOO / \
------------
X wins!
\ / \ / /-\
 X   X  | |
/ \ / \ \-/

\ / /-\ /-\
 X  | | | |
/ \ \-/ \-/

\ / /-\ \ /
 X  | |  X
/ \ \-/ / \
------------
Tie
\ / \ / OXO
 X   X  OXX
/ \ / \ XOO

/-\ XOX /-\
| | OXO | |
\-/ OXO \-/

OXX \ / /-\
XOO  X  | |
XOX / \ \-/
------------
X wins!
XOO \ / \ /
OOX  X   X
XXO / \ / \

/-\ \ / /-\
| |  X  | |
\-/ / \ \-/

\ / /-\ /-\
 X  | | | |
/ \ \-/ \-/
------------
Tie
\ / OXO \ /
 X  XXO  X
/ \ OOX / \

\ / /-\ \ /
 X  | |  X
/ \ \-/ / \

/-\ \ / /-\
| |  X  | |
\-/ / \ \-/
------------
O wins!
/-\ \ / /-\
| |  X  | |
\-/ / \ \-/

/-\ \ / /-\
| |  X  | |
\-/ / \ \-/

\ / /-\ /-\
 X  | | | |
/ \ \-/ \-/
------------
O wins!
\ / /-\ \ /
 X  | |  X
/ \ \-/ / \

/-\ \ / XOO
| |  X  OOX
\-/ / \ XXO

/-\ /-\ /-\
| | | | | |
\-/ \-/ \-/
------------
Tie
/-\ \ / /-\
| |  X  | |
\-/ / \ \-/

/-\ \ / /-\
| |  X  | |
\-/ / \ \-/

\ / OXO XOX
 X  OXX OXO
/ \ XOX OXO
------------
O wins!
/-\ \ / \ /
| |  X   X
\-/ / \ / \

/-\ \ / O.O
| |  X  OO.
\-/ / \ ..X

/-\ ..X OO.
| | X.. XOX
\-/ ... X..
------------
X wins!
\ / /-\ \ /
 X  | |  X
/ \ \-/ / \

/-\ /-\ \ /
| | | |  X
\-/ \-/ / \

OO. OO. \ /
XOO OXX  X
O.. XXO / \
------------
Tie
/-\ /-\ XOO
| | | | OXX
\-/ \-/ XOO

/-\ \ / /-\
| |  X  | |
\-/ / \ \-/

\ / /-\ \ /
 X  | |  X
/ \ \-/ / \
------------
O wins!
/-\ /-\ /-\
| | | | | |
\-/ \-/ \-/

XO. X.. ...
.O. X.X OO.
X.X .XX .O.

XXO \ / XOO
.OX  X  X..
..O / \ OOX
------------
O wins!
\ / /-\ /-\
 X  | | | |
/ \ \-/ \-/

/-\ \ / \ /
| |  X   X
\-/ / \ / \

/-\ /-\ /-\
| | | | | |
\-/ \-/ \-/
------------
X wins!
\ / /-\ /-\
 X  | | | |
/ \ \-/ \-/

\ / /-\ /-\
 X  | | | |
/ \ \-/ \-/

\ / OX. XO.
 X  .XX ..X
/ \ XO. .X.
------------
O wins!
/-\ /-\ \ /
| | | |  X
\-/ \-/ / \

/-\ /-\ OO.
| | | | OXX
\-/ \-/ ...

XXO XX. /-\
..O X.. | |
... ..X \-/
------------
Tie
/-\ \ / /-\
| |  X  | |
\-/ / \ \-/

\ / \ / /-\
 X   X  | |
/ \ / \ \-/

\ / /-\ \ /
 X  | |  X
/ \ \-/ / \
------------
X wins!
\ / \ / \ /
 X   X   X
/ \ / \ / \

.OO XOX /-\
.XX O.X | |
O.O XOO \-/

/-\ /-\ \ /
| | | |  X
\-/ \-/ / \
------------
Tie
\ / \ / XXO
 X   X  OOX
/ \ / \ XXO

/-\ /-\ \ /
| | | |  X
\-/ \-/ / \

\ / \ / /-\
 X   X  | |
/ \ / \ \-/
------------
X wins!
\ / \ / XXO
 X   X  OOX
/ \ / \ XOX

/-\ \ / /-\
| |  X  | |
\-/ / \ \-/

\ / /-\ \ /
 X  | |  X
/ \ \-/ / \
------------
O wins!
/-\ \ / /-\
| |  X  | |
\-/ / \ \-/

/-\ /-\ OOX
| | | | XX.
\-/ \-/ OOX

\ / \ / /-\
 X   X  | |
/ \ / \ \-/
------------
X wins!
/-\ \ / /-\
| |  X  | |
\-/ / \ \-/

\ / \ / OX.
 X   X  O..
/ \ / \ ...

/-\ \ / OOX
| |  X  ..O
\-/ / \ ..O
------------
O wins!
/-\ /-\ \ /
| | | |  X
\-/ \-/ / \

/-\ \ / XXO
| |  X  O..
\-/ / \ XX.

/-\ OX. .OO
| | XO. XOO
\-/ .X. ..X
------------
Tie
\ / \ / /-\
 X   X  | |
/ \ / \ \-/

/-\ \ / \ /
| |  X   X
\-/ / \ / \

\ / /-\ XOX
 X  | | OXO
/ \ \-/ OXO
------------
X wins!
\ / ..X X..
 X  XO. .O.
/ \ OO. ..O

... \ / .O.
.O.  X  ...
.O. / \ .XO

XO. ... \ /
..X .XO  X
..O X.O / \
------------
X wins!
\ / \ / /-\
 X   X  | |
/ \ / \ \-/

/-\ \ / /-\
| |  X  | |
\-/ / \ \-/

/-\ \ / OO.
| |  X  X..
\-/ / \ OXX
------------
X wins!
/-\ /-\ \ /
| | | |  X
\-/ \-/ / \

\ / /-\ \ /
 X  | |  X
/ \ \-/ / \

X.O XOX \ /
O.X ..O  X
O.. ..X / \
------------
O wins!
\ / \ / /-\
 X   X  | |
/ \ / \ \-/

\ / \ / /-\
 X   X  | |
/ \ / \ \-/

.XO OOX /-\
... .XO | |
X.X .XX \-/
------------
X wins!
/-\ \ / \ /
| |  X   X
\-/ / \ / \

OO. \ / \ /
XX.  X   X
OXO / \ / \

OX. X.O \ /
XO. OOX  X
OOX XOO / \
------------
X wins!
/-\ \ / \ /
| |  X   X
\-/ / \ / \

/-\ \ / /-\
| |  X  | |
\-/ / \ \-/

\ / OOX /-\
 X  .XO | |
/ \ .XX \-/
------------
O wins!
\ / /-\ O..
 X  | | XO.
/ \ \-/ XX.

..X /-\ O.X
XOO | | O.O
O.. \-/ XX.

.O. /-\ .XO
.XX | | .OO
.OX \-/ ..X
------------
O wins!
/-\ /-\ \ /
| | | |  X
\-/ \-/ / \

/-\ \ / .XO
| |  X  OX.
\-/ / \ X..

/-\ X.X X.O
| | ..O .O.
\-/ X.. ...
------------
X wins!
\ / \ / XOX
 X   X  OOX
/ \ / \ OXO

/-\ \ / /-\
| |  X  | |
\-/ / \ \-/

\ / /-\ \ /
 X  | |  X
/ \ \-/ / \
------------
X wins!
/-\ \ / OXX
| |  X  XOO
\-/ / \ OOX

/-\ \ / OXX
| |  X  ...
\-/ / \ X.O

.O. \ / .XX
XO.  X  OX.
.XO / \ .OO
------------
X wins!
\ / \ / /-\
 X   X  | |
/ \ / \ \-/

\ / /-\ /-\
 X  | | | |
/ \ \-/ \-/

\ / \ / OXO
 X   X  X.X
/ \ / \ ...
------------
O wins!
XOX \ / /-\
OXX  X  | |
OXO / \ \-/

\ / /-\ X.X
 X  | | OO.
/ \ \-/ OX.

/-\ OOX X.X
| | O.O .OX
\-/ XXO XO.
------------
X wins!
\ / /-\ \ /
 X  | |  X
/ \ \-/ / \

/-\ \ / \ /
| |  X   X
\-/ / \ / \

\ / OXO /-\
 X  O.X | |
/ \ XOX \-/
------------
X wins!
/-\ OOX \ /
| | XOO  X
\-/ OXX / \

\ / \ / \ /
 X   X   X
/ \ / \ / \

.XX .X. OXO
XXO .OO OO.
O.X OXO .OX
------------
O wins!
/-\ \ / \ /
| |  X   X
\-/ / \ / \

/-\ .XO O.O
| | XOX ...
\-/ X.. OXX

/-\ ..O .O.
| | X.X O..
\-/ X.. O..
------------
O wins!
/-\ \ / \ /
| |  X   X
\-/ / \ / \

/-\ /-\ XOO
| | | | OXX
\-/ \-/ OXO

\ / \ / /-\
 X   X  | |
/ \ / \ \-/
------------
O wins!
/-\ /-\ /-\
| | | | | |
\-/ \-/ \-/

XX. \ / \ /
.OO  X   X
XXO / \ / \

XO. /-\ XXO
OXO | | OOX
.OO \-/ XX.
------------
X wins!
\ / \ / \ /
 X   X   X
/ \ / \ / \

/-\ \ / O..
| |  X  .X.
\-/ / \ OXX

O.O /-\ /-\
OX. | | | |
XXO \-/ \-/
------------
Tie
/-\ \ / \ /
| |  X   X
\-/ / \ / \

\ / XOO \ /
 X  OXX  X
/ \ OXO / \

\ / /-\ OXO
 X  | | OXO
/ \ \-/ XOX
------------
Tie
\ / /-\ XXO
 X  | | OOX
/ \ \-/ XXO

/-\ OOX \ /
| | XXO  X
\-/ OOX / \

\ / /-\ \ /
 X  | |  X
/ \ \-/ / \
------------
X wins!
\ / O.. /-\
 X  ..X | |
/ \ ..O \-/

... \ / O..
...  X  ...
..O / \ O.O

O.X X.. \ /
... .O.  X
XXO X.. / \
------------
O wins!
/-\ OOX \ /
| | XXO  X
\-/ OXX / \

OOX \ / \ /
XXO  X   X
OOX / \ / \

/-\ /-\ /-\
| | | | | |
\-/ \-/ \-/
------------
X wins!
/-\ \ / XOX
| |  X  OOX
\-/ / \ OXO

OOX \ / OOX
XXO  X  XXO
OXX / \ OOX

\ / \ / /-\
 X   X  | |
/ \ / \ \-/
------------
O wins!
\ / /-\ /-\
 X  | | | |
/ \ \-/ \-/

\ / \ / /-\
 X   X  | |
/ \ / \ \-/

/-\ \ / /-\
| |  X  | |
\-/ / \ \-/
------------
X wins!
/-\ \ / /-\
| |  X  | |
\-/ / \ \-/

XX. \ / /-\
OO.  X  | |
.X. / \ \-/

XO. \ / .OO
O..  X  .XX
.OO / \ .X.
------------
X wins!
\ / \ / \ /
 X   X   X
/ \ / \ / \

OOX .OO XOX
XO. XX. .OO
OXX OXX X..

..O OX. /-\
X.O O.. | |
..X .O. \-/
------------
Tie
/-\ \ / /-\
| |  X  | |
\-/ / \ \-/

\ / \ / XOO
 X   X  OOX
/ \ / \ XXO

/-\ /-\ \ /
| | | |  X
\-/ \-/ / \
------------
X wins!
\ / OXO O..
 X  OX. ..O
/ \ XOO .XX

\ / /-\ .X.
 X  | | ...
/ \ \-/ .XX

\ / ..X /-\
 X  OO. | |
/ \ X.. \-/
------------
Tie
\ / \ / /-\
 X   X  | |
/ \ / \ \-/

/-\ /-\ \ /
| | | |  X
\-/ \-/ / \

\ / \ / /-\
 X   X  | |
/ \ / \ \-/
------------
Tie
/-\ \ / XOO
| |  X  OXX
\-/ / \ XOO

/-\ \ / /-\
| |  X  | |
\-/ / \ \-/

XOX /-\ \ /
OXX | |  X
OXO \-/ / \
------------
X wins!
/-\ \ / \ /
| |  X   X
\-/ / \ / \

\ / /-\ \ /
 X  | |  X
/ \ \-/ / \

XO. OXO \ /
OXO OOX  X
.XO XOX / \
------------
X wins!
\ / /-\ ..X
 X  | | XOX
/ \ \-/ X.O

..O \ / XO.
.X.  X  OO.
OXO / \ O..

OXO XX. \ /
XX. O.O  X
X.O XO. / \
------------
X wins!
\ / /-\ OXO
 X  | | OXO
/ \ \-/ XOX

\ / \ / \ /
 X   X   X
/ \ / \ / \

/-\ ..O XOX
| | X.X ..O
\-/ ..X XOO
------------
O wins!
/-\ /-\ /-\
| | | | | |
\-/ \-/ \-/

/-\ \ / O..
| |  X  .X.
\-/ / \ ..X

O.X \ / /-\
...  X  | |
XOX / \ \-/
------------
X wins!
\ / \ / /-\
 X   X  | |
/ \ / \ \-/

/-\ \ / /-\
| |  X  | |
\-/ / \ \-/

OO. /-\ \ /
..X | |  X
.XX \-/ / \
------------
X wins!
\ / XOX /-\
 X  O.X | |
/ \ OXO \-/

\ / /-\ \ /
 X  | |  X
/ \ \-/ / \

\ / /-\ OXO
 X  | | O.O
/ \ \-/ .X.
------------
O wins!
/-\ \ / /-\
| |  X  | |
\-/ / \ \-/

XO. \ / /-\
O.X  X  | |
OOX / \ \-/

\ / /-\ /-\
 X  | | | |
/ \ \-/ \-/
------------
X wins!
\ / /-\ /-\
 X  | | | |
/ \ \-/ \-/

OXO /-\ \ /
XXO | |  X
XOX \-/ / \

\ / \ / \ /
 X   X   X
/ \ / \ / \
------------
Tie
XOX \ / /-\
OXO  X  | |
OXO / \ \-/

XOX \ / /-\
OOX  X  | |
OXO / \ \-/

\ / /-\ \ /
 X  | |  X
/ \ \-/ / \
------------
Tie
\ / /-\ /-\
 X  | | | |
/ \ \-/ \-/

/-\ OXX OXO
| | XXO XXO
\-/ OOX XOX

/-\ /-\ \ /
| | | |  X
\-/ \-/ / \
------------
O wins!
/-\ \ / \ /
| |  X   X
\-/ / \ / \

\ / /-\ \ /
 X  | |  X
/ \ \-/ / \

/-\ /-\ /-\
| | | | | |
\-/ \-/ \-/
------------
O wins!
/-\ /-\ /-\
| | | | | |
\-/ \-/ \-/

X.. /-\ /-\
..O | | | |
... \-/ \-/

O.. .XO \ /
.XX .XX  X
.X. .O. / \
------------
O wins!
/-\ /-\ /-\
| | | | | |
\-/ \-/ \-/

.X. \ / XX.
..X  X  .O.
O.X / \ ..O

.O. ..X .OX
OXX .O. .XO
XXO ... O..
------------
X wins!
/-\ \ / X..
| |  X  OO.
\-/ / \ .OX

O.O \ / XO.
.OO  X  X..
XO. / \ O..

XOO \ / .O.
X..  X  X..
.OO / \ XXO
------------
X wins!
/-\ \ / \ /
| |  X   X
\-/ / \ / \

\ / /-\ \ /
 X  | |  X
/ \ \-/ / \

O.O \ / \ /
...  X   X
.OO / \ / \
------------
Tie
\ / /-\ /-\
 X  | | | |
/ \ \-/ \-/

/-\ /-\ \ /
| | | |  X
\-/ \-/ / \

\ / \ / /-\
 X   X  | |
/ \ / \ \-/
------------
Tie
\ / /-\ \ /
 X  | |  X
/ \ \-/ / \

\ / /-\ /-\
 X  | | | |
/ \ \-/ \-/

/-\ \ / /-\
| |  X  | |
\-/ / \ \-/
------------
O wins!
/-\ \ / /-\
| |  X  | |
\-/ / \ \-/

\ / /-\ \ /
 X  | |  X
/ \ \-/ / \

\ / /-\ /-\
 X  | | | |
/ \ \-/ \-/
------------
X wins!
\ / /-\ /-\
 X  | | | |
/ \ \-/ \-/

\ / \ / \ /
 X   X   X
/ \ / \ / \

O.X OXO /-\
O.. ... | |
.XO O.O \-/
------------
O wins!
/-\ /-\ .O.
| | | | XXO
\-/ \-/ ..O

.OX /-\ \ /
XXO | |  X
.OX \-/ / \

.X. /-\ \ /
O.O | |  X
XXO \-/ / \
------------
Tie
/-\ /-\ XXO
| | | | OOX
\-/ \-/ XXO

\ / /-\ \ /
 X  | |  X
/ \ \-/ / \

/-\ \ / \ /
| |  X   X
\-/ / \ / \
------------
X wins!
\ / \ / /-\
 X   X  | |
/ \ / \ \-/

\ / \ / \ /
 X   X   X
/ \ / \ / \

OO. /-\ X.X
.XO | | .O.
OX. \-/ ..X
------------
X wins!
/-\ \ / /-\
| |  X  | |
\-/ / \ \-/

/-\ \ / X..
| |  X  .OO
\-/ / \ ...

... \ / X..
XO.  X  ...
.O. / \ .O.
------------
O wins!
/-\ /-\ \ /
| | | |  X
\-/ \-/ / \

\ / /-\ O.X
 X  | | .XO
/ \ \-/ OXX

O.O \ / /-\
XX.  X  | |
XOX / \ \-/
------------
Tie
/-\ \ / \ /
| |  X   X
\-/ / \ / \

\ / \ / XOX
 X   X  XXO
/ \ / \ OXO

/-\ OXX /-\
| | XXO | |
\-/ OOX \-/
------------
X wins!
/-\ \ / \ /
| |  X   X
\-/ / \ / \

/-\ \ / /-\
| |  X  | |
\-/ / \ \-/

\ / OXX \ /
 X  XXO  X
/ \ ..O / \
------------
O wins!
\ / /-\ /-\
 X  | | | |
/ \ \-/ \-/

XOX /-\ \ /
OXX | |  X
OXO \-/ / \

/-\ .XO \ /
| | OOX  X
\-/ XO. / \
------------
O wins!
/-\ \ / \ /
| |  X   X
\-/ / \ / \

\ / \ / /-\
 X   X  | |
/ \ / \ \-/

/-\ /-\ /-\
| | | | | |
\-/ \-/ \-/
------------
X wins!
\ / \ / X..
 X   X  ..X
/ \ / \ ..O

/-\ \ / OO.
| |  X  .O.
\-/ / \ .X.

.O. /-\ \ /
O.X | |  X
.X. \-/ / \
------------
X wins!
/-\ /-\ \ /
| | | |  X
\-/ \-/ / \

/-\ \ / \ /
| |  X   X
\-/ / \ / \

OOX XXO \ /
XXO OXX  X
OOX XOO / \
------------
X wins!
\ / \ / /-\
 X   X  | |
/ \ / \ \-/

\ / /-\ \ /
 X  | |  X
/ \ \-/ / \

\ / XOX O.O
 X  OX. XXO
/ \ O.. OXX
------------
O wins!
/-\ ..O \ /
| | XO.  X
\-/ XOX / \

..O /-\ ..X
.O. | | ...
..X \-/ .XX

.X. \ / /-\
.O.  X  | |
..O / \ \-/
------------
X wins!
\ / \ / /-\
 X   X  | |
/ \ / \ \-/

/-\ \ / OXX
| |  X  XX.
\-/ / \ ..O

OO. /-\ \ /
X.O | |  X
.XO \-/ / \
------------
O wins!
/-\ XOX \ /
| | OOX  X
\-/ XXO / \

/-\ \ / .OX
| |  X  .XO
\-/ / \ .XX

/-\ /-\ \ /
| | | |  X
\-/ \-/ / \
------------
Tie
/-\ \ / /-\
| |  X  | |
\-/ / \ \-/

/-\ \ / \ /
| |  X   X
\-/ / \ / \

XOX /-\ \ /
XOX | |  X
OXO \-/ / \
------------
O wins!
\ / O.X \ /
 X  X.O  X
/ \ XOX / \

.X. \ / /-\
OOX  X  | |
.XO / \ \-/

/-\ /-\ /-\
| | | | | |
\-/ \-/ \-/
------------
O wins!
\ / /-\ OOX
 X  | | XXO
/ \ \-/ OXX

/-\ \ / \ /
| |  X   X
\-/ / \ / \

/-\ /-\ /-\
| | | | | |
\-/ \-/ \-/
------------
O wins!
/-\ \ / /-\
| |  X  | |
\-/ / \ \-/

/-\ \ / \ /
| |  X   X
\-/ / \ / \

/-\ XXO ..X
| | ..O X.O
\-/ XOX OO.
------------
O wins!
\ / \ / /-\
 X   X  | |
/ \ / \ \-/

\ / \ / /-\
 X   X  | |
/ \ / \ \-/

.OO .XO /-\
XOO XO. | |
X.X ..O \-/
------------
X wins!
\ / /-\ /-\
 X  | | | |
/ \ \-/ \-/

\ / \ / \ /
 X   X   X
/ \ / \ / \

/-\ /-\ OX.
| | | | XXO
\-/ \-/ O.O
------------
X wins!
\ / /-\ /-\
 X  | | | |
/ \ \-/ \-/

/-\ \ / /-\
| |  X  | |
\-/ / \ \-/

\ / /-\ \ /
 X  | |  X
/ \ \-/ / \
------------
O wins!
\ / /-\ /-\
 X  | | | |
/ \ \-/ \-/

OXO .OX /-\
..X ... | |
O.. .X. \-/

\ / O.X /-\
 X  X.. | |
/ \ OOX \-/
------------
X wins!
\ / /-\ /-\
 X  | | | |
/ \ \-/ \-/

/-\ \ / /-\
| |  X  | |
\-/ / \ \-/

.XX ..X \ /
.OX .O.  X
OXO ... / \
------------
X wins!
\ / \ / \ /
 X   X   X
/ \ / \ / \

/-\ OXX \ /
| | X..  X
\-/ OXO / \

XOO OX. \ /
OO. X.O  X
X.O ..X / \
------------
Tie
/-\ /-\ \ /
| | | |  X
\-/ \-/ / \

\ / \ / /-\
 X   X  | |
/ \ / \ \-/

/-\ \ / /-\
| |  X  | |
\-/ / \ \-/
------------
X wins!
\ / XXO \ /
 X  OOX  X
/ \ XOX / \

/-\ \ / /-\
| |  X  | |
\-/ / \ \-/

\ / \ / /-\
 X   X  | |
/ \ / \ \-/
------------
Tie
/-\ \ / /-\
| |  X  | |
\-/ / \ \-/

XOO XOX /-\
OOX XOX | |
XXO OXO \-/

\ / /-\ \ /
 X  | |  X
/ \ \-/ / \
------------
O wins!
/-\ /-\ /-\
| | | | | |
\-/ \-/ \-/

O.. ..O X.O
.XX .XO X.O
.O. OOX OX.

XO. \ / ..O
O.X  X  XX.
XO. / \ .O.
------------
O wins!
/-\ \ / /-\
| |  X  | |
\-/ / \ \-/

\ / /-\ \ /
 X  | |  X
/ \ \-/ / \

\ / \ / /-\
 X   X  | |
/ \ / \ \-/
------------
Tie
OXO XOX \ /
OXX XOO  X
XOX OXO / \

/-\ /-\ OXO
| | | | XOX
\-/ \-/ XOX

/-\ \ / \ /
| |  X   X
\-/ / \ / \
------------
O wins!
/-\ /-\ /-\
| | | | | |
\-/ \-/ \-/

\ / \ / ...
 X   X  OOX
/ \ / \ .OX

\ / XX. X..
 X  OOX OXX
/ \ OXX OO.
------------
O wins!
\ / \ / ..X
 X   X  .OX
/ \ / \ XO.

/-\ /-\ /-\
| | | | | |
\-/ \-/ \-/

OXX \ / OX.
X.O  X  .OX
.O. / \ OOX
------------
Tie
\ / OXX /-\
 X  XOO | |
/ \ OXX \-/

/-\ \ / \ /
| |  X   X
\-/ / \ / \

\ / /-\ /-\
 X  | | | |
/ \ \-/ \-/
------------
X wins!
XOO /-\ \ /
OOX | |  X
XXO \-/ / \

/-\ \ / \ /
| |  X   X
\-/ / \ / \

/-\ /-\ \ /
| | | |  X
\-/ \-/ / \
------------
Tie
XOX \ / /-\
XXO  X  | |
OXO / \ \-/

/-\ \ / OOX
| |  X  XXO
\-/ / \ OXO

OXO /-\ XOX
XOX | | XOO
XOX \-/ OXX
------------
X wins!
\ / \ / /-\
 X   X  | |
/ \ / \ \-/

XX. \ / ..X
OOX  X  OOX
XXO / \ XOO

..X O.X \ /
.XO XXO  X
OXO .OO / \
------------
O wins!
/-\ /-\ /-\
| | | | | |
\-/ \-/ \-/

/-\ \ / \ /
| |  X   X
\-/ / \ / \

..X \ / .OX
XXO  X  XOX
OXX / \ X..
------------
Tie
/-\ /-\ \ /
| | | |  X
\-/ \-/ / \

/-\ \ / /-\
| |  X  | |
\-/ / \ \-/

XOX /-\ \ /
OOX | |  X
XXO \-/ / \
------------
X wins!
/-\ \ / \ /
| |  X   X
\-/ / \ / \

/-\ \ / X.X
| |  X  X..
\-/ / \ ...

\ / /-\ .OX
 X  | | ..O
/ \ \-/ .X.
------------
X wins!
OXO \ / \ /
OXX  X   X
XOX / \ / \

OXO \ / /-\
OXX  X  | |
XOO / \ \-/

/-\ \ / /-\
| |  X  | |
\-/ / \ \-/
------------
X wins!
/-\ \ / /-\
| |  X  | |
\-/ / \ \-/

\ / \ / /-\
 X   X  | |
/ \ / \ \-/

\ / \ / OOX
 X   X  O..
/ \ / \ XOO
------------
Tie
OXO /-\ /-\
XOO | | | |
XOX \-/ \-/

\ / \ / /-\
 X   X  | |
/ \ / \ \-/

\ / /-\ \ /
 X  | |  X
/ \ \-/ / \
------------
O wins!
/-\ /-\ /-\
| | | | | |
\-/ \-/ \-/

.X. \ / XX.
..O  X  ...
... / \ ...

XO. ... ..X
... XX. ...
..O ... .O.
------------
X wins!
/-\ /-\ \ /
| | | |  X
\-/ \-/ / \

XOO \ / .OO
.X.  X  .OX
O.O / \ X..

\ / XXO /-\
 X  XOX | |
/ \ .O. \-/
------------
O wins!
/-\ /-\ \ /
| | | |  X
\-/ \-/ / \

XOX /-\ .O.
XOO | | XX.
OXX \-/ XX.

\ / XOO /-\
 X  O.O | |
/ \ .XX \-/
------------
X wins!
/-\ /-\ \ /
| | | |  X
\-/ \-/ / \

/-\ /-\ \ /
| | | |  X
\-/ \-/ / \

X.O \ / \ /
..X  X   X
.OO / \ / \
------------
O wins!
/-\ /-\ \ /
| | | |  X
\-/ \-/ / \

/-\ \ / /-\
| |  X  | |
\-/ / \ \-/

/-\ \ / .O.
| |  X  ..X
\-/ / \ .OX
------------
X wins!
/-\ XOX OXX
| | OXO XXO
\-/ OXO OOX

\ / \ / \ /
 X   X   X
/ \ / \ / \

/-\ .XO /-\
| | ..X | |
\-/ O.O \-/
------------
O wins!
/-\ /-\ XOX
| | | | OOX
\-/ \-/ XXO

/-\ \ / \ /
| |  X   X
\-/ / \ / \

/-\ XXO \ /
| | O..  X
\-/ OO. / \
------------
Tie
/-\ \ / XXO
| |  X  OXX
\-/ / \ XOO

\ / \ / /-\
 X   X  | |
/ \ / \ \-/

/-\ /-\ \ /
| | | |  X
\-/ \-/ / \
------------
X wins!
\ / \ / OO.
 X   X  .OO
/ \ / \ ...

O.. \ / .O.
..X  X  XO.
XX. / \ .XO

/-\ \ / ..X
| |  X  .O.
\-/ / \ XOO
------------
O wins!
/-\ /-\ /-\
| | | | | |
\-/ \-/ \-/

\ / /-\ \ /
 X  | |  X
/ \ \-/ / \

O.X \ / O.X
XO.  X  XXO
.OX / \ OXO
------------
Tie
OXO \ / \ /
OXX  X   X
XOX / \ / \

\ / /-\ /-\
 X  | | | |
/ \ \-/ \-/

OXX \ / /-\
XOO  X  | |
OOX / \ \-/
------------
X wins!
\ / \ / \ /
 X   X   X
/ \ / \ / \

O.O /-\ /-\
..O | | | |
O.. \-/ \-/

..X ..O \ /
.O. ..X  X
.OX XOO / \
------------
X wins!
OXX /-\ OXO
XOO | | XXO
XOX \-/ OOX

\ / \ / \ /
 X   X   X
/ \ / \ / \

/-\ OXO /-\
| | X.O | |
\-/ OXX \-/
------------
X wins!
/-\ /-\ \ /
| | | |  X
\-/ \-/ / \

\ / \ / \ /
 X   X   X
/ \ / \ / \

/-\ /-\ \ /
| | | |  X
\-/ \-/ / \
------------
O wins!
/-\ /-\ \ /
| | | |  X
\-/ \-/ / \

/-\ /-\ XXO
| | | | O..
\-/ \-/ O.X

XX. X.O /-\
X.X X.X | |
.X. .XO \-/
------------
Tie
/-\ /-\ XOX
| | | | XOO
\-/ \-/ OXX

\ / /-\ \ /
 X  | |  X
/ \ \-/ / \

\ / XOO \ /
 X  OXX  X
/ \ OXO / \
------------
Tie
/-\ /-\ \ /
| | | |  X
\-/ \-/ / \

\ / \ / /-\
 X   X  | |
/ \ / \ \-/

/-\ XXO /-\
| | OXX | |
\-/ XOO \-/
------------
X wins!
/-\ \ / XOO
| |  X  X..
\-/ / \ ...

OXO \ / XOX
XOX  X  OO.
.X. / \ X..

.O. \ / ...
OXO  X  .OO
..O / \ XO.
------------
O wins!
/-\ \ / /-\
| |  X  | |
\-/ / \ \-/

\ / \ / /-\
 X   X  | |
/ \ / \ \-/

\ / /-\ /-\
 X  | | | |
/ \ \-/ \-/
------------
X wins!
/-\ /-\ XOX
| | | | XOO
\-/ \-/ OXO

/-\ \ / XOO
| |  X  O.X
\-/ / \ OOX

\ / \ / \ /
 X   X   X
/ \ / \ / \
------------
X wins!
XOO \ / \ /
OXX  X   X
XXO / \ / \

/-\ /-\ \ /
| | | |  X
\-/ \-/ / \

/-\ /-\ \ /
| | | |  X
\-/ \-/ / \
------------
Tie
\ / \ / /-\
 X   X  | |
/ \ / \ \-/

/-\ OOX /-\
| | XXO | |
\-/ OXO \-/

/-\ \ / XOX
| |  X  XOO
\-/ / \ OXX
------------
O wins!
\ / /-\ \ /
 X  | |  X
/ \ \-/ / \

\ / \ / /-\
 X   X  | |
/ \ / \ \-/

/-\ /-\ /-\
| | | | | |
\-/ \-/ \-/
------------
O wins!
/-\ OXO XX.
| | .OO O..
\-/ .X. ..O

/-\ \ / X.X
| |  X  ...
\-/ / \ XOO

/-\ X.. \ /
| | OXO  X
\-/ X.. / \
------------
X wins!
\ / /-\ /-\
 X  | | | |
/ \ \-/ \-/

OXO \ / ...
.OX  X  .OO
.O. / \ .OX

OO. /-\ \ /
O.. | |  X
XX. \-/ / \
------------
Tie
/-\ \ / XOX
| |  X  OXO
\-/ / \ OXO

\ / /-\ \ /
 X  | |  X
/ \ \-/ / \

/-\ \ / \ /
| |  X   X
\-/ / \ / \
------------
X wins!
\ / /-\ \ /
 X  | |  X
/ \ \-/ / \

OXO \ / .OX
XOO  X  .OX
XOX / \ OXO

.OO /-\ \ /
XX. | |  X
.XO \-/ / \
------------
O wins!
\ / \ / /-\
 X   X  | |
/ \ / \ \-/

/-\ \ / /-\
| |  X  | |
\-/ / \ \-/

\ / .OX /-\
 X  .O. | |
/ \ ... \-/
------------
X wins!
\ / /-\ /-\
 X  | | | |
/ \ \-/ \-/

\ / \ / \ /
 X   X   X
/ \ / \ / \

\ / OXX OX.
 X  .OO O.O
/ \ OXX XXO
------------
X wins!
\ / \ / /-\
 X   X  | |
/ \ / \ \-/

\ / \ / XOO
 X   X  O.X
/ \ / \ XOO

/-\ /-\ \ /
| | | |  X
\-/ \-/ / \
------------
X wins!
\ / \ / \ /
 X   X   X
/ \ / \ / \

/-\ \ / /-\
| |  X  | |
\-/ / \ \-/

OXO \ / O..
OXX  X  XO.
.O. / \ OX.
------------
O wins!
\ / \ / /-\
 X   X  | |
/ \ / \ \-/

/-\ \ / /-\
| |  X  | |
\-/ / \ \-/

\ / .O. /-\
 X  OX. | |
/ \ OXX \-/
------------
O wins!
\ / /-\ \ /
 X  | |  X
/ \ \-/ / \

/-\ /-\ /-\
| | | | | |
\-/ \-/ \-/

/-\ \ / .XX
| |  X  .OX
\-/ / \ XO.
------------
X wins!
\ / \ / X..
 X   X  ..X
/ \ / \ OO.

O.. \ / /-\
O.X  X  | |
.XX / \ \-/

\ / \ / /-\
 X   X  | |
/ \ / \ \-/
------------
X wins!
/-\ /-\ \ /
| | | |  X
\-/ \-/ / \

/-\ \ / /-\
| |  X  | |
\-/ / \ \-/

\ / X.O \ /
 X  O.O  X
/ \ .OX / \
------------
X wins!
\ / \ / \ /
 X   X   X
/ \ / \ / \

/-\ \ / ...
| |  X  ...
\-/ / \ OO.

/-\ .XX OX.
| | .O. XO.
\-/ XOX O.X
------------
X wins!
/-\ /-\ XOX
| | | | OXO
\-/ \-/ OXO

XXO \ / \ /
XOX  X   X
.OX / \ / \

\ / \ / \ /
 X   X   X
/ \ / \ / \
------------
Tie
\ / /-\ \ /
 X  | |  X
/ \ \-/ / \

/-\ \ / \ /
| |  X   X
\-/ / \ / \

/-\ \ / /-\
| |  X  | |
\-/ / \ \-/
------------
X wins!
\ / \ / /-\
 X   X  | |
/ \ / \ \-/

\ / /-\ \ /
 X  | |  X
/ \ \-/ / \

\ / OXO /-\
 X  X.. | |
/ \ OXO \-/
------------
X wins!
/-\ ... \ /
| | ...  X
\-/ O.O / \

X.. ..O \ /
..O X.X  X
.OO .X. / \

..O /-\ \ /
X.. | |  X
..X \-/ / \
------------
O wins!
/-\ X.X /-\
| | O.X | |
\-/ X.O \-/

X.X /-\ \ /
... | |  X
XOO \-/ / \

/-\ XO. \ /
| | OX.  X
\-/ OX. / \
------------
Tie
/-\ \ / OXO
| |  X  OXX
\-/ / \ XOO

\ / /-\ \ /
 X  | |  X
/ \ \-/ / \

/-\ \ / \ /
| |  X   X
\-/ / \ / \
------------
O wins!
/-\ \ / /-\
| |  X  | |
\-/ / \ \-/

.X. XX. /-\
.XX O.. | |
X.X OXX \-/

\ / /-\ /-\
 X  | | | |
/ \ \-/ \-/
------------
Tie
\ / \ / /-\
 X   X  | |
/ \ / \ \-/

/-\ \ / /-\
| |  X  | |
\-/ / \ \-/

/-\ /-\ XOX
| | | | OOX
\-/ \-/ OXO
------------
X wins!
/-\ \ / /-\
| |  X  | |
\-/ / \ \-/

\ / \ / XO.
 X   X  OOX
/ \ / \ OXO

\ / \ / XO.
 X   X  X.X
/ \ / \ O..
------------
O wins!
\ / \ / /-\
 X   X  | |
/ \ / \ \-/

\ / /-\ OO.
 X  | | X..
/ \ \-/ O.O

/-\ ..X ...
| | XO. XX.
\-/ ... X..
------------
Tie
/-\ /-\ \ /
| | | |  X
\-/ \-/ / \

\ / XOO /-\
 X  OXX | |
/ \ OXO \-/

\ / OXO \ /
 X  OXX  X
/ \ XOO / \
------------
Tie
/-\ /-\ XOO
| | | | OXX
\-/ \-/ OXO

\ / /-\ \ /
 X  | |  X
/ \ \-/ / \

/-\ \ / \ /
| |  X   X
\-/ / \ / \
------------
Tie
/-\ \ / OXO
| |  X  XOX
\-/ / \ XOX

/-\ \ / /-\
| |  X  | |
\-/ / \ \-/

\ / /-\ \ /
 X  | |  X
/ \ \-/ / \
------------
X wins!
/-\ XOO \ /
| | OXX  X
\-/ XOO / \

/-\ \ / \ /
| |  X   X
\-/ / \ / \

\ / /-\ XX.
 X  | | .OO
/ \ \-/ OXO
------------
X wins!
/-\ /-\ \ /
| | | |  X
\-/ \-/ / \

\ / /-\ \ /
 X  | |  X
/ \ \-/ / \

..O OX. \ /
X.. XX.  X
..O ... / \
------------
Tie
/-\ /-\ \ /
| | | |  X
\-/ \-/ / \

\ / \ / /-\
 X   X  | |
/ \ / \ \-/

/-\ \ / /-\
| |  X  | |
\-/ / \ \-/
------------
X wins!
\ / \ / /-\
 X   X  | |
/ \ / \ \-/

/-\ \ / \ /
| |  X   X
\-/ / \ / \

/-\ XO. \ /
| | XOX  X
\-/ .X. / \
------------
X wins!
\ / \ / /-\
 X   X  | |
/ \ / \ \-/

/-\ \ / \ /
| |  X   X
\-/ / \ / \

\ / /-\ \ /
 X  | |  X
/ \ \-/ / \
------------
X wins!
\ / \ / /-\
 X   X  | |
/ \ / \ \-/

/-\ \ / \ /
| |  X   X
\-/ / \ / \

/-\ /-\ \ /
| | | |  X
\-/ \-/ / \
------------
O wins!
/-\ /-\ XX.
| | | | ..O
\-/ \-/ X..

/-\ \ / /-\
| |  X  | |
\-/ / \ \-/

/-\ XO. .X.
| | OO. .OX
\-/ O.X XXO
------------
Tie
/-\ \ / XOX
| |  X  OXO
\-/ / \ OXO

/-\ /-\ \ /
| | | |  X
\-/ \-/ / \

\ / /-\ \ /
 X  | |  X
/ \ \-/ / \
------------
X wins!
/-\ OO. \ /
| | XOO  X
\-/ O.. / \

/-\ \ / X.O
| |  X  OX.
\-/ / \ .XO

\ / OXO .XX
 X  .OO ...
/ \ XO. X..
------------
O wins!
/-\ /-\ OXO
| | | | XX.
\-/ \-/ X..

/-\ /-\ ..X
| | | | O..
\-/ \-/ ...

\ / /-\ ...
 X  | | ...
/ \ \-/ XX.
------------
X wins!
\ / /-\ XOX
 X  | | OXO
/ \ \-/ O.O

\ / \ / \ /
 X   X   X
/ \ / \ / \

OOX O.X OXO
..X ..O OO.
XXO OO. X..
------------
O wins!
\ / /-\ \ /
 X  | |  X
/ \ \-/ / \

/-\ /-\ /-\
| | | | | |
\-/ \-/ \-/

.XO ..O ...
OOX XXO ..X
... .X. X..
------------
O wins!
/-\ /-\ \ /
| | | |  X
\-/ \-/ / \

/-\ /-\ ..X
| | | | .X.
\-/ \-/ ..O

/-\ X.. .XX
| | OXX OO.
\-/ XO. X.X
------------
Tie
XOX /-\ /-\
XXO | | | |
OXO \-/ \-/

/-\ \ / \ /
| |  X   X
\-/ / \ / \

\ / /-\ \ /
 X  | |  X
/ \ \-/ / \
------------
X wins!
/-\ \ / \ /
| |  X   X
\-/ / \ / \

/-\ \ / OO.
| |  X  .OX
\-/ / \ O.X

\ / /-\ .OO
 X  | | OXX
/ \ \-/ O.X
------------
X wins!
\ / \ / \ /
 X   X   X
/ \ / \ / \

/-\ \ / OOX
| |  X  X.O
\-/ / \ XX.

/-\ /-\ .O.
| | | | OXX
\-/ \-/ XOX
------------
X wins!
\ / \ / \ /
 X   X   X
/ \ / \ / \

\ / ... O..
 X  OXX O.O
/ \ XO. X.X

/-\ OX. /-\
| | X.. | |
\-/ X.O \-/
------------
X wins!
\ / /-\ \ /
 X  | |  X
/ \ \-/ / \

/-\ \ / /-\
| |  X  | |
\-/ / \ \-/

\ / \ / /-\
 X   X  | |
/ \ / \ \-/
------------
X wins!
\ / /-\ O.X
 X  | | OXO
/ \ \-/ ..O

\ / \ / /-\
 X   X  | |
/ \ / \ \-/

\ / \ / XX.
 X   X  X.X
/ \ / \ OO.
------------
X wins!
\ / \ / /-\
 X   X  | |
/ \ / \ \-/

/-\ \ / /-\
| |  X  | |
\-/ / \ \-/

.OO /-\ \ /
O.. | |  X
.OX \-/ / \
------------
Tie
\ / /-\ OXO
 X  | | OXO
/ \ \-/ XOX

/-\ /-\ \ /
| | | |  X
\-/ \-/ / \

\ / \ / /-\
 X   X  | |
/ \ / \ \-/
------------
X wins!
\ / ..O ..O
 X  OXX X.X
/ \ O.. OX.

\ / /-\ /-\
 X  | | | |
/ \ \-/ \-/

\ / /-\ XX.
 X  | | ...
/ \ \-/ .XO
------------
O wins!
\ / \ / /-\
 X   X  | |
/ \ / \ \-/

/-\ /-\ \ /
| | | |  X
\-/ \-/ / \

/-\ OXO OX.
| | .XO XOO
\-/ XOX OXX
------------
O wins!
\ / OX. .XO
 X  OXO ...
/ \ ... O.X

\ / \ / O..
 X   X  O.X
/ \ / \ X.X

/-\ /-\ /-\
| | | | | |
\-/ \-/ \-/
------------
O wins!
/-\ \ / \ /
| |  X   X
\-/ / \ / \

/-\ \ / .OX
| |  X  XOO
\-/ / \ OXO

/-\ OOX \ /
| | X.O  X
\-/ XO. / \
------------
O wins!
/-\ XOX /-\
| | O.O | |
\-/ OXX \-/

\ / /-\ O..
 X  | | XX.
/ \ \-/ .XX

OXO \ / /-\
OXX  X  | |
.O. / \ \-/
------------
O wins!
/-\ /-\ XOX
| | | | O.O
\-/ \-/ XOX

..X /-\ \ /
.OX | |  X
.X. \-/ / \

O.X /-\ \ /
XOO | |  X
... \-/ / \
------------
O wins!
/-\ /-\ /-\
| | | | | |
\-/ \-/ \-/

.XO \ / .O.
..X  X  .X.
O.O / \ .O.

... .X. X.X
XO. XOX .O.
XXO ..X ...
------------
X wins!
\ / OXO /-\
 X  XOX | |
/ \ XOX \-/

\ / /-\ /-\
 X  | | | |
/ \ \-/ \-/

\ / .O. OO.
 X  .XX XXO
/ \ .OX .X.
------------
X wins!
/-\ \ / \ /
| |  X   X
\-/ / \ / \

/-\ \ / XOX
| |  X  OOX
\-/ / \ OXO

\ / /-\ \ /
 X  | |  X
/ \ \-/ / \
------------
X wins!
OOX /-\ /-\
XXO | | | |
OOX \-/ \-/

\ / \ / \ /
 X   X   X
/ \ / \ / \

/-\ XX. XXO
| | XOX O.X
\-/ O.X OXO
------------
Tie
/-\ \ / /-\
| |  X  | |
\-/ / \ \-/

\ / \ / XXO
 X   X  OOX
/ \ / \ XXO

/-\ /-\ \ /
| | | |  X
\-/ \-/ / \
------------
X wins!
\ / \ / \ /
 X   X   X
/ \ / \ / \

OOX /-\ ...
... | | O.X
.X. \-/ O.X

..O /-\ /-\
XX. | | | |
X.X \-/ \-/
------------
O wins!
\ / /-\ /-\
 X  | | | |
/ \ \-/ \-/

\ / \ / /-\
 X   X  | |
/ \ / \ \-/

/-\ /-\ /-\
| | | | | |
\-/ \-/ \-/
------------
X wins!
\ / /-\ /-\
 X  | | | |
/ \ \-/ \-/

\ / /-\ \ /
 X  | |  X
/ \ \-/ / \

\ / \ / OOX
 X   X  .XO
/ \ / \ ..X
------------
Tie
\ / /-\ \ /
 X  | |  X
/ \ \-/ / \

/-\ \ / /-\
| |  X  | |
\-/ / \ \-/

/-\ \ / /-\
| |  X  | |
\-/ / \ \-/
------------
O wins!
/-\ XXO /-\
| | OOX | |
\-/ XOX \-/

\ / \ / /-\
 X   X  | |
/ \ / \ \-/

/-\ \ / /-\
| |  X  | |
\-/ / \ \-/
------------
X wins!
\ / \ / \ /
 X   X   X
/ \ / \ / \

/-\ \ / /-\
| |  X  | |
\-/ / \ \-/

.OX O.X /-\
... XO. | |
.XX XOX \-/
------------
X wins!
\ / /-\ /-\
 X  | | | |
/ \ \-/ \-/

/-\ \ / /-\
| |  X  | |
\-/ / \ \-/

/-\ \ / \ /
| |  X   X
\-/ / \ / \
------------
X wins!
\ / /-\ /-\
 X  | | | |
/ \ \-/ \-/

/-\ \ / \ /
| |  X   X
\-/ / \ / \

/-\ /-\ \ /
| | | |  X
\-/ \-/ / \
------------
Tie
/-\ /-\ XOX
| | | | XOX
\-/ \-/ OXO

\ / \ / /-\
 X   X  | |
/ \ / \ \-/

\ / XOX /-\
 X  XOO | |
/ \ OXO \-/
------------
X wins!
\ / \ / /-\
 X   X  | |
/ \ / \ \-/

/-\ \ / /-\
| |  X  | |
\-/ / \ \-/

\ / /-\ \ /
 X  | |  X
/ \ \-/ / \
------------
Tie
OXX \ / /-\
XXO  X  | |
OOX / \ \-/

/-\ \ / \ /
| |  X   X
\-/ / \ / \

\ / /-\ /-\
 X  | | | |
/ \ \-/ \-/
------------
X wins!
\ / /-\ /-\
 X  | | | |
/ \ \-/ \-/

/-\ \ / XOX
| |  X  OXO
\-/ / \ OXO

/-\ /-\ \ /
| | | |  X
\-/ \-/ / \
------------
X wins!
/-\ \ / \ /
| |  X   X
\-/ / \ / \

XOO /-\ \ /
OXX | |  X
XXO \-/ / \

/-\ /-\ \ /
| | | |  X
\-/ \-/ / \
------------
O wins!
/-\ \ / \ /
| |  X   X
\-/ / \ / \

/-\ XOO X.O
| | OXX XXO
\-/ XXO OO.

/-\ XXO X..
| | O.X XO.
\-/ XOX OOX
------------
O wins!
\ / /-\ \ /
 X  | |  X
/ \ \-/ / \

/-\ /-\ /-\
| | | | | |
\-/ \-/ \-/

/-\ XO. /-\
| | .XO | |
\-/ X.. \-/
------------
O wins!
/-\ \ / /-\
| |  X  | |
\-/ / \ \-/

/-\ /-\ /-\
| | | | | |
\-/ \-/ \-/

\ / /-\ XX.
 X  | | O.X
/ \ \-/ XOO
------------
X wins!
\ / XOO \ /
 X  OXX  X
/ \ XXO / \

/-\ /-\ \ /
| | | |  X
\-/ \-/ / \

/-\ ... \ /
| | XO.  X
\-/ XXO / \
------------
Tie
XOX \ / /-\
OOX  X  | |
OXO / \ \-/

XOX \ / /-\
XXO  X  | |
OXO / \ \-/

/-\ /-\ \ /
| | | |  X
\-/ \-/ / \
------------
X wins!
/-\ /-\ \ /
| | | |  X
\-/ \-/ / \

\ / \ / \ /
 X   X   X
/ \ / \ / \

/-\ XX. /-\
| | ..X | |
\-/ ... \-/
------------
Tie
OOX /-\ /-\
XOO | | | |
OXX \-/ \-/

/-\ \ / \ /
| |  X   X
\-/ / \ / \

\ / \ / /-\
 X   X  | |
/ \ / \ \-/
------------
Tie
\ / \ / /-\
 X   X  | |
/ \ / \ \-/

/-\ OXO /-\
| | XXO | |
\-/ OOX \-/

\ / /-\ \ /
 X  | |  X
/ \ \-/ / \
------------
Tie
\ / /-\ \ /
 X  | |  X
/ \ \-/ / \

OXO \ / \ /
XXO  X   X
XOX / \ / \

/-\ /-\ XOX
| | | | OOX
\-/ \-/ OXO
------------
X wins!
/-\ XOX /-\
| | XXO | |
\-/ OXO \-/

\ / /-\ /-\
 X  | | | |
/ \ \-/ \-/

\ / \ / \ /
 X   X   X
/ \ / \ / \
------------
O wins!
\ / /-\ \ /
 X  | |  X
/ \ \-/ / \

/-\ /-\ \ /
| | | |  X
\-/ \-/ / \

\ / /-\ XOO
 X  | | ..X
/ \ \-/ OXX
------------
Tie
\ / /-\ OXX
 X  | | XOO
/ \ \-/ OOX

\ / \ / OXO
 X   X  XXO
/ \ / \ XOX

/-\ \ / /-\
| |  X  | |
\-/ / \ \-/
------------
O wins!
/-\ /-\ /-\
| | | | | |
\-/ \-/ \-/

.XO X.X \ /
OOX XXO  X
XOO ... / \

/-\ \ / XO.
| |  X  X.X
\-/ / \ .O.
------------
X wins!
\ / /-\ \ /
 X  | |  X
/ \ \-/ / \

.OO \ / OXO
.OX  X  .X.
.XO / \ O.X

\ / .O. /-\
 X  XOX | |
/ \ O.O \-/
------------
X wins!
\ / \ / /-\
 X   X  | |
/ \ / \ \-/

/-\ \ / ..O
| |  X  O.X
\-/ / \ OO.

\ / \ / /-\
 X   X  | |
/ \ / \ \-/
------------
Tie
/-\ \ / OXO
| |  X  OOX
\-/ / \ XOX

\ / \ / /-\
 X   X  | |
/ \ / \ \-/

\ / /-\ \ /
 X  | |  X
/ \ \-/ / \
------------
O wins!
/-\ /-\ \ /
| | | |  X
\-/ \-/ / \

/-\ \ / \ /
| |  X   X
\-/ / \ / \

/-\ .O. ..O
| | O.. XOO
\-/ ... .XX
------------
X wins!
/-\ \ / OOX
| |  X  XXO
\-/ / \ OXX

/-\ \ / OXO
| |  X  X.X
\-/ / \ XOX

X.O \ / ...
OXO  X  X.O
XO. / \ ..O
------------
O wins!
\ / /-\ /-\
 X  | | | |
/ \ \-/ \-/

/-\ \ / /-\
| |  X  | |
\-/ / \ \-/

\ / /-\ /-\
 X  | | | |
/ \ \-/ \-/
------------
O wins!
/-\ /-\ /-\
| | | | | |
\-/ \-/ \-/

\ / X.X X..
 X  ... O.X
/ \ XX. ...

X.. \ / .XX
..O  X  .O.
.OX / \ .O.
------------
O wins!
\ / /-\ \ /
 X  | |  X
/ \ \-/ / \

\ / XOX OXX
 X  OOX ..O
/ \ XXO X.X

/-\ /-\ /-\
| | | | | |
\-/ \-/ \-/
------------
O wins!
\ / OXX .OO
 X  ..O .XO
/ \ XOO XOX

... O.. X.X
... ..X .OX
..O .XX OXO

/-\ /-\ /-\
| | | | | |
\-/ \-/ \-/
------------
O wins!
/-\ XX. X..
| | XX. ..X
\-/ O.O X..

\ / /-\ \ /
 X  | |  X
/ \ \-/ / \

.O. \ / /-\
OXO  X  | |
XOX / \ \-/
------------
X wins!
\ / /-\ XOO
 X  | | OXX
/ \ \-/ OXO

\ / /-\ /-\
 X  | | | |
/ \ \-/ \-/

\ / OO. OOX
 X  OXO XO.
/ \ .OO OXX
------------
X wins!
/-\ \ / /-\
| |  X  | |
\-/ / \ \-/

\ / /-\ \ /
 X  | |  X
/ \ \-/ / \

\ / \ / \ /
 X   X   X
/ \ / \ / \
------------
X wins!
\ / .X. O..
 X  .OX O..
/ \ O.. ...

\ / ..X ...
 X  O.. OO.
/ \ XOX ...

\ / OO. ...
 X  ... O..
/ \ OX. O..
------------
O wins!
/-\ XOX /-\
| | XOO | |
\-/ OXX \-/

/-\ \ / \ /
| |  X   X
\-/ / \ / \

/-\ \ / \ /
| |  X   X
\-/ / \ / \
------------
X wins!
\ / XXO /-\
 X  OOX | |
/ \ XXO \-/

/-\ \ / /-\
| |  X  | |
\-/ / \ \-/

/-\ /-\ \ /
| | | |  X
\-/ \-/ / \
------------
O wins!
\ / /-\ /-\
 X  | | | |
/ \ \-/ \-/

/-\ /-\ /-\
| | | | | |
\-/ \-/ \-/

\ / O.X \ /
 X  X..  X
/ \ .XO / \
------------
O wins!
XOX \ / /-\
XOO  X  | |
OXX / \ \-/

XOX /-\ /-\
XXO | | | |
OXO \-/ \-/

\ / .X. /-\
 X  XOX | |
/ \ O.O \-/
------------
X wins!
/-\ /-\ \ /
| | | |  X
\-/ \-/ / \

\ / \ / \ /
 X   X   X
/ \ / \ / \

\ / X.. /-\
 X  XOO | |
/ \ O.. \-/
------------
O wins!
\ / \ / /-\
 X   X  | |
/ \ / \ \-/

\ / /-\ /-\
 X  | | | |
/ \ \-/ \-/

/-\ ..O OOX
| | OXX O.X
\-/ X.. X.O
------------
O wins!
/-\ \ / XO.
| |  X  ..X
\-/ / \ XXO

XO. \ / /-\
OX.  X  | |
XXO / \ \-/

/-\ /-\ /-\
| | | | | |
\-/ \-/ \-/
------------
X wins!
/-\ /-\ \ /
| | | |  X
\-/ \-/ / \

/-\ \ / /-\
| |  X  | |
\-/ / \ \-/

\ / /-\ XO.
 X  | | OXX
/ \ \-/ XOO
------------
O wins!
/-\ \ / /-\
| |  X  | |
\-/ / \ \-/

\ / /-\ \ /
 X  | |  X
/ \ \-/ / \

/-\ XOO \ /
| | OX.  X
\-/ OO. / \
------------
X wins!
OOX /-\ /-\
X.. | | | |
XXO \-/ \-/

\ / \ / \ /
 X   X   X
/ \ / \ / \

/-\ ... /-\
| | .XO | |
\-/ O.X \-/
------------
O wins!
..X O.O OXX
X.. ..X O.O
.XX XOX XX.

OOX .XO ...
XOO O.. XX.
O.X X.X XXO

/-\ /-\ /-\
| | | | | |
\-/ \-/ \-/
------------
Tie
OXO /-\ \ /
OXX | |  X
XOX \-/ / \

\ / /-\ /-\
 X  | | | |
/ \ \-/ \-/

XOX \ / OXO
OOX  X  OXO
OXO / \ XOX
------------
X wins!
\ / \ / .O.
 X   X  OO.
/ \ / \ ..O

OX. \ / ...
XOO  X  OO.
.OX / \ XOX

/-\ \ / XOX
| |  X  O.O
\-/ / \ OOX
------------
X wins!
/-\ /-\ \ /
| | | |  X
\-/ \-/ / \

/-\ /-\ \ /
| | | |  X
\-/ \-/ / \

\ / ... \ /
 X  OXO  X
/ \ .X. / \
------------
X wins!
/-\ \ / \ /
| |  X   X
\-/ / \ / \

/-\ \ / /-\
| |  X  | |
\-/ / \ \-/

\ / ..O /-\
 X  .XX | |
/ \ ..O \-/
------------
O wins!
\ / /-\ /-\
 X  | | | |
/ \ \-/ \-/

/-\ \ / /-\
| |  X  | |
\-/ / \ \-/

\ / \ / /-\
 X   X  | |
/ \ / \ \-/
------------
Tie
/-\ XOX \ /
| | XOO  X
\-/ OXO / \

\ / /-\ /-\
 X  | | | |
/ \ \-/ \-/

\ / /-\ \ /
 X  | |  X
/ \ \-/ / \
------------
Tie
\ / /-\ /-\
 X  | | | |
/ \ \-/ \-/

/-\ \ / \ /
| |  X   X
\-/ / \ / \

\ / \ / /-\
 X   X  | |
/ \ / \ \-/
------------
X wins!
\ / ... ...
 X  .O. O.X
/ \ O.O .O.

\ / /-\ OX.
 X  | | ...
/ \ \-/ OO.

\ / ..X ..O
 X  XX. X.X
/ \ ... OOX
------------
O wins!
\ / .X. /-\
 X  .XX | |
/ \ O.O \-/

O.. O.X /-\
O.X XOO | |
X.O .X. \-/

OXO ..X /-\
.XO O.X | |
X.X ... \-/
------------
X wins!
\ / /-\ /-\
 X  | | | |
/ \ \-/ \-/

\ / \ / \ /
 X   X   X
/ \ / \ / \

OXO \ / /-\
XOX  X  | |
.O. / \ \-/
------------
Tie
\ / OXX /-\
 X  XOO | |
/ \ XOX \-/

/-\ \ / \ /
| |  X   X
\-/ / \ / \

OOX \ / /-\
XXO  X  | |
OOX / \ \-/
------------
X wins!
/-\ XOX /-\
| | OOX | |
\-/ XXO \-/

\ / \ / XOX
 X   X  XOO
/ \ / \ OXX

\ / \ / \ /
 X   X   X
/ \ / \ / \
------------
O wins!
/-\ \ / /-\
| |  X  | |
\-/ / \ \-/

\ / /-\ /-\
 X  | | | |
/ \ \-/ \-/

/-\ \ / \ /
| |  X   X
\-/ / \ / \
------------
X wins!
\ / \ / \ /
 X   X   X
/ \ / \ / \

O.O /-\ OOX
.XO | | XO.
OO. \-/ OXX

\ / /-\ /-\
 X  | | | |
/ \ \-/ \-/
------------
X wins!
/-\ \ / \ /
| |  X   X
\-/ / \ / \

/-\ \ / \ /
| |  X   X
\-/ / \ / \

\ / XX. /-\
 X  ..O | |
/ \ X.. \-/
------------
Tie
/-\ XXO XXO
| | OOX OXX
\-/ XXO XOO

/-\ \ / /-\
| |  X  | |
\-/ / \ \-/

\ / /-\ \ /
 X  | |  X
/ \ \-/ / \
------------
Tie
\ / \ / /-\
 X   X  | |
/ \ / \ \-/

/-\ /-\ \ /
| | | |  X
\-/ \-/ / \

\ / /-\ /-\
 X  | | | |
/ \ \-/ \-/
------------
O wins!
/-\ /-\ /-\
| | | | | |
\-/ \-/ \-/

OXX \ / /-\
.O.  X  | |
O.X / \ \-/

XXO /-\ XXO
X.X | | ..X
OXO \-/ OXO
------------
X wins!
/-\ O.O \ /
| | XOO  X
\-/ .OX / \

..O \ / XOX
XX.  X  .O.
OO. / \ ..X

\ / \ / /-\
 X   X  | |
/ \ / \ \-/
------------
X wins!
\ / \ / \ /
 X   X   X
/ \ / \ / \

OXX \ / /-\
XO.  X  | |
OO. / \ \-/

\ / X.. .XO
 X  O.X OO.
/ \ X.. .OO
------------
O wins!
/-\ \ / /-\
| |  X  | |
\-/ / \ \-/

OO. /-\ \ /
OXO | |  X
XOO \-/ / \

/-\ \ / .O.
| |  X  XX.
\-/ / \ XXO
------------
O wins!
\ / \ / /-\
 X   X  | |
/ \ / \ \-/

\ / \ / /-\
 X   X  | |
/ \ / \ \-/

/-\ /-\ /-\
| | | | | |
\-/ \-/ \-/
------------
X wins!
/-\ /-\ \ /
| | | |  X
\-/ \-/ / \

\ / \ / XOO
 X   X  OXX
/ \ / \ XOO

\ / /-\ .OO
 X  | | OO.
/ \ \-/ .XX
------------
Tie
/-\ \ / /-\
| |  X  | |
\-/ / \ \-/

\ / \ / /-\
 X   X  | |
/ \ / \ \-/

\ / /-\ \ /
 X  | |  X
/ \ \-/ / \
------------
Tie
/-\ \ / /-\
| |  X  | |
\-/ / \ \-/

\ / \ / /-\
 X   X  | |
/ \ / \ \-/

\ / /-\ \ /
 X  | |  X
/ \ \-/ / \
------------
Tie
/-\ \ / /-\
| |  X  | |
\-/ / \ \-/

\ / \ / /-\
 X   X  | |
/ \ / \ \-/

/-\ /-\ \ /
| | | |  X
\-/ \-/ / \
------------
Tie
/-\ \ / \ /
| |  X   X
\-/ / \ / \

\ / /-\ /-\
 X  | | | |
/ \ \-/ \-/

/-\ /-\ \ /
| | | |  X
\-/ \-/ / \
------------
X wins!
.OX OX. \ /
XOX OX.  X
XXO XOO / \

XOO \ / \ /
..O  X   X
X.X / \ / \

/-\ /-\ \ /
| | | |  X
\-/ \-/ / \
------------
X wins!
/-\ /-\ \ /
| | | |  X
\-/ \-/ / \

/-\ /-\ \ /
| | | |  X
\-/ \-/ / \

OOX OXO \ /
XX. XX.  X
..O .OX / \
------------
O wins!
/-\ \ / \ /
| |  X   X
\-/ / \ / \

/-\ \ / /-\
| |  X  | |
\-/ / \ \-/

/-\ OO. \ /
| | X..  X
\-/ .XO / \
------------
O wins!
/-\ /-\ /-\
| | | | | |
\-/ \-/ \-/

OXO .XX /-\
X.X O.X | |
O.. .OO \-/

\ / .X. \ /
 X  ..O  X
/ \ .XX / \
------------
Tie
\ / /-\ \ /
 X  | |  X
/ \ \-/ / \

/-\ OXO \ /
| | OOX  X
\-/ XOX / \

/-\ \ / /-\
| |  X  | |
\-/ / \ \-/
------------
O wins!
\ / \ / /-\
 X   X  | |
/ \ / \ \-/

/-\ /-\ /-\
| | | | | |
\-/ \-/ \-/

.OX X.X .OX
X.O XX. ...
O.X ..O X..
------------
Tie
/-\ /-\ \ /
| | | |  X
\-/ \-/ / \

OXO \ / \ /
XXO  X   X
XOX / \ / \

/-\ \ / /-\
| |  X  | |
\-/ / \ \-/
------------
Tie
\ / \ / /-\
 X   X  | |
/ \ / \ \-/

\ / /-\ /-\
 X  | | | |
/ \ \-/ \-/

XOX /-\ \ /
OXX | |  X
OXO \-/ / \
------------
Tie
/-\ \ / \ /
| |  X   X
\-/ / \ / \

/-\ XXO \ /
| | OOX  X
\-/ XOO / \

\ / \ / /-\
 X   X  | |
/ \ / \ \-/
------------
X wins!
OXX /-\ /-\
XOO | | | |
XOX \-/ \-/

/-\ \ / /-\
| |  X  | |
\-/ / \ \-/

\ / \ / \ /
 X   X   X
/ \ / \ / \
------------
Tie
\ / OXX \ /
 X  XOO  X
/ \ OOX / \

/-\ /-\ \ /
| | | |  X
\-/ \-/ / \

OXO \ / /-\
XXO  X  | |
XOX / \ \-/
------------
X wins!
\ / \ / \ /
 X   X   X
/ \ / \ / \

.O. \ / /-\
.OX  X  | |
X.. / \ \-/

O.O ..O /-\
.OO XOX | |
.O. .O. \-/
------------
Tie
/-\ \ / \ /
| |  X   X
\-/ / \ / \

/-\ \ / /-\
| |  X  | |
\-/ / \ \-/

XOX /-\ \ /
OOX | |  X
OXO \-/ / \
------------
Tie
\ / /-\ /-\
 X  | | | |
/ \ \-/ \-/

/-\ OXX \ /
| | XXO  X
\-/ OOX / \

\ / \ / /-\
 X   X  | |
/ \ / \ \-/
------------
X wins!
\ / \ / /-\
 X   X  | |
/ \ / \ \-/

/-\ \ / \ /
| |  X   X
\-/ / \ / \

/-\ /-\ \ /
| | | |  X
\-/ \-/ / \
------------
O wins!
\ / /-\ \ /
 X  | |  X
/ \ \-/ / \

/-\ /-\ /-\
| | | | | |
\-/ \-/ \-/

.XO \ / \ /
OOX  X   X
.OO / \ / \
------------
O wins!
/-\ \ / \ /
| |  X   X
\-/ / \ / \

/-\ \ / \ /
| |  X   X
\-/ / \ / \

/-\ XX. O.O
| | O.O .O.
\-/ O.. XX.
------------
O wins!
/-\ /-\ /-\
| | | | | |
\-/ \-/ \-/

..X \ / .X.
.X.  X  .O.
O.O / \ OX.

.X. ... .OX
XOX O.. ..O
X.X ... ...
------------
Tie
\ / \ / /-\
 X   X  | |
/ \ / \ \-/

\ / OXX \ /
 X  XOO  X
/ \ OOX / \

/-\ \ / /-\
| |  X  | |
\-/ / \ \-/
------------
X wins!
/-\ /-\ \ /
| | | |  X
\-/ \-/ / \

\ / \ / \ /
 X   X   X
/ \ / \ / \

/-\ /-\ XX.
| | | | O.O
\-/ \-/ OXX
------------
Tie
/-\ /-\ \ /
| | | |  X
\-/ \-/ / \

\ / \ / /-\
 X   X  | |
/ \ / \ \-/

/-\ \ / \ /
| |  X   X
\-/ / \ / \
------------
O wins!
/-\ \ / /-\
| |  X  | |
\-/ / \ \-/

/-\ .XX ..O
| | ... X..
\-/ XO. XOO

/-\ \ / X.X
| |  X  .OX
\-/ / \ OO.
------------
X wins!
\ / OXO /-\
 X  OXO | |
/ \ XOX \-/

\ / /-\ .OO
 X  | | XXO
/ \ \-/ .X.

\ / .XX /-\
 X  .OX | |
/ \ ..O \-/
------------
Tie
/-\ /-\ \ /
| | | |  X
\-/ \-/ / \

/-\ XXO XOX
| | OOX XOX
\-/ XOO OXO

OOX /-\ \ /
XXO | |  X
OXX \-/ / \
------------
X wins!
/-\ /-\ \ /
| | | |  X
\-/ \-/ / \

/-\ \ / ...
| |  X  X..
\-/ / \ .O.

\ / X.O /-\
 X  OX. | |
/ \ X.. \-/
------------
Tie
/-\ \ / \ /
| |  X   X
\-/ / \ / \

\ / \ / /-\
 X   X  | |
/ \ / \ \-/

XOX /-\ \ /
OXX | |  X
OXO \-/ / \
------------
Tie
\ / /-\ \ /
 X  | |  X
/ \ \-/ / \

/-\ XOO /-\
| | OXX | |
\-/ XXO \-/

\ / /-\ /-\
 X  | | | |
/ \ \-/ \-/
------------
O wins!
/-\ /-\ OXO
| | | | OXX
\-/ \-/ XOO

/-\ \ / XO.
| |  X  XXO
\-/ / \ O..

/-\ \ / XXO
| |  X  O..
\-/ / \ O.X
------------
X wins!
/-\ \ / \ /
| |  X   X
\-/ / \ / \

.O. \ / /-\
XOX  X  | |
O.. / \ \-/

O.. \ / /-\
.OX  X  | |
OXX / \ \-/
------------
O wins!
/-\ \ / \ /
| |  X   X
\-/ / \ / \

\ / /-\ /-\
 X  | | | |
/ \ \-/ \-/

\ / /-\ /-\
 X  | | | |
/ \ \-/ \-/
------------
X wins!
\ / /-\ /-\
 X  | | | |
/ \ \-/ \-/

\ / \ / \ /
 X   X   X
/ \ / \ / \

OOX ..X X..
..X X.O .O.
... .O. ...
------------
X wins!
\ / /-\ \ /
 X  | |  X
/ \ \-/ / \

.XO \ / OXX
.OX  X  O.O
XXO / \ XOO

OXO /-\ \ /
XOO | |  X
XO. \-/ / \
------------
O wins!
/-\ \ / /-\
| |  X  | |
\-/ / \ \-/

\ / /-\ O..
 X  | | O..
/ \ \-/ .OO

/-\ XX. .XO
| | .X. .XX
\-/ XOO XO.
------------
O wins!
.XX /-\ .XO
X.X | | X..
OX. \-/ ..X

.XO /-\ OXO
OOX | | O.O
.XX \-/ .X.

OX. /-\ XO.
.XX | | OX.
... \-/ X..
------------
X wins!
\ / XXO \ /
 X  ...  X
/ \ X.. / \

..O \ / O.O
OO.  X  ...
X.X / \ ...

\ / ... /-\
 X  X.. | |
/ \ O.. \-/
------------
X wins!
\ / \ / \ /
 X   X   X
/ \ / \ / \

\ / /-\ \ /
 X  | |  X
/ \ \-/ / \

.XO XO. OO.
OOX O.O XXO
.X. O.X .OX
------------
X wins!
/-\ /-\ \ /
| | | |  X
\-/ \-/ / \

... \ / .X.
XO.  X  .OO
OXO / \ ..X

\ / OO. X..
 X  O.. .XX
/ \ XX. OO.
------------
X wins!
/-\ /-\ \ /
| | | |  X
\-/ \-/ / \

/-\ \ / /-\
| |  X  | |
\-/ / \ \-/

\ / \ / XX.
 X   X  XOX
/ \ / \ .XO
------------
Tie
OXO \ / \ /
XXO  X   X
OOX / \ / \

\ / /-\ \ /
 X  | |  X
/ \ \-/ / \

/-\ \ / /-\
| |  X  | |
\-/ / \ \-/
------------
Tie
/-\ \ / \ /
| |  X   X
\-/ / \ / \

\ / /-\ /-\
 X  | | | |
/ \ \-/ \-/

OXX /-\ \ /
XOO | |  X
XOX \-/ / \
------------
X wins!
/-\ \ / \ /
| |  X   X
\-/ / \ / \

\ / \ / XOO
 X   X  X.X
/ \ / \ O.X

\ / \ / XOO
 X   X  OXX
/ \ / \ .OO
------------
X wins!
/-\ \ / \ /
| |  X   X
\-/ / \ / \

XOX \ / /-\
O..  X  | |
XOO / \ \-/

\ / /-\ OXX
 X  | | XOO
/ \ \-/ OXX
------------
X wins!
/-\ \ / /-\
| |  X  | |
\-/ / \ \-/

/-\ \ / OX.
| |  X  XXO
\-/ / \ O..

.O. \ / OO.
O.X  X  ..X
.XX / \ O..
------------
Tie
OOX \ / /-\
XOO  X  | |
OXX / \ \-/

\ / \ / XOX
 X   X  OXX
/ \ / \ OXO

XOO /-\ \ /
OXX | |  X
XXO \-/ / \
------------
X wins!
\ / \ / \ /
 X   X   X
/ \ / \ / \

.OO XO. /-\
.O. XOX | |
..X O.X \-/

\ / O.. /-\
 X  .XX | |
/ \ O.. \-/
------------
O wins!
\ / /-\ \ /
 X  | |  X
/ \ \-/ / \

\ / \ / /-\
 X   X  | |
/ \ / \ \-/

/-\ /-\ /-\
| | | | | |
\-/ \-/ \-/
------------
Tie
XOX \ / /-\
OXO  X  | |
OXO / \ \-/

\ / \ / /-\
 X   X  | |
/ \ / \ \-/

/-\ /-\ \ /
| | | |  X
\-/ \-/ / \
------------
X wins!
\ / /-\ /-\
 X  | | | |
/ \ \-/ \-/

\ / \ / \ /
 X   X   X
/ \ / \ / \

XOX \ / .XX
XOO  X  O..
.X. / \ XO.
------------
O wins!
/-\ \ / \ /
| |  X   X
\-/ / \ / \

\ / /-\ \ /
 X  | |  X
/ \ \-/ / \

\ / /-\ /-\
 X  | | | |
/ \ \-/ \-/
------------
X wins!
\ / \ / /-\
 X   X  | |
/ \ / \ \-/

\ / \ / /-\
 X   X  | |
/ \ / \ \-/

/-\ /-\ \ /
| | | |  X
\-/ \-/ / \
------------
Tie
\ / OXO \ /
 X  XOX  X
/ \ XOX / \

/-\ \ / \ /
| |  X   X
\-/ / \ / \

XOO \ / /-\
OOX  X  | |
XXO / \ \-/
------------
O wins!
/-\ /-\ /-\
| | | | | |
\-/ \-/ \-/

.OX XOO /-\
.XX ... | |
... XX. \-/

/-\ OXO XO.
| | .XX O.X
\-/ XOX XO.
------------
Tie
\ / XOO /-\
 X  OOX | |
/ \ XXO \-/

\ / XXO /-\
 X  OOX | |
/ \ XOX \-/

/-\ /-\ \ /
| | | |  X
\-/ \-/ / \
------------
X wins!
/-\ /-\ \ /
| | | |  X
\-/ \-/ / \

\ / /-\ \ /
 X  | |  X
/ \ \-/ / \

X.O X.. \ /
OO. X.X  X
..X .XO / \
------------
X wins!
\ / \ / /-\
 X   X  | |
/ \ / \ \-/

/-\ \ / /-\
| |  X  | |
\-/ / \ \-/

/-\ \ / XO.
| |  X  OXX
\-/ / \ XOO
------------
Tie
/-\ \ / /-\
| |  X  | |
\-/ / \ \-/

/-\ \ / XOX
| |  X  XOO
\-/ / \ OXX

\ / /-\ XOO
 X  | | OXX
/ \ \-/ XOO
------------
X wins!
\ / \ / \ /
 X   X   X
/ \ / \ / \

\ / /-\ .O.
 X  | | XO.
/ \ \-/ ..X

... ..O /-\
..O O.X | |
XO. ..O \-/
------------
O wins!
/-\ /-\ /-\
| | | | | |
\-/ \-/ \-/

/-\ \ / \ /
| |  X   X
\-/ / \ / \

\ / .OX XOO
 X  O.O ..X
/ \ XOX OXX
------------
X wins!
/-\ /-\ OX.
| | | | XXO
\-/ \-/ XOO

.XX /-\ \ /
XOO | |  X
OOX \-/ / \

\ / \ / \ /
 X   X   X
/ \ / \ / \
------------
X wins!
/-\ /-\ \ /
| | | |  X
\-/ \-/ / \

/-\ \ / /-\
| |  X  | |
\-/ / \ \-/

\ / \ / ..O
 X   X  .XX
/ \ / \ OXO
------------
X wins!
OOX \ / /-\
XOO  X  | |
OXX / \ \-/

\ / \ / \ /
 X   X   X
/ \ / \ / \

OXX X.X \ /
OX. ...  X
..O OXO / \
------------
X wins!
\ / /-\ X.O
 X  | | OX.
/ \ \-/ O..

\ / OOX ...
 X  XXO O..
/ \ OO. .XO

\ / \ / ...
 X   X  OOX
/ \ / \ XO.
------------
O wins!
\ / /-\ /-\
 X  | | | |
/ \ \-/ \-/

OXX \ / /-\
OOX  X  | |
... / \ \-/

.O. \ / /-\
X.X  X  | |
.OX / \ \-/
------------
O wins!
/-\ /-\ /-\
| | | | | |
\-/ \-/ \-/

\ / \ / /-\
 X   X  | |
/ \ / \ \-/

.XX .O. \ /
X.. OO.  X
OX. ... / \
------------
Tie
\ / /-\ \ /
 X  | |  X
/ \ \-/ / \

/-\ OXO \ /
| | XXO  X
\-/ OOX / \

\ / \ / /-\
 X   X  | |
/ \ / \ \-/
------------
O wins!
OXO \ / \ /
XXO  X   X
XOX / \ / \

/-\ /-\ /-\
| | | | | |
\-/ \-/ \-/

.OO /-\ \ /
OXX | |  X
OXX \-/ / \
------------
Tie
/-\ /-\ \ /
| | | |  X
\-/ \-/ / \

OXX \ / \ /
XOO  X   X
OOX / \ / \

/-\ \ / /-\
| |  X  | |
\-/ / \ \-/
------------
X wins!
\ / X.. /-\
 X  OXO | |
/ \ OO. \-/

\ / .OO OXX
 X  .XX O..
/ \ OXO ..X

\ / \ / .XX
 X   X  OX.
/ \ / \ OOX
------------
Tie
/-\ /-\ \ /
| | | |  X
\-/ \-/ / \

\ / \ / /-\
 X   X  | |
/ \ / \ \-/

/-\ /-\ \ /
| | | |  X
\-/ \-/ / \
------------
O wins!
/-\ \ / /-\
| |  X  | |
\-/ / \ \-/

/-\ /-\ /-\
| | | | | |
\-/ \-/ \-/

XOX \ / \ /
XX.  X   X
.O. / \ / \
------------
O wins!
/-\ \ / /-\
| |  X  | |
\-/ / \ \-/

/-\ \ / /-\
| |  X  | |
\-/ / \ \-/

\ / XOX /-\
 X  XXO | |
/ \ OXO \-/
------------
X wins!
/-\ \ / \ /
| |  X   X
\-/ / \ / \

/-\ \ / /-\
| |  X  | |
\-/ / \ \-/

\ / /-\ /-\
 X  | | | |
/ \ \-/ \-/
------------
O wins!
/-\ /-\ /-\
| | | | | |
\-/ \-/ \-/

... \ / ...
OXX  X  .XO
... / \ .OO

XXO /-\ O.X
.O. | | OO.
..X \-/ .X.
------------
O wins!
/-\ \ / /-\
| |  X  | |
\-/ / \ \-/

/-\ \ / /-\
| |  X  | |
\-/ / \ \-/

/-\ ... \ /
| | O.X  X
\-/ XXO / \
------------
O wins!
\ / \ / .X.
 X   X  .O.
/ \ / \ OX.

/-\ /-\ /-\
| | | | | |
\-/ \-/ \-/

OO. /-\ \ /
.XX | |  X
OXX \-/ / \
------------
X wins!
/-\ \ / /-\
| |  X  | |
\-/ / \ \-/

\ / \ / \ /
 X   X   X
/ \ / \ / \

.OX /-\ \ /
.XO | |  X
.OX \-/ / \
------------
O wins!
/-\ /-\ \ /
| | | |  X
\-/ \-/ / \

/-\ \ / .XX
| |  X  O.X
\-/ / \ XO.

/-\ \ / XX.
| |  X  OOX
\-/ / \ OOX
------------
X wins!
/-\ \ / /-\
| |  X  | |
\-/ / \ \-/

/-\ \ / \ /
| |  X   X
\-/ / \ / \

\ / \ / .OX
 X   X  .OO
/ \ / \ ..O
------------
X wins!
O.O /-\ \ /
.XX | |  X
XXO \-/ / \

.XX .XO \ /
O.X O.X  X
O.O ... / \

X.O /-\ \ /
X.X | |  X
OOX \-/ / \
------------
X wins!
\ / /-\ \ /
 X  | |  X
/ \ \-/ / \

\ / \ / XOX
 X   X  XOO
/ \ / \ OX.

/-\ \ / \ /
| |  X   X
\-/ / \ / \
------------
Tie
XXO /-\ \ /
OXX | |  X
XOO \-/ / \

\ / \ / /-\
 X   X  | |
/ \ / \ \-/

/-\ /-\ \ /
| | | |  X
\-/ \-/ / \
------------
X wins!
\ / \ / \ /
 X   X   X
/ \ / \ / \

..X /-\ .OO
..O | | ..X
XO. \-/ XX.

/-\ OXO .O.
| | .X. XOO
\-/ ... X.X
------------
O wins!
/-\ /-\ /-\
| | | | | |
\-/ \-/ \-/

\ / XXO \ /
 X  XOO  X
/ \ .OX / \

X.X \ / ..O
.XO  X  OXX
.O. / \ XOO
------------
O wins!
/-\ \ / /-\
| |  X  | |
\-/ / \ \-/

/-\ \ / \ /
| |  X   X
\-/ / \ / \

/-\ /-\ XX.
| | | | .OX
\-/ \-/ XXO
------------
Tie
\ / XOO /-\
 X  OXX | |
/ \ XXO \-/

\ / \ / /-\
 X   X  | |
/ \ / \ \-/

/-\ /-\ XOX
| | | | XOX
\-/ \-/ OXO
------------
O wins!
/-\ \ / \ /
| |  X   X
\-/ / \ / \

OX. /-\ O.X
XXO | | XX.
OOX \-/ OOX

/-\ \ / /-\
| |  X  | |
\-/ / \ \-/
------------
O wins!
/-\ \ / /-\
| |  X  | |
\-/ / \ \-/

\ / /-\ X.X
 X  | | XO.
/ \ \-/ .XX

\ / \ / /-\
 X   X  | |
/ \ / \ \-/
------------
Tie
\ / \ / /-\
 X   X  | |
/ \ / \ \-/

/-\ /-\ \ /
| | | |  X
\-/ \-/ / \

\ / \ / /-\
 X   X  | |
/ \ / \ \-/
------------
Tie
\ / /-\ /-\
 X  | | | |
/ \ \-/ \-/

/-\ \ / \ /
| |  X   X
\-/ / \ / \

\ / /-\ /-\
 X  | | | |
/ \ \-/ \-/
------------
O wins!
\ / \ / /-\
 X   X  | |
/ \ / \ \-/

OOX /-\ \ /
XXO | |  X
OXX \-/ / \

/-\ \ / .XO
| |  X  OOX
\-/ / \ .O.
------------
O wins!
/-\ \ / /-\
| |  X  | |
\-/ / \ \-/

\ / \ / /-\
 X   X  | |
/ \ / \ \-/

XX. X.X /-\
.X. OOX | |
... .X. \-/
------------
Tie
/-\ /-\ XOX
| | | | XXO
\-/ \-/ OXO

/-\ \ / \ /
| |  X   X
\-/ / \ / \

\ / /-\ \ /
 X  | |  X
/ \ \-/ / \
------------
O wins!
XOX OXX /-\
XOO XOO | |
OXO XOX \-/

\ / \ / /-\
 X   X  | |
/ \ / \ \-/

/-\ \ / /-\
| |  X  | |
\-/ / \ \-/
------------
Tie
/-\ OXO /-\
| | OOX | |
\-/ XOX \-/

\ / \ / /-\
 X   X  | |
/ \ / \ \-/

\ / /-\ XOX
 X  | | OXX
/ \ \-/ OXO
------------
X wins!
\ / /-\ /-\
 X  | | | |
/ \ \-/ \-/

\ / \ / XX.
 X   X  O.O
/ \ / \ .XX

.O. .X. \ /
.XO O..  X
..X O.O / \
------------
Tie
\ / /-\ \ /
 X  | |  X
/ \ \-/ / \

/-\ XOO /-\
| | OXX | |
\-/ XOO \-/

OXX /-\ \ /
XOO | |  X
OXX \-/ / \
------------
O wins!
/-\ \ / \ /
| |  X   X
\-/ / \ / \

\ / /-\ \ /
 X  | |  X
/ \ \-/ / \

/-\ X.X /-\
| | OOX | |
\-/ ..O \-/
------------
X wins!
\ / /-\ /-\
 X  | | | |
/ \ \-/ \-/

\ / \ / /-\
 X   X  | |
/ \ / \ \-/

\ / XX. XOO
 X  O.. OX.
/ \ XOX O.O
------------
Tie
/-\ /-\ \ /
| | | |  X
\-/ \-/ / \

\ / /-\ /-\
 X  | | | |
/ \ \-/ \-/

/-\ \ / \ /
| |  X   X
\-/ / \ / \
------------
Tie
XOX \ / /-\
OXX  X  | |
OXO / \ \-/

\ / /-\ /-\
 X  | | | |
/ \ \-/ \-/

\ / \ / OOX
 X   X  XXO
/ \ / \ OOX
------------
X wins!
\ / /-\ /-\
 X  | | | |
/ \ \-/ \-/

.X. \ / \ /
...  X   X
.OO / \ / \

.X. \ / \ /
OO.  X   X
..O / \ / \
------------
X wins!
\ / \ / XO.
 X   X  O.O
/ \ / \ XOX

.XX \ / .O.
XOX  X  O..
XO. / \ XO.

/-\ \ / /-\
| |  X  | |
\-/ / \ \-/
------------
X wins!
/-\ \ / /-\
| |  X  | |
\-/ / \ \-/

\ / \ / \ /
 X   X   X
/ \ / \ / \

OO. X.X /-\
OXO XOO | |
X.O .XX \-/
------------
O wins!
/-\ /-\ /-\
| | | | | |
\-/ \-/ \-/

..O /-\ ..X
XX. | | .X.
.OX \-/ .XO

\ / OXX /-\
 X  .OO | |
/ \ O.X \-/
------------
X wins!
/-\ XOO XOO
| | OXX OOX
\-/ XXO XXO

\ / \ / \ /
 X   X   X
/ \ / \ / \

..O /-\ O.X
OXX | | .OO
.XX \-/ OXX
------------
O wins!
/-\ /-\ /-\
| | | | | |
\-/ \-/ \-/

\ / \ / X.O
 X   X  ...
/ \ / \ .X.

/-\ /-\ \ /
| | | |  X
\-/ \-/ / \
------------
Tie
/-\ \ / \ /
| |  X   X
\-/ / \ / \

\ / XOX /-\
 X  XOX | |
/ \ OXO \-/

/-\ /-\ \ /
| | | |  X
\-/ \-/ / \
------------
X wins!
/-\ /-\ \ /
| | | |  X
\-/ \-/ / \

/-\ \ / /-\
| |  X  | |
\-/ / \ \-/

\ / \ / /-\
 X   X  | |
/ \ / \ \-/
------------
X wins!
\ / /-\ /-\
 X  | | | |
/ \ \-/ \-/

\ / \ / /-\
 X   X  | |
/ \ / \ \-/

/-\ /-\ \ /
| | | |  X
\-/ \-/ / \
------------
Tie
\ / OXO OXX
 X  XXO XOO
/ \ XOX XOX

/-\ /-\ \ /
| | | |  X
\-/ \-/ / \

/-\ \ / /-\
| |  X  | |
\-/ / \ \-/
------------
X wins!
\ / /-\ /-\
 X  | | | |
/ \ \-/ \-/

/-\ \ / /-\
| |  X  | |
\-/ / \ \-/

OOX OXO \ /
X.. X..  X
XOO OXO / \
------------
X wins!
\ / \ / /-\
 X   X  | |
/ \ / \ \-/

/-\ \ / /-\
| |  X  | |
\-/ / \ \-/

\ / /-\ \ /
 X  | |  X
/ \ \-/ / \
------------
Tie
\ / \ / /-\
 X   X  | |
/ \ / \ \-/

XOX \ / /-\
OOX  X  | |
XXO / \ \-/

/-\ XOX OXO
| | OOX OXO
\-/ XXO XOX
------------
X wins!
\ / /-\ /-\
 X  | | | |
/ \ \-/ \-/

\ / \ / \ /
 X   X   X
/ \ / \ / \

XO. .O. /-\
O.O XXO | |
XXO .OX \-/
------------
X wins!
\ / \ / /-\
 X   X  | |
/ \ / \ \-/

/-\ \ / /-\
| |  X  | |
\-/ / \ \-/

.XX \ / O..
.OX  X  XXO
XOO / \ .X.
------------
X wins!
\ / /-\ XOO
 X  | | OXX
/ \ \-/ OXO

/-\ \ / /-\
| |  X  | |
\-/ / \ \-/

\ / OXO \ /
 X  XOX  X
/ \ XOX / \
------------
O wins!
/-\ /-\ \ /
| | | |  X
\-/ \-/ / \

/-\ XX. OOX
| | .O. X..
\-/ XXO XX.

/-\ XXO \ /
| | .OO  X
\-/ XOX / \
------------
O wins!
/-\ \ / O.X
| |  X  OXO
\-/ / \ ..X

/-\ XOO X..
| | O.. OOX
\-/ OX. X..

/-\ OOX .X.
| | X.. O.O
\-/ X.X XO.
------------
O wins!
/-\ \ / \ /
| |  X   X
\-/ / \ / \

OXX /-\ XO.
XOO | | XX.
OOX \-/ OO.

\ / \ / /-\
 X   X  | |
/ \ / \ \-/
------------
O wins!
/-\ /-\ /-\
| | | | | |
\-/ \-/ \-/

X.. \ / .OX
O..  X  O..
X.X / \ .OX

XXO \ / /-\
.XX  X  | |
OO. / \ \-/
------------
X wins!
\ / \ / \ /
 X   X   X
/ \ / \ / \

XXO OO. /-\
.XX OXO | |
... XOX \-/

OO. OO. \ /
..O O.X  X
XOO XXO / \
------------
Tie
\ / /-\ /-\
 X  | | | |
/ \ \-/ \-/

/-\ \ / \ /
| |  X   X
\-/ / \ / \

\ / \ / /-\
 X   X  | |
/ \ / \ \-/
------------
X wins!
\ / X.. \ /
 X  OOX  X
/ \ OXO / \

/-\ \ / OXO
| |  X  X..
\-/ / \ O..

\ / ..X /-\
 X  .O. | |
/ \ ..O \-/
------------
Tie
\ / /-\ \ /
 X  | |  X
/ \ \-/ / \

/-\ \ / \ /
| |  X   X
\-/ / \ / \

/-\ \ / /-\
| |  X  | |
\-/ / \ \-/
------------
X wins!
\ / /-\ /-\
 X  | | | |
/ \ \-/ \-/

/-\ \ / \ /
| |  X   X
\-/ / \ / \

/-\ /-\ \ /
| | | |  X
\-/ \-/ / \
------------
O wins!
/-\ /-\ /-\
| | | | | |
\-/ \-/ \-/

.XO \ / XOX
.XO  X  ...
.O. / \ .OO

XX. /-\ XX.
X.X | | XO.
.O. \-/ O.O
------------
X wins!
\ / \ / /-\
 X   X  | |
/ \ / \ \-/

\ / /-\ /-\
 X  | | | |
/ \ \-/ \-/

\ / OXO XOX
 X  ... .XO
/ \ O.. .X.
------------
O wins!
/-\ \ / /-\
| |  X  | |
\-/ / \ \-/

\ / \ / /-\
 X   X  | |
/ \ / \ \-/

.XO /-\ /-\
..O | | | |
.X. \-/ \-/
------------
O wins!
/-\ XXO \ /
| | OXX  X
\-/ XOO / \

\ / \ / /-\
 X   X  | |
/ \ / \ \-/

/-\ /-\ /-\
| | | | | |
\-/ \-/ \-/
------------
O wins!
/-\ ... XOX
| | O.. ..X
\-/ ..X .O.

... /-\ ..O
OXX | | O..
XOX \-/ .OX

..O \ / /-\
XX.  X  | |
.XO / \ \-/
------------
X wins!
\ / /-\ OXO
 X  | | XOO
/ \ \-/ XOX

\ / /-\ .O.
 X  | | OX.
/ \ \-/ .OX

\ / .XX /-\
 X  .O. | |
/ \ X.X \-/
------------
X wins!
\ / \ / \ /
 X   X   X
/ \ / \ / \

O.X /-\ OO.
X.X | | .XO
.O. \-/ OO.

..O .OO ..X
.O. OXX .X.
.X. ... ...
------------
X wins!
/-\ /-\ \ /
| | | |  X
\-/ \-/ / \

OXO \ / /-\
XOO  X  | |
XOX / \ \-/

\ / \ / /-\
 X   X  | |
/ \ / \ \-/
------------
X wins!
\ / /-\ /-\
 X  | | | |
/ \ \-/ \-/

OXX \ / /-\
...  X  | |
.OX / \ \-/

.O. \ / \ /
.XX  X   X
XOO / \ / \
------------
Tie
XXO /-\ OXO
OOX | | OXX
XOX \-/ XOO

/-\ \ / \ /
| |  X   X
\-/ / \ / \

OOX \ / /-\
XOO  X  | |
OXX / \ \-/
------------
X wins!
/-\ \ / /-\
| |  X  | |
\-/ / \ \-/

/-\ \ / /-\
| |  X  | |
\-/ / \ \-/

\ / \ / \ /
 X   X   X
/ \ / \ / \
------------
X wins!
\ / /-\ \ /
 X  | |  X
/ \ \-/ / \

\ / \ / XOX
 X   X  OOX
/ \ / \ OXO

/-\ /-\ \ /
| | | |  X
\-/ \-/ / \
------------
X wins!
/-\ \ / /-\
| |  X  | |
\-/ / \ \-/

..X \ / .OX
X.X  X  OXX
O.O / \ OO.

.OX \ / OX.
OOX  X  .OX
.X. / \ XX.
------------
X wins!
\ / /-\ /-\
 X  | | | |
/ \ \-/ \-/

\ / \ / /-\
 X   X  | |
/ \ / \ \-/

\ / \ / OOX
 X   X  .XO
/ \ / \ .OX
------------
X wins!
\ / \ / /-\
 X   X  | |
/ \ / \ \-/

\ / \ / \ /
 X   X   X
/ \ / \ / \

/-\ /-\ OX.
| | | | OXO
\-/ \-/ ...
------------
X wins!
/-\ \ / \ /
| |  X   X
\-/ / \ / \

/-\ \ / ...
| |  X  XO.
\-/ / \ O..

\ / \ / X.O
 X   X  ..X
/ \ / \ X.O
------------
Tie
OXO /-\ \ /
XXO | |  X
XOX \-/ / \

/-\ /-\ \ /
| | | |  X
\-/ \-/ / \

\ / \ / /-\
 X   X  | |
/ \ / \ \-/
------------
O wins!
\ / \ / /-\
 X   X  | |
/ \ / \ \-/

/-\ /-\ /-\
| | | | | |
\-/ \-/ \-/

.OX \ / O.O
X.O  X  XX.
OX. / \ .X.
------------
Tie
/-\ \ / /-\
| |  X  | |
\-/ / \ \-/

XOX XOX \ /
XOO XOO  X
OXO OXX / \

XOO /-\ /-\
OOX | | | |
XXO \-/ \-/
------------
X wins!
\ / /-\ \ /
 X  | |  X
/ \ \-/ / \

\ / \ / \ /
 X   X   X
/ \ / \ / \

/-\ X.. /-\
| | ... | |
\-/ ..X \-/
------------
X wins!
/-\ XOX \ /
| | XXO  X
\-/ OXO / \

\ / /-\ \ /
 X  | |  X
/ \ \-/ / \

OX. /-\ \ /
O.O | |  X
.XX \-/ / \
------------
Tie
/-\ \ / /-\
| |  X  | |
\-/ / \ \-/

XOX \ / \ /
OXO  X   X
OXO / \ / \

/-\ /-\ \ /
| | | |  X
\-/ \-/ / \
------------
Tie
/-\ /-\ \ /
| | | |  X
\-/ \-/ / \

\ / \ / XOO
 X   X  OOX
/ \ / \ XXO

/-\ /-\ \ /
| | | |  X
\-/ \-/ / \
------------
X wins!
\ / \ / \ /
 X   X   X
/ \ / \ / \

/-\ XXO /-\
| | XOX | |
\-/ .XO \-/

X.. OO. X.O
.O. XXO X.X
..O .O. .O.
------------
X wins!
\ / \ / /-\
 X   X  | |
/ \ / \ \-/

\ / \ / /-\
 X   X  | |
/ \ / \ \-/

OXO \ / \ /
OXX  X   X
XOO / \ / \
------------
X wins!
\ / /-\ \ /
 X  | |  X
/ \ \-/ / \

\ / /-\ \ /
 X  | |  X
/ \ \-/ / \

.XX OO. \ /
O.. X..  X
OXO XOX / \
------------
O wins!
/-\ /-\ /-\
| | | | | |
\-/ \-/ \-/

OXO \ / X.X
...  X  ...
..O / \ O.O

\ / ..X \ /
 X  .OO  X
/ \ ..O / \
------------
X wins!
/-\ \ / \ /
| |  X   X
\-/ / \ / \

XXO \ / O..
.O.  X  X.O
.OX / \ OOX

/-\ \ / /-\
| |  X  | |
\-/ / \ \-/
------------
O wins!
/-\ \ / \ /
| |  X   X
\-/ / \ / \

/-\ \ / XXO
| |  X  OOX
\-/ / \ XOX

/-\ ... /-\
| | .OX | |
\-/ ..X \-/
------------
X wins!
\ / /-\ /-\
 X  | | | |
/ \ \-/ \-/

/-\ \ / /-\
| |  X  | |
\-/ / \ \-/

\ / /-\ \ /
 X  | |  X
/ \ \-/ / \
------------
Tie
\ / /-\ /-\
 X  | | | |
/ \ \-/ \-/

/-\ \ / \ /
| |  X   X
\-/ / \ / \

/-\ \ / /-\
| |  X  | |
\-/ / \ \-/
------------
O wins!
/-\ \ / \ /
| |  X   X
\-/ / \ / \

/-\ /-\ /-\
| | | | | |
\-/ \-/ \-/

OOX /-\ \ /
XX. | |  X
OXX \-/ / \
------------
Tie
/-\ \ / \ /
| |  X   X
\-/ / \ / \

\ / \ / /-\
 X   X  | |
/ \ / \ \-/

XOO /-\ \ /
OXX | |  X
OXO \-/ / \
------------
Tie
\ / /-\ \ /
 X  | |  X
/ \ \-/ / \

\ / \ / /-\
 X   X  | |
/ \ / \ \-/

OXO /-\ /-\
OOX | | | |
XOX \-/ \-/
------------
X wins!
\ / XOX O.X
 X  OXX XOX
/ \ OXO OO.

\ / .XX /-\
 X  OOX | |
/ \ OO. \-/

\ / .O. O.O
 X  X.O ..X
/ \ OXX ..X
------------
X wins!
/-\ XOX \ /
| | OOX  X
\-/ OXO / \

\ / \ / /-\
 X   X  | |
/ \ / \ \-/

\ / ... OXO
 X  O.X O.X
/ \ O.O X.O
------------
O wins!
\ / \ / /-\
 X   X  | |
/ \ / \ \-/

\ / /-\ \ /
 X  | |  X
/ \ \-/ / \

/-\ .X. OO.
| | OOX OXO
\-/ ... XXO
------------
O wins!
/-\ \ / \ /
| |  X   X
\-/ / \ / \

.OX /-\ O.O
X.O | | .X.
OO. \-/ O..

\ / .OX /-\
 X  .X. | |
/ \ O.. \-/
------------
X wins!
/-\ \ / \ /
| |  X   X
\-/ / \ / \

.XO \ / .XX
..O  X  O..
.XX / \ .OX

\ / XO. /-\
 X  XO. | |
/ \ O.. \-/
------------
X wins!
/-\ /-\ \ /
| | | |  X
\-/ \-/ / \

\ / \ / \ /
 X   X   X
/ \ / \ / \

\ / O.O OO.
 X  .OX X.O
/ \ XOX OX.
------------
X wins!
/-\ \ / /-\
| |  X  | |
\-/ / \ \-/

/-\ \ / X.X
| |  X  ...
\-/ / \ .XO

\ / \ / /-\
 X   X  | |
/ \ / \ \-/
------------
Tie
\ / /-\ /-\
 X  | | | |
/ \ \-/ \-/

/-\ \ / \ /
| |  X   X
\-/ / \ / \

/-\ \ / OXO
| |  X  XXO
\-/ / \ XOX
------------
O wins!
/-\ \ / /-\
| |  X  | |
\-/ / \ \-/

/-\ \ / /-\
| |  X  | |
\-/ / \ \-/

/-\ XOX .XX
| | X.X X..
\-/ OXO .X.
------------
Tie
XXO /-\ /-\
OOX | | | |
XXO \-/ \-/

/-\ \ / /-\
| |  X  | |
\-/ / \ \-/

/-\ \ / \ /
| |  X   X
\-/ / \ / \
------------
O wins!
/-\ /-\ OXO
| | | | OXX
\-/ \-/ XOO

/-\ \ / /-\
| |  X  | |
\-/ / \ \-/

/-\ ..O \ /
| | X..  X
\-/ X.X / \
------------
X wins!
\ / /-\ /-\
 X  | | | |
/ \ \-/ \-/

\ / /-\ /-\
 X  | | | |
/ \ \-/ \-/

\ / \ / OO.
 X   X  OX.
/ \ / \ XOX
------------
Tie
\ / OXX /-\
 X  XOO | |
/ \ OXX \-/

/-\ /-\ \ /
| | | |  X
\-/ \-/ / \

\ / \ / /-\
 X   X  | |
/ \ / \ \-/
------------
X wins!
/-\ /-\ \ /
| | | |  X
\-/ \-/ / \

/-\ \ / \ /
| |  X   X
\-/ / \ / \

XOX .XX \ /
.X. .OO  X
... .XO / \
------------
O wins!
/-\ /-\ /-\
| | | | | |
\-/ \-/ \-/

\ / \ / ...
 X   X  XX.
/ \ / \ OXO

OXX /-\ \ /
... | |  X
.O. \-/ / \
------------
X wins!
\ / /-\ /-\
 X  | | | |
/ \ \-/ \-/

\ / \ / X.O
 X   X  ..X
/ \ / \ OX.

\ / /-\ .OO
 X  | | .O.
/ \ \-/ .X.
------------
X wins!
/-\ /-\ \ /
| | | |  X
\-/ \-/ / \

X.. \ / \ /
OXO  X   X
.XO / \ / \

/-\ /-\ \ /
| | | |  X
\-/ \-/ / \
------------
O wins!
\ / /-\ /-\
 X  | | | |
/ \ \-/ \-/

/-\ \ / /-\
| |  X  | |
\-/ / \ \-/

XOX \ / /-\
XO.  X  | |
OXO / \ \-/
------------
X wins!
/-\ \ / \ /
| |  X   X
\-/ / \ / \

/-\ \ / \ /
| |  X   X
\-/ / \ / \

\ / /-\ /-\
 X  | | | |
/ \ \-/ \-/
------------
Tie
\ / /-\ /-\
 X  | | | |
/ \ \-/ \-/

/-\ /-\ \ /
| | | |  X
\-/ \-/ / \

\ / \ / /-\
 X   X  | |
/ \ / \ \-/
------------
X wins!
\ / \ / /-\
 X   X  | |
/ \ / \ \-/

\ / \ / .OX
 X   X  X.X
/ \ / \ O.O

/-\ \ / /-\
| |  X  | |
\-/ / \ \-/
------------
X wins!
/-\ \ / /-\
| |  X  | |
\-/ / \ \-/

\ / \ / \ /
 X   X   X
/ \ / \ / \

O.X ..O /-\
.XO XO. | |
O.X X.X \-/
------------
X wins!
XXO /-\ \ /
OXX | |  X
XOO \-/ / \

/-\ /-\ \ /
| | | |  X
\-/ \-/ / \

/-\ \ / \ /
| |  X   X
\-/ / \ / \
------------
X wins!
\ / \ / /-\
 X   X  | |
/ \ / \ \-/

\ / /-\ X.X
 X  | | O..
/ \ \-/ OXX

\ / /-\ .O.
 X  | | .XO
/ \ \-/ OX.
------------
X wins!
\ / OXO \ /
 X  XOO  X
/ \ XOX / \

/-\ \ / /-\
| |  X  | |
\-/ / \ \-/

\ / OXO XOO
 X  X.X X..
/ \ OO. OX.
------------
X wins!
\ / \ / /-\
 X   X  | |
/ \ / \ \-/

O.. \ / XOX
.O.  X  X.O
O.. / \ ..X

X.X \ / OX.
.O.  X  ..O
... / \ .OO
------------
X wins!
\ / /-\ \ /
 X  | |  X
/ \ \-/ / \

/-\ \ / /-\
| |  X  | |
\-/ / \ \-/

/-\ /-\ \ /
| | | |  X
\-/ \-/ / \
------------
X wins!
\ / /-\ /-\
 X  | | | |
/ \ \-/ \-/

\ / .OX /-\
 X  O.X | |
/ \ OO. \-/

\ / \ / ..X
 X   X  O.X
/ \ / \ .XO
------------
X wins!
\ / \ / .O.
 X   X  ...
/ \ / \ X..

/-\ \ / O..
| |  X  XOX
\-/ / \ ...

/-\ O.X \ /
| | ...  X
\-/ O.O / \
------------
Tie
/-\ \ / /-\
| |  X  | |
\-/ / \ \-/

/-\ \ / \ /
| |  X   X
\-/ / \ / \

\ / /-\ /-\
 X  | | | |
/ \ \-/ \-/
------------
O wins!
/-\ \ / /-\
| |  X  | |
\-/ / \ \-/

/-\ \ / OO.
| |  X  XOO
\-/ / \ OXX

/-\ .XO \ /
| | ..X  X
\-/ ..O / \
------------
O wins!
/-\ /-\ OXO
| | | | OXO
\-/ \-/ XOX

OOX /-\ /-\
XXO | | | |
OXO \-/ \-/

\ / \ / /-\
 X   X  | |
/ \ / \ \-/
------------
O wins!
/-\ /-\ /-\
| | | | | |
\-/ \-/ \-/

X.. XX. /-\
XOX .OX | |
.OX OXX \-/

\ / \ / /-\
 X   X  | |
/ \ / \ \-/
------------
O wins!
\ / /-\ /-\
 X  | | | |
/ \ \-/ \-/

/-\ \ / /-\
| |  X  | |
\-/ / \ \-/

XXO \ / /-\
OOX  X  | |
XOO / \ \-/
------------
X wins!
/-\ \ / /-\
| |  X  | |
\-/ / \ \-/

\ / \ / \ /
 X   X   X
/ \ / \ / \

\ / .X. XOO
 X  XOX ..O
/ \ O.. O..
------------
Tie
/-\ /-\ \ /
| | | |  X
\-/ \-/ / \

XXO \ / \ /
OOX  X   X
XOO / \ / \

/-\ \ / /-\
| |  X  | |
\-/ / \ \-/
------------
Tie
/-\ /-\ \ /
| | | |  X
\-/ \-/ / \

\ / OXX /-\
 X  XOO | |
/ \ XOX \-/

/-\ \ / /-\
| |  X  | |
\-/ / \ \-/
------------
X wins!
\ / /-\ /-\
 X  | | | |
/ \ \-/ \-/

\ / \ / \ /
 X   X   X
/ \ / \ / \

/-\ XOX OX.
| | O.O O.O
\-/ ..X XOO
------------
O wins!
/-\ /-\ /-\
| | | | | |
\-/ \-/ \-/

... \ / \ /
.O.  X   X
.XO / \ / \

X.. ..X \ /
..O .OO  X
... ..O / \
------------
X wins!
\ / /-\ \ /
 X  | |  X
/ \ \-/ / \

/-\ \ / /-\
| |  X  | |
\-/ / \ \-/

/-\ /-\ \ /
| | | |  X
\-/ \-/ / \
------------
Tie
\ / /-\ \ /
 X  | |  X
/ \ \-/ / \

\ / /-\ /-\
 X  | | | |
/ \ \-/ \-/

/-\ \ / \ /
| |  X   X
\-/ / \ / \
------------
O wins!
/-\ /-\ \ /
| | | |  X
\-/ \-/ / \

/-\ \ / O..
| |  X  OX.
\-/ / \ XX.

/-\ X.O .X.
| | OOX XXO
\-/ XXO .O.
------------
Tie
/-\ \ / \ /
| |  X   X
\-/ / \ / \

\ / XOO /-\
 X  OOX | |
/ \ XXO \-/

\ / /-\ /-\
 X  | | | |
/ \ \-/ \-/
------------
Tie
/-\ \ / /-\
| |  X  | |
\-/ / \ \-/

/-\ \ / OXX
| |  X  XOO
\-/ / \ XOX

\ / /-\ /-\
 X  | | | |
/ \ \-/ \-/
------------
X wins!
\ / \ / /-\
 X   X  | |
/ \ / \ \-/

/-\ \ / .OO
| |  X  .X.
\-/ / \ XO.

/-\ \ / O.X
| |  X  .O.
\-/ / \ X..
------------
X wins!
\ / .X. .OX
 X  OOX ...
/ \ OXO X.O

/-\ \ / O.X
| |  X  O..
\-/ / \ ..O

/-\ O.O \ /
| | XX.  X
\-/ .O. / \
------------
X wins!
/-\ /-\ \ /
| | | |  X
\-/ \-/ / \

\ / /-\ \ /
 X  | |  X
/ \ \-/ / \

/-\ \ / \ /
| |  X   X
\-/ / \ / \
------------
X wins!
\ / /-\ /-\
 X  | | | |
/ \ \-/ \-/

\ / \ / \ /
 X   X   X
/ \ / \ / \

OXX ..X /-\
... .OO | |
.OX XX. \-/
------------
X wins!
OXO /-\ /-\
OXX | | | |
XOX \-/ \-/

\ / \ / \ /
 X   X   X
/ \ / \ / \

OX. ... /-\
X.. .XX | |
OOX O.X \-/
------------
O wins!
/-\ \ / .OO
| |  X  .X.
\-/ / \ .OX

OXX /-\ \ /
XXO | |  X
... \-/ / \

... .X. /-\
.XX O.O | |
.X. O.X \-/
------------
O wins!
\ / \ / /-\
 X   X  | |
/ \ / \ \-/

/-\ /-\ /-\
| | | | | |
\-/ \-/ \-/

..X \ / OO.
.XX  X  OX.
.X. / \ .O.
------------
X wins!
\ / /-\ \ /
 X  | |  X
/ \ \-/ / \

/-\ \ / /-\
| |  X  | |
\-/ / \ \-/

\ / /-\ /-\
 X  | | | |
/ \ \-/ \-/
------------
X wins!
/-\ /-\ \ /
| | | |  X
\-/ \-/ / \

O.. \ / X..
..O  X  .XO
OO. / \ OX.

\ / .O. \ /
 X  X.X  X
/ \ XOO / \
------------
O wins!
/-\ \ / \ /
| |  X   X
\-/ / \ / \

\ / XOO \ /
 X  OXX  X
/ \ XXO / \

/-\ /-\ /-\
| | | | | |
\-/ \-/ \-/
------------
X wins!
\ / \ / \ /
 X   X   X
/ \ / \ / \

.OO \ / OXO
OXX  X  XXO
XXO / \ X..

/-\ /-\ .XO
| | | | OXX
\-/ \-/ .O.
------------
X wins!
.XO \ / OXO
XOO  X  XOX
XO. / \ XX.

/-\ \ / .OO
| |  X  X.X
\-/ / \ XXO

/-\ \ / ..X
| |  X  .X.
\-/ / \ OXO
------------
Tie
\ / XOX /-\
 X  XXO | |
/ \ OXO \-/

/-\ \ / \ /
| |  X   X
\-/ / \ / \

/-\ \ / /-\
| |  X  | |
\-/ / \ \-/
------------
O wins!
/-\ \ / \ /
| |  X   X
\-/ / \ / \

\ / /-\ /-\
 X  | | | |
/ \ \-/ \-/

\ / /-\ /-\
 X  | | | |
/ \ \-/ \-/
------------
X wins!
\ / \ / \ /
 X   X   X
/ \ / \ / \

/-\ \ / .OX
| |  X  XO.
\-/ / \ X.X

/-\ X.. /-\
| | O.. | |
\-/ ..O \-/
------------
O wins!
/-\ /-\ /-\
| | | | | |
\-/ \-/ \-/

XXO .X. .OX
X.. O.X X.O
OOX .X. .XX

X.X \ / .O.
..O  X  ...
XO. / \ OO.
------------
X wins!
\ / \ / /-\
 X   X  | |
/ \ / \ \-/

\ / /-\ /-\
 X  | | | |
/ \ \-/ \-/

\ / ..X .XX
 X  OX. XX.
/ \ ... .O.
------------
O wins!
\ / /-\ /-\
 X  | | | |
/ \ \-/ \-/

\ / .XO /-\
 X  O.X | |
/ \ .OX \-/

/-\ \ / /-\
| |  X  | |
\-/ / \ \-/
------------
X wins!
\ / XOX /-\
 X  OOX | |
/ \ XXO \-/

/-\ \ / \ /
| |  X   X
\-/ / \ / \

/-\ /-\ \ /
| | | |  X
\-/ \-/ / \
------------
X wins!
/-\ \ / /-\
| |  X  | |
\-/ / \ \-/

/-\ \ / /-\
| |  X  | |
\-/ / \ \-/

\ / \ / .O.
 X   X  XOO
/ \ / \ XX.
------------
X wins!
/-\ \ / \ /
| |  X   X
\-/ / \ / \

\ / XOO \ /
 X  OXX  X
/ \ OXO / \

\ / \ / \ /
 X   X   X
/ \ / \ / \
------------
Tie
\ / /-\ \ /
 X  | |  X
/ \ \-/ / \

/-\ /-\ \ /
| | | |  X
\-/ \-/ / \

\ / \ / XXO
 X   X  OOX
/ \ / \ XXO
------------
O wins!
/-\ /-\ /-\
| | | | | |
\-/ \-/ \-/

O.X \ / OXO
..O  X  ..X
... / \ .OO

... \ / .X.
.OX  X  O..
... / \ .O.
------------
X wins!
\ / /-\ \ /
 X  | |  X
/ \ \-/ / \

O.. \ / XXO
.X.  X  .O.
..O / \ .X.

\ / \ / /-\
 X   X  | |
/ \ / \ \-/
------------
Tie
XXO /-\ \ /
OOX | |  X
XXO \-/ / \

/-\ \ / /-\
| |  X  | |
\-/ / \ \-/

/-\ /-\ \ /
| | | |  X
\-/ \-/ / \
------------
X wins!
XXO /-\ \ /
OOX | |  X
XXO \-/ / \

\ / \ / \ /
 X   X   X
/ \ / \ / \

.O. O.X \ /
.XO OX.  X
..O .XX / \
------------
Tie
/-\ XXO \ /
| | OOX  X
\-/ XOO / \

\ / \ / /-\
 X   X  | |
/ \ / \ \-/

/-\ \ / /-\
| |  X  | |
\-/ / \ \-/
------------
X wins!
/-\ \ / /-\
| |  X  | |
\-/ / \ \-/

/-\ \ / .OX
| |  X  XX.
\-/ / \ O.O

\ / \ / .XX
 X   X  .O.
/ \ / \ XX.
------------
X wins!
/-\ \ / \ /
| |  X   X
\-/ / \ / \

/-\ \ / /-\
| |  X  | |
\-/ / \ \-/

\ / .XO OOX
 X  OOX XXO
/ \ .XO .OX
------------
X wins!
/-\ \ / /-\
| |  X  | |
\-/ / \ \-/

O.X \ / ..X
..O  X  ...
XO. / \ OOX

\ / \ / /-\
 X   X  | |
/ \ / \ \-/
------------
X wins!
OOX \ / /-\
XOX  X  | |
X.. / \ \-/

..O \ / .X.
.OX  X  OO.
.OO / \ .O.

/-\ \ / .OX
| |  X  ...
\-/ / \ OOX
------------
Tie
/-\ /-\ \ /
| | | |  X
\-/ \-/ / \

\ / /-\ /-\
 X  | | | |
/ \ \-/ \-/

\ / OXO \ /
 X  OXO  X
/ \ XOX / \
------------
X wins!
/-\ \ / .XX
| |  X  .OO
\-/ / \ XXO

\ / \ / \ /
 X   X   X
/ \ / \ / \

/-\ OXX OXX
| | OXO XO.
\-/ .OO ...
------------
X wins!
\ / \ / \ /
 X   X   X
/ \ / \ / \

\ / /-\ /-\
 X  | | | |
/ \ \-/ \-/

O.. X.O XOO
O.O O.O OO.
.XO ... XXO
------------
X wins!
\ / /-\ /-\
 X  | | | |
/ \ \-/ \-/

\ / \ / \ /
 X   X   X
/ \ / \ / \

X.X .OO O..
..O O.. .O.
OX. X.. .X.
------------
O wins!
/-\ /-\ /-\
| | | | | |
\-/ \-/ \-/

\ / \ / X..
 X   X  X.O
/ \ / \ O.X

X.. /-\ XO.
OOX | | .XX
..X \-/ XXO
------------
X wins!
.OO \ / XOO
XOO  X  ...
.X. / \ .OX

/-\ \ / .X.
| |  X  .OX
\-/ / \ OO.

X.. \ / OOX
...  X  X.O
.XO / \ .X.
------------
X wins!
/-\ \ / /-\
| |  X  | |
\-/ / \ \-/

/-\ \ / \ /
| |  X   X
\-/ / \ / \

\ / \ / /-\
 X   X  | |
/ \ / \ \-/
------------
Tie
/-\ OXX /-\
| | XXO | |
\-/ OOX \-/

/-\ \ / XOX
| |  X  OOX
\-/ / \ XXO

\ / \ / /-\
 X   X  | |
/ \ / \ \-/
------------
X wins!
/-\ /-\ \ /
| | | |  X
\-/ \-/ / \

/-\ \ / \ /
| |  X   X
\-/ / \ / \

.XO O.X \ /
X.X XX.  X
OOX .XO / \
------------
X wins!
\ / /-\ /-\
 X  | | | |
/ \ \-/ \-/

\ / \ / /-\
 X   X  | |
/ \ / \ \-/

OXO /-\ \ /
O.X | |  X
.OX \-/ / \
------------
Tie
/-\ XOO \ /
| | OXX  X
\-/ XXO / \

\ / /-\ /-\
 X  | | | |
/ \ \-/ \-/

/-\ \ / \ /
| |  X   X
\-/ / \ / \
------------
O wins!
/-\ /-\ /-\
| | | | | |
\-/ \-/ \-/

..X \ / .X.
.XX  X  OOX
..O / \ XXO

XOX \ / \ /
.X.  X   X
OO. / \ / \
------------
Tie
/-\ \ / /-\
| |  X  | |
\-/ / \ \-/

\ / \ / /-\
 X   X  | |
/ \ / \ \-/

XXO /-\ \ /
OOX | |  X
XXO \-/ / \
------------
Tie
/-\ \ / \ /
| |  X   X
\-/ / \ / \

\ / /-\ \ /
 X  | |  X
/ \ \-/ / \

/-\ XOX OXO
| | OXX XXO
\-/ OXO OOX
------------
X wins!
\ / /-\ \ /
 X  | |  X
/ \ \-/ / \

\ / \ / /-\
 X   X  | |
/ \ / \ \-/

\ / /-\ .OO
 X  | | .XO
/ \ \-/ .XX
------------
O wins!
/-\ \ / OOX
| |  X  XXO
\-/ / \ OXO

/-\ \ / \ /
| |  X   X
\-/ / \ / \

/-\ XOO OO.
| | OOX O.X
\-/ .XO XOX
------------
Tie
/-\ /-\ \ /
| | | |  X
\-/ \-/ / \

\ / \ / /-\
 X   X  | |
/ \ / \ \-/

/-\ \ / /-\
| |  X  | |
\-/ / \ \-/
------------
O wins!
\ / \ / /-\
 X   X  | |
/ \ / \ \-/

OXO /-\ /-\
XXO | | | |
OOX \-/ \-/

OOX OXX /-\
OXO X.X | |
... XXO \-/
------------
X wins!
\ / \ / /-\
 X   X  | |
/ \ / \ \-/

\ / \ / /-\
 X   X  | |
/ \ / \ \-/

/-\ /-\ \ /
| | | |  X
\-/ \-/ / \
------------
X wins!
OXO /-\ \ /
XXO | |  X
XOX \-/ / \

/-\ \ / /-\
| |  X  | |
\-/ / \ \-/

\ / .X. /-\
 X  X.. | |
/ \ O.. \-/
------------
O wins!
/-\ /-\ /-\
| | | | | |
\-/ \-/ \-/

\ / \ / X..
 X   X  .X.
/ \ / \ O..

XOO .O. OX.
O.X X.. XO.
XOO O.. X..
------------
O wins!
\ / \ / /-\
 X   X  | |
/ \ / \ \-/

OO. /-\ \ /
.X. | |  X
OX. \-/ / \

/-\ \ / \ /
| |  X   X
\-/ / \ / \
------------
O wins!
\ / \ / /-\
 X   X  | |
/ \ / \ \-/

\ / \ / XOX
 X   X  OOX
/ \ / \ OXO

/-\ /-\ /-\
| | | | | |
\-/ \-/ \-/
------------
Tie
\ / \ / /-\
 X   X  | |
/ \ / \ \-/

\ / XOO /-\
 X  OXX | |
/ \ XXO \-/

/-\ /-\ \ /
| | | |  X
\-/ \-/ / \
------------
Tie
/-\ \ / \ /
| |  X   X
\-/ / \ / \

\ / \ / /-\
 X   X  | |
/ \ / \ \-/

/-\ /-\ \ /
| | | |  X
\-/ \-/ / \
------------
X wins!
/-\ \ / \ /
| |  X   X
\-/ / \ / \

/-\ /-\ \ /
| | | |  X
\-/ \-/ / \

\ / /-\ \ /
 X  | |  X
/ \ \-/ / \
------------
X wins!
\ / /-\ X.O
 X  | | XOX
/ \ \-/ .OO

OX. .OX /-\
O.X O.X | |
XOO OX. \-/

\ / \ / \ /
 X   X   X
/ \ / \ / \
------------
X wins!
\ / /-\ /-\
 X  | | | |
/ \ \-/ \-/

OXX \ / X.X
XOO  X  XXO
XOX / \ .X.

/-\ /-\ \ /
| | | |  X
\-/ \-/ / \
------------
Tie
\ / \ / /-\
 X   X  | |
/ \ / \ \-/

OOX /-\ \ /
XXO | |  X
OOX \-/ / \

\ / /-\ /-\
 X  | | | |
/ \ \-/ \-/
------------
X wins!
/-\ /-\ \ /
| | | |  X
\-/ \-/ / \

/-\ \ / \ /
| |  X   X
\-/ / \ / \

\ / /-\ /-\
 X  | | | |
/ \ \-/ \-/
------------
O wins!
/-\ OXO .XX
| | .XX XO.
\-/ X.. X.X

/-\ X.O \ /
| | XXO  X
\-/ O.. / \

/-\ ... XOO
| | X.. .XX
\-/ X.X ..O
------------
O wins!
\ / /-\ /-\
 X  | | | |
/ \ \-/ \-/

OXO \ / /-\
X.X  X  | |
OOX / \ \-/

\ / \ / /-\
 X   X  | |
/ \ / \ \-/
------------
Tie
XOO \ / \ /
OOX  X   X
XXO / \ / \

XOX /-\ /-\
OOX | | | |
XXO \-/ \-/

/-\ /-\ \ /
| | | |  X
\-/ \-/ / \
------------
Tie
/-\ \ / XOO
| |  X  OXX
\-/ / \ XOO

\ / /-\ /-\
 X  | | | |
/ \ \-/ \-/

\ / /-\ \ /
 X  | |  X
/ \ \-/ / \
------------
O wins!
\ / /-\ /-\
 X  | | | |
/ \ \-/ \-/

\ / \ / /-\
 X   X  | |
/ \ / \ \-/

/-\ \ / /-\
| |  X  | |
\-/ / \ \-/
------------
X wins!
/-\ \ / \ /
| |  X   X
\-/ / \ / \

/-\ \ / /-\
| |  X  | |
\-/ / \ \-/

\ / X.O \ /
 X  ..X  X
/ \ O.X / \
------------
O wins!
/-\ \ / \ /
| |  X   X
\-/ / \ / \

/-\ \ / /-\
| |  X  | |
\-/ / \ \-/

/-\ .OX /-\
| | XOX | |
\-/ ..O \-/
------------
X wins!
\ / XOX \ /
 X  OOX  X
/ \ OXO / \

/-\ \ / OXO
| |  X  .XX
\-/ / \ OOX

\ / /-\ X.O
 X  | | OXX
/ \ \-/ .OO
------------
X wins!
\ / \ / /-\
 X   X  | |
/ \ / \ \-/

/-\ \ / .XX
| |  X  O..
\-/ / \ OOX

OOX OXX \ /
XX. .XO  X
.XX O.. / \
------------
X wins!
/-\ \ / .XX
| |  X  OX.
\-/ / \ ..O

.OO \ / \ /
X.X  X   X
OO. / \ / \

XO. \ / XX.
XOO  X  .O.
..X / \ XXO
------------
X wins!
\ / /-\ /-\
 X  | | | |
/ \ \-/ \-/

\ / \ / .X.
 X   X  OX.
/ \ / \ .OX

\ / /-\ /-\
 X  | | | |
/ \ \-/ \-/
------------
X wins!
\ / /-\ /-\
 X  | | | |
/ \ \-/ \-/

\ / \ / \ /
 X   X   X
/ \ / \ / \

/-\ OO. OX.
| | ..O OXO
\-/ XOX .OX
------------
X wins!
\ / /-\ \ /
 X  | |  X
/ \ \-/ / \

/-\ \ / XX.
| |  X  OXO
\-/ / \ .O.

\ / /-\ O..
 X  | | XOO
/ \ \-/ .XX
------------
X wins!
/-\ \ / \ /
| |  X   X
\-/ / \ / \

O.O /-\ \ /
XXO | |  X
OOX \-/ / \

.OO /-\ \ /
XOX | |  X
.X. \-/ / \
------------
X wins!
/-\ /-\ \ /
| | | |  X
\-/ \-/ / \

\ / \ / /-\
 X   X  | |
/ \ / \ \-/

\ / X.X \ /
 X  X..  X
/ \ O.. / \
------------
X wins!
\ / \ / /-\
 X   X  | |
/ \ / \ \-/

\ / \ / /-\
 X   X  | |
/ \ / \ \-/

/-\ /-\ \ /
| | | |  X
\-/ \-/ / \
------------
Tie
\ / \ / /-\
 X   X  | |
/ \ / \ \-/

/-\ /-\ \ /
| | | |  X
\-/ \-/ / \

\ / /-\ \ /
 X  | |  X
/ \ \-/ / \
------------
X wins!
\ / \ / \ /
 X   X   X
/ \ / \ / \

\ / /-\ X.O
 X  | | OOX
/ \ \-/ XOO

/-\ \ / \ /
| |  X   X
\-/ / \ / \
------------
Tie
/-\ \ / /-\
| |  X  | |
\-/ / \ \-/

/-\ \ / /-\
| |  X  | |
\-/ / \ \-/

\ / /-\ \ /
 X  | |  X
/ \ \-/ / \
------------
Tie
/-\ /-\ \ /
| | | |  X
\-/ \-/ / \

\ / XOX /-\
 X  XOO | |
/ \ OXX \-/

/-\ \ / XXO
| |  X  OOX
\-/ / \ XOX
------------
X wins!
/-\ \ / /-\
| |  X  | |
\-/ / \ \-/

\ / \ / \ /
 X   X   X
/ \ / \ / \

\ / /-\ /-\
 X  | | | |
/ \ \-/ \-/
------------
X wins!
\ / /-\ \ /
 X  | |  X
/ \ \-/ / \

/-\ \ / \ /
| |  X   X
\-/ / \ / \

\ / /-\ .XO
 X  | | OO.
/ \ \-/ ...
------------
Tie
/-\ \ / /-\
| |  X  | |
\-/ / \ \-/

\ / \ / /-\
 X   X  | |
/ \ / \ \-/

/-\ /-\ \ /
| | | |  X
\-/ \-/ / \
------------
X wins!
\ / /-\ \ /
 X  | |  X
/ \ \-/ / \

/-\ \ / /-\
| |  X  | |
\-/ / \ \-/

\ / XO. .X.
 X  ..X .O.
/ \ O.. .X.
------------
Tie
\ / /-\ \ /
 X  | |  X
/ \ \-/ / \

/-\ \ / /-\
| |  X  | |
\-/ / \ \-/

/-\ \ / /-\
| |  X  | |
\-/ / \ \-/
------------
O wins!
\ / \ / /-\
 X   X  | |
/ \ / \ \-/

/-\ /-\ OXX
| | | | O..
\-/ \-/ XX.

/-\ /-\ X.O
| | | | ...
\-/ \-/ X..
------------
X wins!
/-\ /-\ \ /
| | | |  X
\-/ \-/ / \

\ / \ / \ /
 X   X   X
/ \ / \ / \

XOO XO. XOX
O.. O.X XO.
O.O XOO .X.
------------
Tie
\ / /-\ /-\
 X  | | | |
/ \ \-/ \-/

/-\ /-\ \ /
| | | |  X
\-/ \-/ / \

\ / \ / OXX
 X   X  XXO
/ \ / \ OOX
------------
X wins!
\ / /-\ XXO
 X  | | XOX
/ \ \-/ ..O

\ / \ / /-\
 X   X  | |
/ \ / \ \-/

X.O /-\ \ /
X.X | |  X
... \-/ / \
------------
X wins!
\ / /-\ \ /
 X  | |  X
/ \ \-/ / \

\ / \ / OXX
 X   X  X.O
/ \ / \ XXO

OXX /-\ \ /
XO. | |  X
OXX \-/ / \
------------
O wins!
\ / /-\ /-\
 X  | | | |
/ \ \-/ \-/

/-\ /-\ \ /
| | | |  X
\-/ \-/ / \

\ / /-\ OX.
 X  | | .XX
/ \ \-/ .OO
------------
O wins!
/-\ \ / \ /
| |  X   X
\-/ / \ / \

/-\ \ / \ /
| |  X   X
\-/ / \ / \

/-\ XXO .X.
| | ..O .OX
\-/ OX. ...
------------
X wins!
\ / \ / /-\
 X   X  | |
/ \ / \ \-/

..X \ / O.X
...  X  O..
XOX / \ X..

/-\ \ / /-\
| |  X  | |
\-/ / \ \-/
------------
O wins!
/-\ /-\ /-\
| | | | | |
\-/ \-/ \-/

/-\ XX. XX.
| | XOO XX.
\-/ OXX ..O

..X O.. \ /
X.O .XX  X
... .OX / \
------------
X wins!
\ / \ / \ /
 X   X   X
/ \ / \ / \

.XO OXX .XO
... XO. .X.
XO. O.. ..X

/-\ ... XO.
| | OOX X..
\-/ OX. O..
------------
X wins!
/-\ /-\ ..X
| | | | OO.
\-/ \-/ OXO

..X \ / ...
.XX  X  OO.
OX. / \ .O.

\ / \ / \ /
 X   X   X
/ \ / \ / \
------------
Tie
/-\ \ / \ /
| |  X   X
\-/ / \ / \

XXO \ / /-\
OOX  X  | |
XOO / \ \-/

/-\ XOX /-\
| | XOX | |
\-/ OXO \-/
------------
X wins!
/-\ \ / \ /
| |  X   X
\-/ / \ / \

/-\ \ / OX.
| |  X  XOO
\-/ / \ OX.

\ / /-\ \ /
 X  | |  X
/ \ \-/ / \
------------
O wins!
/-\ OXO /-\
| | OOX | |
\-/ XOX \-/

\ / \ / /-\
 X   X  | |
/ \ / \ \-/

\ / XOO /-\
 X  OOX | |
/ \ XXO \-/
------------
Tie
OXO /-\ \ /
XOX | |  X
XOX \-/ / \

/-\ \ / OXX
| |  X  XOO
\-/ / \ OXX

XOX /-\ \ /
XOX | |  X
OXO \-/ / \
------------
X wins!
/-\ \ / /-\
| |  X  | |
\-/ / \ \-/

/-\ /-\ \ /
| | | |  X
\-/ \-/ / \

\ / \ / \ /
 X   X   X
/ \ / \ / \
------------
O wins!
\ / /-\ \ /
 X  | |  X
/ \ \-/ / \

/-\ /-\ \ /
| | | |  X
\-/ \-/ / \

XOO /-\ .XX
OOX | | XOX
XXO \-/ O..
------------
Tie
\ / /-\ \ /
 X  | |  X
/ \ \-/ / \

/-\ /-\ \ /
| | | |  X
\-/ \-/ / \

\ / \ / /-\
 X   X  | |
/ \ / \ \-/
------------
O wins!
/-\ /-\ /-\
| | | | | |
\-/ \-/ \-/

.OX X.. \ /
..O ..O  X
XX. ..X / \

.XX O.X XXO
X.O O.. X..
O.O ... .O.
------------
X wins!
/-\ \ / /-\
| |  X  | |
\-/ / \ \-/

\ / \ / /-\
 X   X  | |
/ \ / \ \-/

\ / \ / \ /
 X   X   X
/ \ / \ / \
------------
O wins!
/-\ \ / /-\
| |  X  | |
\-/ / \ \-/

/-\ \ / /-\
| |  X  | |
\-/ / \ \-/

\ / /-\ /-\
 X  | | | |
/ \ \-/ \-/
------------
X wins!
\ / \ / \ /
 X   X   X
/ \ / \ / \

.X. \ / OO.
.X.  X  .O.
X.. / \ O..

XO. .O. OO.
O.X .O. ...
XX. ... O..
------------
Tie
/-\ /-\ \ /
| | | |  X
\-/ \-/ / \

\ / \ / OOX
 X   X  XOO
/ \ / \ OXX

OXO OOX /-\
OXX XXO | |
XOX OXO \-/
------------
Tie
/-\ /-\ \ /
| | | |  X
\-/ \-/ / \

OXO \ / /-\
XXO  X  | |
OOX / \ \-/

/-\ \ / OXO
| |  X  XOX
\-/ / \ XOX
------------
X wins!
/-\ /-\ OX.
| | | | O.X
\-/ \-/ ..O

\ / \ / \ /
 X   X   X
/ \ / \ / \

... \ / XXO
.OO  X  ..X
.OO / \ XXO
------------
X wins!
\ / \ / /-\
 X   X  | |
/ \ / \ \-/

/-\ \ / \ /
| |  X   X
\-/ / \ / \

\ / /-\ \ /
 X  | |  X
/ \ \-/ / \
------------
X wins!
/-\ \ / /-\
| |  X  | |
\-/ / \ \-/

/-\ \ / \ /
| |  X   X
\-/ / \ / \

\ / \ / \ /
 X   X   X
/ \ / \ / \
------------
X wins!
\ / OO. /-\
 X  .XX | |
/ \ XX. \-/

O.X \ / \ /
X.O  X   X
O.O / \ / \

.OX ... \ /
X.O OO.  X
..X O.. / \
------------
X wins!
\ / XOX XOX
 X  XOX OO.
/ \ OXO OXO

/-\ \ / O..
| |  X  .X.
\-/ / \ OXO

\ / /-\ \ /
 X  | |  X
/ \ \-/ / \
------------
O wins!
/-\ /-\ /-\
| | | | | |
\-/ \-/ \-/

O.X .XX \ /
..X X..  X
... OOX / \

\ / XXO XX.
 X  .OX O.O
/ \ ... O.O
------------
O wins!
\ / \ / /-\
 X   X  | |
/ \ / \ \-/

/-\ /-\ \ /
| | | |  X
\-/ \-/ / \

/-\ /-\ \ /
| | | |  X
\-/ \-/ / \
------------
O wins!
/-\ /-\ /-\
| | | | | |
\-/ \-/ \-/

/-\ \ / .X.
| |  X  OX.
\-/ / \ OO.

O.. \ / XXO
X..  X  XOX
XOO / \ .OO
------------
X wins!
\ / /-\ \ /
 X  | |  X
/ \ \-/ / \

/-\ \ / /-\
| |  X  | |
\-/ / \ \-/

\ / X.O .X.
 X  OO. O..
/ \ XO. .X.
------------
O wins!
\ / \ / /-\
 X   X  | |
/ \ / \ \-/

/-\ /-\ /-\
| | | | | |
\-/ \-/ \-/

OO. \ / /-\
XX.  X  | |
XOX / \ \-/
------------
Tie
OXX /-\ \ /
XOO | |  X
OOX \-/ / \

\ / /-\ /-\
 X  | | | |
/ \ \-/ \-/

\ / \ / /-\
 X   X  | |
/ \ / \ \-/
------------
X wins!
/-\ \ / /-\
| |  X  | |
\-/ / \ \-/

\ / \ / \ /
 X   X   X
/ \ / \ / \

O.O \ / /-\
XO.  X  | |
XX. / \ \-/
------------
X wins!
\ / \ / ..O
 X   X  OX.
/ \ / \ O..

/-\ \ / OOX
| |  X  O.X
\-/ / \ .X.

O.X /-\ \ /
..O | |  X
.OO \-/ / \
------------
X wins!
OXX /-\ /-\
XOO | | | |
OXX \-/ \-/

\ / \ / \ /
 X   X   X
/ \ / \ / \

\ / /-\ .XO
 X  | | .O.
/ \ \-/ X..
------------
Tie
\ / /-\ OXO
 X  | | XXO
/ \ \-/ OOX

/-\ OOX \ /
| | XXO  X
\-/ OXX / \

/-\ \ / /-\
| |  X  | |
\-/ / \ \-/
------------
Tie
/-\ /-\ \ /
| | | |  X
\-/ \-/ / \

\ / \ / /-\
 X   X  | |
/ \ / \ \-/

/-\ \ / \ /
| |  X   X
\-/ / \ / \
------------
X wins!
\ / \ / /-\
 X   X  | |
/ \ / \ \-/

\ / \ / /-\
 X   X  | |
/ \ / \ \-/

.OO \ / O.X
OOX  X  X.X
.X. / \ XOO
------------
X wins!
\ / \ / \ /
 X   X   X
/ \ / \ / \

XX. \ / O..
.O.  X  OO.
..O / \ ...

O.. ... /-\
X.. .OX | |
... ..O \-/
------------
X wins!
/-\ \ / .XO
| |  X  X..
\-/ / \ O.X

/-\ \ / \ /
| |  X   X
\-/ / \ / \

OXX \ / /-\
XX.  X  | |
OO. / \ \-/
------------
X wins!
/-\ \ / /-\
| |  X  | |
\-/ / \ \-/

/-\ \ / \ /
| |  X   X
\-/ / \ / \

\ / \ / \ /
 X   X   X
/ \ / \ / \
------------
X wins!
/-\ \ / \ /
| |  X   X
\-/ / \ / \

\ / /-\ \ /
 X  | |  X
/ \ \-/ / \

/-\ /-\ \ /
| | | |  X
\-/ \-/ / \
------------
O wins!
/-\ XOX /-\
| | OOX | |
\-/ XXO \-/

\ / \ / /-\
 X   X  | |
/ \ / \ \-/

\ / \ / /-\
 X   X  | |
/ \ / \ \-/
------------
X wins!
/-\ \ / \ /
| |  X   X
\-/ / \ / \

/-\ \ / \ /
| |  X   X
\-/ / \ / \

O.. /-\ \ /
.X. | |  X
..O \-/ / \
------------
X wins!
\ / /-\ \ /
 X  | |  X
/ \ \-/ / \

/-\ \ / /-\
| |  X  | |
\-/ / \ \-/

\ / O.. /-\
 X  O.X | |
/ \ XOX \-/
------------
X wins!
\ / /-\ OOX
 X  | | O.X
/ \ \-/ XXO

/-\ \ / XX.
| |  X  O..
\-/ / \ ...

O.X O.O \ /
.XO XX.  X
.OO XO. / \
------------
O wins!
/-\ /-\ /-\
| | | | | |
\-/ \-/ \-/

\ / \ / OX.
 X   X  OX.
/ \ / \ ..X

.XX .O. /-\
X.. O.O | |
O.X XX. \-/
------------
X wins!
\ / /-\ \ /
 X  | |  X
/ \ \-/ / \

XOX \ / \ /
XOO  X   X
OXO / \ / \

\ / XX. /-\
 X  XOX | |
/ \ ..O \-/
------------
X wins!
\ / /-\ /-\
 X  | | | |
/ \ \-/ \-/

\ / \ / \ /
 X   X   X
/ \ / \ / \

X.X .X. /-\
OXX .XX | |
O.O O.X \-/
------------
X wins!
/-\ X.. \ /
| | OXO  X
\-/ OXO / \

.XO XOX \ /
OOX O.O  X
XOO XXO / \

..O X.X \ /
.XX X.O  X
O.O .OO / \
------------
Tie
\ / XXO \ /
 X  OXX  X
/ \ XOO / \

/-\ \ / OXX
| |  X  XOO
\-/ / \ XOX

/-\ \ / /-\
| |  X  | |
\-/ / \ \-/
------------
X wins!
\ / /-\ \ /
 X  | |  X
/ \ \-/ / \

/-\ \ / \ /
| |  X   X
\-/ / \ / \

/-\ /-\ \ /
| | | |  X
\-/ \-/ / \
------------
Tie
/-\ /-\ \ /
| | | |  X
\-/ \-/ / \

\ / \ / /-\
 X   X  | |
/ \ / \ \-/

/-\ /-\ \ /
| | | |  X
\-/ \-/ / \
------------
O wins!
/-\ \ / /-\
| |  X  | |
\-/ / \ \-/

X.X \ / /-\
OXX  X  | |
OO. / \ \-/

\ / O.X /-\
 X  .XO | |
/ \ .XX \-/
------------
X wins!
\ / /-\ \ /
 X  | |  X
/ \ \-/ / \

/-\ \ / /-\
| |  X  | |
\-/ / \ \-/

\ / \ / .XX
 X   X  OO.
/ \ / \ ...
------------
O wins!
\ / \ / /-\
 X   X  | |
/ \ / \ \-/

... .XX /-\
.X. ..X | |
OO. .OO \-/

\ / OXX /-\
 X  X.. | |
/ \ OXX \-/
------------
O wins!
/-\ \ / /-\
| |  X  | |
\-/ / \ \-/

\ / /-\ OOX
 X  | | XO.
/ \ \-/ X..

/-\ .OX \ /
| | XO.  X
\-/ ... / \
------------
O wins!
/-\ /-\ /-\
| | | | | |
\-/ \-/ \-/

\ / XOX /-\
 X  O.. | |
/ \ OO. \-/

XXO XOX \ /
OXO X.X  X
O.. ... / \
------------
X wins!
\ / \ / \ /
 X   X   X
/ \ / \ / \

.XO /-\ /-\
.X. | | | |
XOO \-/ \-/

/-\ \ / XOO
| |  X  OXX
\-/ / \ .OO
------------
X wins!
/-\ O.. \ /
| | .XO  X
\-/ OXX / \

XOO /-\ \ /
OXX | |  X
XX. \-/ / \

/-\ /-\ \ /
| | | |  X
\-/ \-/ / \
------------
Tie
\ / /-\ /-\
 X  | | | |
/ \ \-/ \-/

\ / XXO \ /
 X  OOX  X
/ \ XOO / \

/-\ /-\ \ /
| | | |  X
\-/ \-/ / \
------------
O wins!
/-\ O.X /-\
| | ..O | |
\-/ XX. \-/

/-\ \ / O..
| |  X  X.X
\-/ / \ OOX

/-\ \ / O.X
| |  X  X..
\-/ / \ OOX
------------
O wins!
\ / \ / /-\
 X   X  | |
/ \ / \ \-/

/-\ \ / /-\
| |  X  | |
\-/ / \ \-/

OOX X.X /-\
XO. .OO | |
.XX OXO \-/
------------
X wins!
\ / /-\ /-\
 X  | | | |
/ \ \-/ \-/

..X \ / /-\
XOO  X  | |
XOO / \ \-/

.OO OXO \ /
..X O.X  X
.XO .OX / \
------------
X wins!
\ / \ / /-\
 X   X  | |
/ \ / \ \-/

... \ / /-\
OXX  X  | |
.XO / \ \-/

/-\ OXO \ /
| | .X.  X
\-/ XOO / \
------------
X wins!
/-\ /-\ \ /
| | | |  X
\-/ \-/ / \

\ / \ / \ /
 X   X   X
/ \ / \ / \

/-\ O.. XOX
| | O.O XOO
\-/ X.O .X.
------------
Tie
/-\ /-\ \ /
| | | |  X
\-/ \-/ / \

\ / OXX /-\
 X  XOO | |
/ \ OOX \-/

/-\ OXO \ /
| | XOX  X
\-/ XOX / \
------------
O wins!
/-\ \ / \ /
| |  X   X
\-/ / \ / \

/-\ .XO XO.
| | X.. .OX
\-/ ..X O.O

/-\ X.. XOX
| | ... ..O
\-/ X.. O..
------------
O wins!
OXO OXX /-\
OOX XOO | |
XOX OOX \-/

XXO \ / /-\
O.X  X  | |
XXO / \ \-/

/-\ \ / /-\
| |  X  | |
\-/ / \ \-/
------------
X wins!
\ / /-\ \ /
 X  | |  X
/ \ \-/ / \

/-\ \ / /-\
| |  X  | |
\-/ / \ \-/

\ / \ / OX.
 X   X  X..
/ \ / \ .XX
------------
O wins!
/-\ /-\ \ /
| | | |  X
\-/ \-/ / \

/-\ .X. X.O
| | XOX OOX
\-/ XOX .OO

/-\ XXO .XO
| | ... ..X
\-/ X.O XX.
------------
O wins!
/-\ /-\ \ /
| | | |  X
\-/ \-/ / \

/-\ XOO XOX
| | OX. X.X
\-/ XO. OXO

/-\ \ / XOO
| |  X  ..X
\-/ / \ XOO
------------
X wins!
\ / /-\ /-\
 X  | | | |
/ \ \-/ \-/

/-\ \ / O..
| |  X  O..
\-/ / \ XXO

.X. \ / \ /
XOX  X   X
OXO / \ / \
------------
O wins!
\ / \ / /-\
 X   X  | |
/ \ / \ \-/

/-\ /-\ /-\
| | | | | |
\-/ \-/ \-/

XO. \ / X..
.XO  X  .O.
.OO / \ OO.
------------
X wins!
/-\ /-\ \ /
| | | |  X
\-/ \-/ / \

/-\ \ / OXX
| |  X  X..
\-/ / \ ..O

\ / X.O X..
 X  .O. ...
/ \ .O. XX.
------------
O wins!
\ / \ / /-\
 X   X  | |
/ \ / \ \-/

XOO /-\ \ /
OXX | |  X
XOO \-/ / \

/-\ \ / /-\
| |  X  | |
\-/ / \ \-/
------------
O wins!
\ / \ / /-\
 X   X  | |
/ \ / \ \-/

\ / /-\ .OX
 X  | | O.X
/ \ \-/ ..O

/-\ \ / \ /
| |  X   X
\-/ / \ / \
------------
X wins!
/-\ \ / /-\
| |  X  | |
\-/ / \ \-/

..X \ / XX.
XXO  X  ...
..O / \ .OX

.XO \ / /-\
...  X  | |
.O. / \ \-/
------------
Tie
/-\ \ / /-\
| |  X  | |
\-/ / \ \-/

\ / \ / /-\
 X   X  | |
/ \ / \ \-/

/-\ /-\ \ /
| | | |  X
\-/ \-/ / \
------------
X wins!
/-\ \ / /-\
| |  X  | |
\-/ / \ \-/

\ / \ / \ /
 X   X   X
/ \ / \ / \

XX. /-\ /-\
O.. | | | |
.XX \-/ \-/
------------
O wins!
\ / \ / /-\
 X   X  | |
/ \ / \ \-/

XOX /-\ OXO
OXO | | XX.
OXO \-/ X.X

/-\ /-\ \ /
| | | |  X
\-/ \-/ / \
------------
X wins!
..X ..X .O.
O.O ..O O.O
.XO ..X ..O

\ / \ / \ /
 X   X   X
/ \ / \ / \

... /-\ OX.
.OX | | XO.
OX. \-/ OXX
------------
X wins!
/-\ ... \ /
| | XX.  X
\-/ X.. / \

O.O /-\ \ /
O.O | |  X
XOX \-/ / \

XOO \ / \ /
...  X   X
..O / \ / \
------------
O wins!
\ / \ / /-\
 X   X  | |
/ \ / \ \-/

/-\ /-\ \ /
| | | |  X
\-/ \-/ / \

/-\ \ / \ /
| |  X   X
\-/ / \ / \
------------
X wins!
\ / .OX .X.
 X  OO. .OO
/ \ OXO .XO

\ / \ / X.O
 X   X  O.X
/ \ / \ ..O

/-\ /-\ \ /
| | | |  X
\-/ \-/ / \
------------
X wins!
XOX \ / /-\
XOO  X  | |
OXX / \ \-/

/-\ \ / \ /
| |  X   X
\-/ / \ / \

/-\ \ / OOX
| |  X  ..O
\-/ / \ OO.
------------
O wins!
\ / \ / /-\
 X   X  | |
/ \ / \ \-/

\ / \ / /-\
 X   X  | |
/ \ / \ \-/

/-\ /-\ /-\
| | | | | |
\-/ \-/ \-/
------------
Tie
\ / OXO \ /
 X  XXO  X
/ \ OOX / \

/-\ /-\ \ /
| | | |  X
\-/ \-/ / \

\ / \ / /-\
 X   X  | |
/ \ / \ \-/
------------
O wins!
/-\ /-\ /-\
| | | | | |
\-/ \-/ \-/

/-\ \ / X..
| |  X  XX.
\-/ / \ OX.

X.O X.O \ /
X.. O.X  X
..X O.O / \
------------
X wins!
\ / \ / \ /
 X   X   X
/ \ / \ / \

/-\ /-\ X..
| | | | X..
\-/ \-/ OOX

.O. O.X O.O
OX. .X. .XO
XX. ..O ...
------------
X wins!
\ / \ / \ /
 X   X   X
/ \ / \ / \

XX. O.. XOO
XOX .XX O.X
OXX OXX O..

\ / .XX /-\
 X  O.O | |
/ \ .OX \-/
------------
X wins!
\ / /-\ /-\
 X  | | | |
/ \ \-/ \-/

\ / /-\ \ /
 X  | |  X
/ \ \-/ / \

\ / .XX \ /
 X  OOX  X
/ \ O.O / \
------------
Tie
OXO /-\ \ /
OXX | |  X
XOX \-/ / \

\ / \ / /-\
 X   X  | |
/ \ / \ \-/

/-\ \ / /-\
| |  X  | |
\-/ / \ \-/
------------
O wins!
/-\ \ / /-\
| |  X  | |
\-/ / \ \-/

/-\ /-\ /-\
| | | | | |
\-/ \-/ \-/

\ / /-\ XOO
 X  | | X.X
/ \ \-/ .OX
------------
X wins!
\ / /-\ \ /
 X  | |  X
/ \ \-/ / \

\ / \ / \ /
 X   X   X
/ \ / \ / \

.XO /-\ .XO
OX. | | OXO
.O. \-/ .O.
------------
Tie
XXO OXX \ /
OOX XOO  X
XOX OXX / \

\ / \ / /-\
 X   X  | |
/ \ / \ \-/

/-\ \ / /-\
| |  X  | |
\-/ / \ \-/
------------
X wins!
\ / /-\ OO.
 X  | | OOX
/ \ \-/ ..X

\ / \ / XOX
 X   X  OXO
/ \ / \ .OO

\ / /-\ ..O
 X  | | O.X
/ \ \-/ OXX
------------
Tie
/-\ /-\ \ /
| | | |  X
\-/ \-/ / \

\ / \ / /-\
 X   X  | |
/ \ / \ \-/

/-\ /-\ \ /
| | | |  X
\-/ \-/ / \
------------
X wins!
OOX \ / \ /
XXO  X   X
OXX / \ / \

OOX /-\ \ /
XXO | |  X
OXO \-/ / \

/-\ OXX \ /
| | O.X  X
\-/ XOO / \
------------
O wins!
\ / /-\ \ /
 X  | |  X
/ \ \-/ / \

\ / /-\ .O.
 X  | | OX.
/ \ \-/ .X.

O.. /-\ ..O
..X | | OO.
XX. \-/ ...
------------
O wins!
/-\ /-\ /-\
| | | | | |
\-/ \-/ \-/

OOX \ / X.X
..X  X  .O.
... / \ O..

.XX .X. .X.
.X. ... .X.
.O. ... ...
------------
X wins!
/-\ \ / \ /
| |  X   X
\-/ / \ / \

\ / \ / \ /
 X   X   X
/ \ / \ / \

.OO ..O /-\
X.. O.. | |
OO. .XX \-/
------------
O wins!
/-\ ..X \ /
| | XOO  X
\-/ .OX / \

/-\ .XO X.O
| | .XX O..
\-/ ..O X..

/-\ ... XXO
| | XX. .OX
\-/ ..X X.O
------------
O wins!
/-\ OOX \ /
| | XXO  X
\-/ OXO / \

/-\ /-\ /-\
| | | | | |
\-/ \-/ \-/

\ / XX. \ /
 X  OXX  X
/ \ .O. / \
------------
X wins!
\ / XO. .O.
 X  O.. .O.
/ \ XXO OXX

\ / ..X .OX
 X  XOX O.O
/ \ X.. XO.

\ / /-\ ...
 X  | | OXX
/ \ \-/ .OO
------------
Tie
\ / /-\ \ /
 X  | |  X
/ \ \-/ / \

/-\ /-\ \ /
| | | |  X
\-/ \-/ / \

/-\ \ / /-\
| |  X  | |
\-/ / \ \-/
------------
Tie
\ / \ / /-\
 X   X  | |
/ \ / \ \-/

/-\ OOX /-\
| | XXO | |
\-/ OOX \-/

/-\ /-\ \ /
| | | |  X
\-/ \-/ / \
------------
X wins!
\ / ..X OO.
 X  XOO ...
/ \ O.O O..

/-\ \ / ...
| |  X  ...
\-/ / \ X..

/-\ ... \ /
| | .O.  X
\-/ ..X / \
------------
O wins!
/-\ /-\ /-\
| | | | | |
\-/ \-/ \-/

\ / \ / /-\
 X   X  | |
/ \ / \ \-/

\ / OXX /-\
 X  OO. | |
/ \ .OX \-/
------------
X wins!
\ / \ / /-\
 X   X  | |
/ \ / \ \-/

XX. \ / O.O
OXO  X  XO.
OO. / \ .X.

\ / \ / O.X
 X   X  ...
/ \ / \ ...
------------
X wins!
/-\ \ / \ /
| |  X   X
\-/ / \ / \

\ / \ / /-\
 X   X  | |
/ \ / \ \-/

\ / \ / /-\
 X   X  | |
/ \ / \ \-/
------------
X wins!
\ / /-\ \ /
 X  | |  X
/ \ \-/ / \

\ / XXO /-\
 X  OOX | |
/ \ XOX \-/

\ / \ / /-\
 X   X  | |
/ \ / \ \-/
------------
Tie
\ / \ / /-\
 X   X  | |
/ \ / \ \-/

\ / \ / /-\
 X   X  | |
/ \ / \ \-/

/-\ /-\ XOX
| | | | OXX
\-/ \-/ OXO
------------
X wins!
\ / /-\ OXO
 X  | | XXO
/ \ \-/ XOX

\ / OXX /-\
 X  XOO | |
/ \ OXX \-/

\ / /-\ /-\
 X  | | | |
/ \ \-/ \-/
------------
O wins!
OXO \ / \ /
XXO  X   X
OOX / \ / \

/-\ /-\ /-\
| | | | | |
\-/ \-/ \-/

\ / \ / /-\
 X   X  | |
/ \ / \ \-/
------------
X wins!
\ / \ / /-\
 X   X  | |
/ \ / \ \-/

\ / /-\ \ /
 X  | |  X
/ \ \-/ / \

\ / \ / XO.
 X   X  OX.
/ \ / \ .O.
------------
X wins!
/-\ \ / X.O
| |  X  OOX
\-/ / \ XO.

\ / \ / XOX
 X   X  O..
/ \ / \ OO.

/-\ \ / .XO
| |  X  OOX
\-/ / \ ...
------------
O wins!
/-\ XXO /-\
| | OOX | |
\-/ XOO \-/

\ / \ / /-\
 X   X  | |
/ \ / \ \-/

\ / \ / /-\
 X   X  | |
/ \ / \ \-/
------------
X wins!
XOX \ / \ /
OOX  X   X
OXO / \ / \

.OO /-\ \ /
O.. | |  X
XXO \-/ / \

O.O OX. \ /
XOO .XO  X
X.. ..O / \
------------
X: 45.90%
O: 32.40%
Tie: 21.70%
